CUSTOMER CODE;MATERIAL;DIN;DESCRIPTION;SIZES;KING CODE;OUR CODE
1139;A2;DIN 84;A2 DIN 84  Slotted cheese head screws;8X18;200848X18;
1139;A2;DIN 84;A2 DIN 84  Slotted cheese head screws;8X55;200848X55;
1139;A2;DIN 84;A2 DIN 84  Slotted cheese head screws;8X65;200848X65;
1139;A2;DIN 84;A2 DIN 84  Slotted cheese head screws;10X55;2008410X55;
1139;A1;DIN 127 TYPE B;1.4310 DIN 127 TYPE B  Spring lock washers type B;2;20127B2;
1139;A1;DIN 127 TYPE B;1.4310 DIN 127 TYPE B  Spring lock washers type B;2,5;20127B2,5;
1139;A1;DIN 127 TYPE B;1.4310 DIN 127 TYPE B  Spring lock washers type B;3;20127B3;
1139;A1;DIN 127 TYPE B;1.4310 DIN 127 TYPE B  Spring lock washers type B;3,5;20127B3,5;
1139;A1;DIN 127 TYPE B;1.4310 DIN 127 TYPE B  Spring lock washers type B;4;20127B4;
1139;A1;DIN 127 TYPE B;1.4310 DIN 127 TYPE B  Spring lock washers type B;5;20127B5;
1139;A1;DIN 127 TYPE B;1.4310 DIN 127 TYPE B  Spring lock washers type B;6;20127B6;
1139;A1;DIN 127 TYPE B;1.4310 DIN 127 TYPE B  Spring lock washers type B;7;20127B7;
1139;A1;DIN 127 TYPE B;1.4310 DIN 127 TYPE B  Spring lock washers type B;8;20127B8;
1139;A1;DIN 127 TYPE B;1.4310 DIN 127 TYPE B  Spring lock washers type B;10;20127B10;
1139;A1;DIN 127 TYPE B;1.4310 DIN 127 TYPE B  Spring lock washers type B;12;20127B12;
1139;A1;DIN 127 TYPE B;1.4310 DIN 127 TYPE B  Spring lock washers type B;14;20127B14;
1139;A1;DIN 127 TYPE B;1.4310 DIN 127 TYPE B  Spring lock washers type B;16;20127B16;
1139;A1;DIN 127 TYPE B;1.4310 DIN 127 TYPE B  Spring lock washers type B;18;20127B18;
1139;A1;DIN 127 TYPE B;1.4310 DIN 127 TYPE B  Spring lock washers type B;20;20127B20;
1139;A1;DIN 127 TYPE B;1.4310 DIN 127 TYPE B  Spring lock washers type B;22;20127B22;
1139;A1;DIN 127 TYPE B;1.4310 DIN 127 TYPE B  Spring lock washers type B;24;20127B24;
1139;A1;DIN 127 TYPE B;1.4310 DIN 127 TYPE B  Spring lock washers type B;27;20127B27;
1139;A1;DIN 127 TYPE B;1.4310 DIN 127 TYPE B  Spring lock washers type B;30;20127B30;
1139;A1;DIN 127 TYPE B;1.4310 DIN 127 TYPE B  Spring lock washers type B;33;20127B33;
1139;A1;DIN 127 TYPE B;1.4310 DIN 127 TYPE B  Spring lock washers type B;36;20127B36;
1139;A1;DIN 127 TYPE B;1.4310 DIN 127 TYPE B  Spring lock washers type B;39;20127B39;
1139;A1;DIN 127 TYPE B;1.4310 DIN 127 TYPE B  Spring lock washers type B;42;20127B42;
1139;A1;DIN 128 TYPE B;1.4310 DIN 128 TYPE B  Spring lock washers type B waved;3;20128B3;
1139;A1;DIN 128 TYPE B;1.4310 DIN 128 TYPE B  Spring lock washers type B waved;4;20128B4;
1139;A1;DIN 128 TYPE B;1.4310 DIN 128 TYPE B  Spring lock washers type B waved;5;20128B5;
1139;A1;DIN 128 TYPE B;1.4310 DIN 128 TYPE B  Spring lock washers type B waved;6;20128B6;
1139;A1;DIN 128 TYPE B;1.4310 DIN 128 TYPE B  Spring lock washers type B waved;8;20128B8;
1139;A1;DIN 128 TYPE B;1.4310 DIN 128 TYPE B  Spring lock washers type B waved;10;20128B10;
1139;A1;DIN 128 TYPE B;1.4310 DIN 128 TYPE B  Spring lock washers type B waved;12;20128B12;
1139;A1;DIN 128 TYPE B;1.4310 DIN 128 TYPE B  Spring lock washers type B waved;16;20128B16;
1139;A1;DIN 128 TYPE B;1.4310 DIN 128 TYPE B  Spring lock washers type B waved;20;20128B20;
1139;A1;DIN 137A;1.4310 DIN 137A  Spring washers type A curved  curved type A;1,7;20137A1,7;
1139;A1;DIN 137A;1.4310 DIN 137A  Spring washers type A curved  curved type A;2;20137A2;
1139;A1;DIN 137A;1.4310 DIN 137A  Spring washers type A curved  curved type A;2,5;20137A2,5;
1139;A1;DIN 137A;1.4310 DIN 137A  Spring washers type A curved  curved type A;3;20137A3;
1139;A1;DIN 137A;1.4310 DIN 137A  Spring washers type A curved  curved type A;4;20137A4;
1139;A1;DIN 137A;1.4310 DIN 137A  Spring washers type A curved  curved type A;5;20137A5;
1139;A1;DIN 137A;1.4310 DIN 137A  Spring washers type A curved  curved type A;6;20137A6;
1139;A1;DIN 137A;1.4310 DIN 137A  Spring washers type A curved  curved type A;8;20137A8;
1139;A1;DIN 137A;1.4310 DIN 137A  Spring washers type A curved  curved type A;10;20137A10;
1139;A1;DIN 137B;1.4310 DIN 137B  Spring  washers type b waved;3;20137B3;
1139;A1;DIN 137B;1.4310 DIN 137B  Spring  washers type b waved;4;20137B4;
1139;A1;DIN 137B;1.4310 DIN 137B  Spring  washers type b waved;5;20137B5;
1139;A1;DIN 137B;1.4310 DIN 137B  Spring  washers type b waved;6;20137B6;
1139;A1;DIN 137B;1.4310 DIN 137B  Spring  washers type b waved;7;20137B7;
1139;A1;DIN 137B;1.4310 DIN 137B  Spring  washers type b waved;8;20137B8;
1139;A1;DIN 137B;1.4310 DIN 137B  Spring  washers type b waved;10;20137B10;
1139;A1;DIN 137B;1.4310 DIN 137B  Spring  washers type b waved;12;20137B12;
1139;A1;DIN 137B;1.4310 DIN 137B  Spring  washers type b waved;14;20137B14;
1139;A1;DIN 137B;1.4310 DIN 137B  Spring  washers type b waved;16;20137B16;
1139;A1;DIN 137B;1.4310 DIN 137B  Spring  washers type b waved;18;20137B18;
1139;A1;DIN 137B;1.4310 DIN 137B  Spring  washers type b waved;20;20137B20;
1139;A1;DIN 137B;1.4310 DIN 137B  Spring  washers type b waved;24;20137B24;
1139;A2;DIN 431;A2 DIN 431  Pipe nuts type B;05-ago;20431G5/8;
1139;A2;DIN 431;A2 DIN 431  Pipe nuts type B;03-apr;20431G3/4;
1139;A2;DIN 431;A2 DIN 431  Pipe nuts type B;03-ago;20431G3/8;
1139;A2;DIN 431;A2 DIN 431  Pipe nuts type B;11-feb;20431G11/2;
1139;A2;DIN 431;A2 DIN 431  Pipe nuts type B;01-apr;20431G1/4;
1139;A2;DIN 431;A2 DIN 431  Pipe nuts type B;01-feb;20431G1/2;
1139;A2;DIN 431;A2 DIN 431  Pipe nuts type B;01-ago;20431G1/8;
1139;A2;DIN 431;A2 DIN 431  Pipe nuts type B;1;20431G1;
1139;A2;DIN 431;A2 DIN 431  Pipe nuts type B;"1""1/4";20431G11/4;
1139;A2;DIN 439;A2 DIN 439  Hexagon thin nuts type B;56;2043956;
1139;A2;DIN 444 FORM B;A2 DIN 444 FORM B  Eye bolts type B;24X180;2044424X180;
1139;A2;DIN 444 FORM B;A2 DIN 444 FORM B  Eye bolts type B;24X200;2044424X200;
1139;AISI 420;DIN 471;AISI 420 S/S DIN 471  Retaining rings for shafts;3;204713;
1139;AISI 420;DIN 471;AISI 420 S/S DIN 471  Retaining rings for shafts;4;204714;
1139;AISI 420;DIN 471;AISI 420 S/S DIN 471  Retaining rings for shafts;5;204715;
1139;AISI 420;DIN 471;AISI 420 S/S DIN 471  Retaining rings for shafts;6;204716;
1139;AISI 420;DIN 471;AISI 420 S/S DIN 471  Retaining rings for shafts;7;204717;
1139;AISI 420;DIN 471;AISI 420 S/S DIN 471  Retaining rings for shafts;8;204718;
1139;AISI 420;DIN 471;AISI 420 S/S DIN 471  Retaining rings for shafts;9;204719;
1139;AISI 420;DIN 471;AISI 420 S/S DIN 471  Retaining rings for shafts;10;2047110;
1139;AISI 420;DIN 471;AISI 420 S/S DIN 471  Retaining rings for shafts;11;2047111;
1139;AISI 420;DIN 471;AISI 420 S/S DIN 471  Retaining rings for shafts;12;2047112;
1139;AISI 420;DIN 471;AISI 420 S/S DIN 471  Retaining rings for shafts;13;2047113;
1139;AISI 420;DIN 471;AISI 420 S/S DIN 471  Retaining rings for shafts;14;2047114;
1139;AISI 420;DIN 471;AISI 420 S/S DIN 471  Retaining rings for shafts;15;2047115;
1139;AISI 420;DIN 471;AISI 420 S/S DIN 471  Retaining rings for shafts;16;2047116;
1139;AISI 420;DIN 471;AISI 420 S/S DIN 471  Retaining rings for shafts;17;2047117;
1139;AISI 420;DIN 471;AISI 420 S/S DIN 471  Retaining rings for shafts;18;2047118;
1139;AISI 420;DIN 471;AISI 420 S/S DIN 471  Retaining rings for shafts;19;2047119;
1139;AISI 420;DIN 471;AISI 420 S/S DIN 471  Retaining rings for shafts;20;2047120;
1139;AISI 420;DIN 471;AISI 420 S/S DIN 471  Retaining rings for shafts;21;2047121;
1139;AISI 420;DIN 471;AISI 420 S/S DIN 471  Retaining rings for shafts;22;2047122;
1139;AISI 420;DIN 471;AISI 420 S/S DIN 471  Retaining rings for shafts;23;2047123;
1139;AISI 420;DIN 471;AISI 420 S/S DIN 471  Retaining rings for shafts;24;2047124;
1139;AISI 420;DIN 471;AISI 420 S/S DIN 471  Retaining rings for shafts;25;2047125;
1139;AISI 420;DIN 471;AISI 420 S/S DIN 471  Retaining rings for shafts;26;2047126;
1139;AISI 420;DIN 471;AISI 420 S/S DIN 471  Retaining rings for shafts;27;2047127;
1139;AISI 420;DIN 471;AISI 420 S/S DIN 471  Retaining rings for shafts;28;2047128;
1139;AISI 420;DIN 471;AISI 420 S/S DIN 471  Retaining rings for shafts;29;2047129;
1139;AISI 420;DIN 471;AISI 420 S/S DIN 471  Retaining rings for shafts;30;2047130;
1139;AISI 420;DIN 471;AISI 420 S/S DIN 471  Retaining rings for shafts;32;2047132;
1139;AISI 420;DIN 471;AISI 420 S/S DIN 471  Retaining rings for shafts;33;2047133;
1139;AISI 420;DIN 471;AISI 420 S/S DIN 471  Retaining rings for shafts;34;2047134;
1139;AISI 420;DIN 471;AISI 420 S/S DIN 471  Retaining rings for shafts;35;2047135;
1139;AISI 420;DIN 471;AISI 420 S/S DIN 471  Retaining rings for shafts;36;2047136;
1139;AISI 420;DIN 471;AISI 420 S/S DIN 471  Retaining rings for shafts;37;2047137;
1139;AISI 420;DIN 471;AISI 420 S/S DIN 471  Retaining rings for shafts;38;2047138;
1139;AISI 420;DIN 471;AISI 420 S/S DIN 471  Retaining rings for shafts;40;2047140;
1139;AISI 420;DIN 471;AISI 420 S/S DIN 471  Retaining rings for shafts;42;2047142;
1139;AISI 420;DIN 471;AISI 420 S/S DIN 471  Retaining rings for shafts;44;2047144;
1139;AISI 420;DIN 471;AISI 420 S/S DIN 471  Retaining rings for shafts;45;2047145;
1139;AISI 420;DIN 471;AISI 420 S/S DIN 471  Retaining rings for shafts;47;2047147;
1139;AISI 420;DIN 471;AISI 420 S/S DIN 471  Retaining rings for shafts;48;2047148;
1139;AISI 420;DIN 471;AISI 420 S/S DIN 471  Retaining rings for shafts;50;2047150;
1139;AISI 420;DIN 471;AISI 420 S/S DIN 471  Retaining rings for shafts;52;2047152;
1139;AISI 420;DIN 471;AISI 420 S/S DIN 471  Retaining rings for shafts;55;2047155;
1139;AISI 420;DIN 471;AISI 420 S/S DIN 471  Retaining rings for shafts;56;2047156;
1139;AISI 420;DIN 471;AISI 420 S/S DIN 471  Retaining rings for shafts;58;2047158;
1139;AISI 420;DIN 471;AISI 420 S/S DIN 471  Retaining rings for shafts;60;2047160;
1139;AISI 420;DIN 471;AISI 420 S/S DIN 471  Retaining rings for shafts;62;2047162;
1139;AISI 420;DIN 471;AISI 420 S/S DIN 471  Retaining rings for shafts;65;2047165;
1139;AISI 420;DIN 471;AISI 420 S/S DIN 471  Retaining rings for shafts;68;2047168;
1139;AISI 420;DIN 471;AISI 420 S/S DIN 471  Retaining rings for shafts;70;2047170;
1139;AISI 420;DIN 471;AISI 420 S/S DIN 471  Retaining rings for shafts;72;2047172;
1139;AISI 420;DIN 471;AISI 420 S/S DIN 471  Retaining rings for shafts;75;2047175;
1139;AISI 420;DIN 471;AISI 420 S/S DIN 471  Retaining rings for shafts;80;2047180;
1139;AISI 420;DIN 471;AISI 420 S/S DIN 471  Retaining rings for shafts;85;2047185;
1139;AISI 420;DIN 471;AISI 420 S/S DIN 471  Retaining rings for shafts;90;2047190;
1139;AISI 420;DIN 471;AISI 420 S/S DIN 471  Retaining rings for shafts;95;2047195;
1139;AISI 420;DIN 471;AISI 420 S/S DIN 471  Retaining rings for shafts;100;20471100;
1139;AISI 420;DIN 471;AISI 420 S/S DIN 471  Retaining rings for shafts;105;20471105;
1139;AISI 420;DIN 471;AISI 420 S/S DIN 471  Retaining rings for shafts;110;20471110;
1139;AISI 420;DIN 471;AISI 420 S/S DIN 471  Retaining rings for shafts;120;20471120;
1139;AISI 420;DIN 471;AISI 420 S/S DIN 471  Retaining rings for shafts;130;20471130;
1139;AISI 420;DIN 471;AISI 420 S/S DIN 471  Retaining rings for shafts;140;20471140;
1139;AISI 420;DIN 471;AISI 420 S/S DIN 471  Retaining rings for shafts;150;20471150;
1139;AISI 420;DIN 472;AISI 420 S/S DIN 472  Retaining rings for bores;8;204728;
1139;AISI 420;DIN 472;AISI 420 S/S DIN 472  Retaining rings for bores;9;204729;
1139;AISI 420;DIN 472;AISI 420 S/S DIN 472  Retaining rings for bores;10;2047210;
1139;AISI 420;DIN 472;AISI 420 S/S DIN 472  Retaining rings for bores;11;2047211;
1139;AISI 420;DIN 472;AISI 420 S/S DIN 472  Retaining rings for bores;12;2047212;
1139;AISI 420;DIN 472;AISI 420 S/S DIN 472  Retaining rings for bores;13;2047213;
1139;AISI 420;DIN 472;AISI 420 S/S DIN 472  Retaining rings for bores;14;2047214;
1139;AISI 420;DIN 472;AISI 420 S/S DIN 472  Retaining rings for bores;15;2047215;
1139;AISI 420;DIN 472;AISI 420 S/S DIN 472  Retaining rings for bores;16;2047216;
1139;AISI 420;DIN 472;AISI 420 S/S DIN 472  Retaining rings for bores;17;2047217;
1139;AISI 420;DIN 472;AISI 420 S/S DIN 472  Retaining rings for bores;18;2047218;
1139;AISI 420;DIN 472;AISI 420 S/S DIN 472  Retaining rings for bores;19;2047219;
1139;AISI 420;DIN 472;AISI 420 S/S DIN 472  Retaining rings for bores;20;2047220;
1139;AISI 420;DIN 472;AISI 420 S/S DIN 472  Retaining rings for bores;21;2047221;
1139;AISI 420;DIN 472;AISI 420 S/S DIN 472  Retaining rings for bores;22;2047222;
1139;AISI 420;DIN 472;AISI 420 S/S DIN 472  Retaining rings for bores;23;2047223;
1139;AISI 420;DIN 472;AISI 420 S/S DIN 472  Retaining rings for bores;24;2047224;
1139;AISI 420;DIN 472;AISI 420 S/S DIN 472  Retaining rings for bores;25;2047225;
1139;AISI 420;DIN 472;AISI 420 S/S DIN 472  Retaining rings for bores;26;2047226;
1139;AISI 420;DIN 472;AISI 420 S/S DIN 472  Retaining rings for bores;27;2047227;
1139;AISI 420;DIN 472;AISI 420 S/S DIN 472  Retaining rings for bores;28;2047228;
1139;AISI 420;DIN 472;AISI 420 S/S DIN 472  Retaining rings for bores;29;2047229;
1139;AISI 420;DIN 472;AISI 420 S/S DIN 472  Retaining rings for bores;30;2047230;
1139;AISI 420;DIN 472;AISI 420 S/S DIN 472  Retaining rings for bores;31;2047231;
1139;AISI 420;DIN 472;AISI 420 S/S DIN 472  Retaining rings for bores;32;2047232;
1139;AISI 420;DIN 472;AISI 420 S/S DIN 472  Retaining rings for bores;33;2047233;
1139;AISI 420;DIN 472;AISI 420 S/S DIN 472  Retaining rings for bores;34;2047234;
1139;AISI 420;DIN 472;AISI 420 S/S DIN 472  Retaining rings for bores;35;2047235;
1139;AISI 420;DIN 472;AISI 420 S/S DIN 472  Retaining rings for bores;36;2047236;
1139;AISI 420;DIN 472;AISI 420 S/S DIN 472  Retaining rings for bores;37;2047237;
1139;AISI 420;DIN 472;AISI 420 S/S DIN 472  Retaining rings for bores;38;2047238;
1139;AISI 420;DIN 472;AISI 420 S/S DIN 472  Retaining rings for bores;39;2047239;
1139;AISI 420;DIN 472;AISI 420 S/S DIN 472  Retaining rings for bores;40;2047240;
1139;AISI 420;DIN 472;AISI 420 S/S DIN 472  Retaining rings for bores;41;2047241;
1139;AISI 420;DIN 472;AISI 420 S/S DIN 472  Retaining rings for bores;42;2047242;
1139;AISI 420;DIN 472;AISI 420 S/S DIN 472  Retaining rings for bores;43;2047243;
1139;AISI 420;DIN 472;AISI 420 S/S DIN 472  Retaining rings for bores;44;2047244;
1139;AISI 420;DIN 472;AISI 420 S/S DIN 472  Retaining rings for bores;45;2047245;
1139;AISI 420;DIN 472;AISI 420 S/S DIN 472  Retaining rings for bores;47;2047247;
1139;AISI 420;DIN 472;AISI 420 S/S DIN 472  Retaining rings for bores;48;2047248;
1139;AISI 420;DIN 472;AISI 420 S/S DIN 472  Retaining rings for bores;50;2047250;
1139;AISI 420;DIN 472;AISI 420 S/S DIN 472  Retaining rings for bores;52;2047252;
1139;AISI 420;DIN 472;AISI 420 S/S DIN 472  Retaining rings for bores;55;2047255;
1139;AISI 420;DIN 472;AISI 420 S/S DIN 472  Retaining rings for bores;56;2047256;
1139;AISI 420;DIN 472;AISI 420 S/S DIN 472  Retaining rings for bores;58;2047258;
1139;AISI 420;DIN 472;AISI 420 S/S DIN 472  Retaining rings for bores;60;2047260;
1139;AISI 420;DIN 472;AISI 420 S/S DIN 472  Retaining rings for bores;62;2047262;
1139;AISI 420;DIN 472;AISI 420 S/S DIN 472  Retaining rings for bores;65;2047265;
1139;AISI 420;DIN 472;AISI 420 S/S DIN 472  Retaining rings for bores;68;2047268;
1139;AISI 420;DIN 472;AISI 420 S/S DIN 472  Retaining rings for bores;70;2047270;
1139;AISI 420;DIN 472;AISI 420 S/S DIN 472  Retaining rings for bores;72;2047272;
1139;AISI 420;DIN 472;AISI 420 S/S DIN 472  Retaining rings for bores;75;2047275;
1139;AISI 420;DIN 472;AISI 420 S/S DIN 472  Retaining rings for bores;78;2047278;
1139;AISI 420;DIN 472;AISI 420 S/S DIN 472  Retaining rings for bores;80;2047280;
1139;AISI 420;DIN 472;AISI 420 S/S DIN 472  Retaining rings for bores;85;2047285;
1139;AISI 420;DIN 472;AISI 420 S/S DIN 472  Retaining rings for bores;90;2047290;
1139;AISI 420;DIN 472;AISI 420 S/S DIN 472  Retaining rings for bores;95;2047295;
1139;AISI 420;DIN 472;AISI 420 S/S DIN 472  Retaining rings for bores;100;20472100;
1139;AISI 420;DIN 472;AISI 420 S/S DIN 472  Retaining rings for bores;105;20472105;
1139;AISI 420;DIN 472;AISI 420 S/S DIN 472  Retaining rings for bores;110;20472110;
1139;AISI 420;DIN 472;AISI 420 S/S DIN 472  Retaining rings for bores;115;20472115;
1139;AISI 420;DIN 472;AISI 420 S/S DIN 472  Retaining rings for bores;120;20472120;
1139;AISI 420;DIN 472;AISI 420 S/S DIN 472  Retaining rings for bores;125;20472125;
1139;AISI 420;DIN 472;AISI 420 S/S DIN 472  Retaining rings for bores;130;20472130;
1139;AISI 420;DIN 472;AISI 420 S/S DIN 472  Retaining rings for bores;140;20472140;
1139;AISI 420;DIN 472;AISI 420 S/S DIN 472  Retaining rings for bores;150;20472150;
1139;A2;ART. 580;A2 ART. 580  Lifting eye bolts;6;205806;
1139;A2;ART. 580;A2 ART. 580  Lifting eye bolts;8;205808;
1139;A2;ART. 580;A2 ART. 580  Lifting eye bolts;10;2058010;
1139;A2;ART. 580;A2 ART. 580  Lifting eye bolts;12;2058012;
1139;A2;ART. 580;A2 ART. 580  Lifting eye bolts;14;2058014;
1139;A2;ART. 580;A2 ART. 580  Lifting eye bolts;16;2058016;
1139;A2;ART. 580;A2 ART. 580  Lifting eye bolts;18;2058018;
1139;A2;ART. 580;A2 ART. 580  Lifting eye bolts;20;2058020;
1139;A2;ART. 580;A2 ART. 580  Lifting eye bolts;24;2058024;
1139;A2;ART. 580;A2 ART. 580  Lifting eye bolts;27;2058027;
1139;A2;ART. 580;A2 ART. 580  Lifting eye bolts;30;2058030;
1139;A2;ART. 580;A2 ART. 580  Lifting eye bolts;36;2058036;
1139;A2;ART. 582;A2 ART. 582  Lifting eye nuts;6;205826;
1139;A2;ART. 582;A2 ART. 582  Lifting eye nuts;8;205828;
1139;A2;ART. 582;A2 ART. 582  Lifting eye nuts;10;2058210;
1139;A2;ART. 582;A2 ART. 582  Lifting eye nuts;12;2058212;
1139;A2;ART. 582;A2 ART. 582  Lifting eye nuts;16;2058216;
1139;A2;ART. 582;A2 ART. 582  Lifting eye nuts;20;2058220;
1139;A2;ART. 582;A2 ART. 582  Lifting eye nuts;24;2058224;
1139;A2;ART. 582;A2 ART. 582  Lifting eye nuts;27;2058227;
1139;A2;ART. 582;A2 ART. 582  Lifting eye nuts;30;2058230;
1139;A2;ART. 582;A2 ART. 582  Lifting eye nuts;36;2058236;
1139;A2;DIN 603;A2 DIN 603  Mushroom head  square neck FT;5X10;206035X10;
1139;A2;sim. DIN 7505 A;A2 sim. DIN 7505A  Chipboard screws CSK  double head  FT Z;3X10;27505A3X10;
1139;A2;sim. DIN 7505 A;A2 sim. DIN 7505A  Chipboard screws CSK  double head  FT Z;3X12;27505A3X12;
1139;A2;sim. DIN 7505 A;A2 sim. DIN 7505A  Chipboard screws CSK  double head  FT Z;3X16;27505A3X16;
1139;A2;sim. DIN 7505 A;A2 sim. DIN 7505A  Chipboard screws CSK  double head  FT Z;3X20;27505A3X20;
1139;A2;sim. DIN 7505 A;A2 sim. DIN 7505A  Chipboard screws CSK  double head  FT Z;3X25;27505A3X25;
1139;A2;sim. DIN 7505 A;A2 sim. DIN 7505A  Chipboard screws CSK  double head  FT Z;3X30;27505A3X30;
1139;A2;sim. DIN 7505 A;A2 sim. DIN 7505A  Chipboard screws CSK  double head  FT Z;3X35;27505A3X35;
1139;A2;sim. DIN 7505 A;A2 sim. DIN 7505A  Chipboard screws CSK  double head  FT Z;3X40;27505A3X40;
1139;A2;sim. DIN 7505 A;A2 sim. DIN 7505A  Chipboard screws CSK  double head  FT Z;3X50;27505A3X50;
1139;A2;sim. DIN 7505 A;A2 sim. DIN 7505A  Chipboard screws CSK  double head  FT Z;3,5X12;27505A3,5X12;
1139;A2;sim. DIN 7505 A;A2 sim. DIN 7505A  Chipboard screws CSK  double head  FT Z;3,5X16;27505A3,5X16;
1139;A2;sim. DIN 7505 A;A2 sim. DIN 7505A  Chipboard screws CSK  double head  FT Z;3,5X20;27505A3,5X20;
1139;A2;sim. DIN 7505 A;A2 sim. DIN 7505A  Chipboard screws CSK  double head  FT Z;3,5X25;27505A3,5X25;
1139;A2;sim. DIN 7505 A;A2 sim. DIN 7505A  Chipboard screws CSK  double head  FT Z;3,5X30;27505A3,5X30;
1139;A2;sim. DIN 7505 A;A2 sim. DIN 7505A  Chipboard screws CSK  double head  FT Z;3,5X35;27505A3,5X35;
1139;A2;sim. DIN 7505 A;A2 sim. DIN 7505A  Chipboard screws CSK  double head  FT Z;3,5X40;27505A3,5X40;
1139;A2;sim. DIN 7505 A;A2 sim. DIN 7505A  Chipboard screws CSK  double head  FT Z;3,5X45;27505A3,5X45;
1139;A2;sim. DIN 7505 A;A2 sim. DIN 7505A  Chipboard screws CSK  double head  FT Z;3,5X50;27505A3,5X50;
1139;A2;sim. DIN 7505 A;A2 sim. DIN 7505A  Chipboard screws CSK  double head  FT Z;4X12;27505A4X12;
1139;A2;sim. DIN 7505 A;A2 sim. DIN 7505A  Chipboard screws CSK  double head  FT Z;4X16;27505A4X16;
1139;A2;sim. DIN 7505 A;A2 sim. DIN 7505A  Chipboard screws CSK  double head  FT Z;4X20;27505A4X20;
1139;A2;sim. DIN 7505 A;A2 sim. DIN 7505A  Chipboard screws CSK  double head  FT Z;4X25;27505A4X25;
1139;A2;sim. DIN 7505 A;A2 sim. DIN 7505A  Chipboard screws CSK  double head  FT Z;4X30;27505A4X30;
1139;A2;sim. DIN 7505 A;A2 sim. DIN 7505A  Chipboard screws CSK  double head  FT Z;4X35;27505A4X35;
1139;A2;sim. DIN 7505 A;A2 sim. DIN 7505A  Chipboard screws CSK  double head  FT Z;4X40;27505A4X40;
1139;A2;sim. DIN 7505 A;A2 sim. DIN 7505A  Chipboard screws CSK  double head  FT Z;4X45;27505A4X45;
1139;A2;sim. DIN 7505 A;A2 sim. DIN 7505A  Chipboard screws CSK  double head  FT Z;4X50;27505A4X50;
1139;A2;sim. DIN 7505 A;A2 sim. DIN 7505A  Chipboard screws CSK  double head  FT Z;4X60;27505A4X60;
1139;A2;sim. DIN 7505 A;A2 sim. DIN 7505A  Chipboard screws CSK  double head  FT Z;4X70;27505A4X70;
1139;A2;sim. DIN 7505 A;A2 sim. DIN 7505A  Chipboard screws CSK  double head  FT Z;4X80;27505A4X80;
1139;A2;sim. DIN 7505 A;A2 sim. DIN 7505A  Chipboard screws CSK  double head  FT Z;4,5X16;27505A4,5X16;
1139;A2;sim. DIN 7505 A;A2 sim. DIN 7505A  Chipboard screws CSK  double head  FT Z;4,5X20;27505A4,5X20;
1139;A2;sim. DIN 7505 A;A2 sim. DIN 7505A  Chipboard screws CSK  double head  FT Z;4,5X25;27505A4,5X25;
1139;A2;sim. DIN 7505 A;A2 sim. DIN 7505A  Chipboard screws CSK  double head  FT Z;4,5X30;27505A4,5X30;
1139;A2;sim. DIN 7505 A;A2 sim. DIN 7505A  Chipboard screws CSK  double head  FT Z;4,5X35;27505A4,5X35;
1139;A2;sim. DIN 7505 A;A2 sim. DIN 7505A  Chipboard screws CSK  double head  FT Z;4,5X40;27505A4,5X40;
1139;A2;sim. DIN 7505 A;A2 sim. DIN 7505A  Chipboard screws CSK  double head  FT Z;4,5X45;27505A4,5X45;
1139;A2;sim. DIN 7505 A;A2 sim. DIN 7505A  Chipboard screws CSK  double head  FT Z;4,5X50;27505A4,5X50;
1139;A2;sim. DIN 7505 A;A2 sim. DIN 7505A  Chipboard screws CSK  double head  FT Z;4,5X55;27505A4,5X55;
1139;A2;sim. DIN 7505 A;A2 sim. DIN 7505A  Chipboard screws CSK  double head  FT Z;4,5X60;27505A4,5X60;
1139;A2;sim. DIN 7505 A;A2 sim. DIN 7505A  Chipboard screws CSK  double head  FT Z;4,5X70;27505A4,5X70;
1139;A2;sim. DIN 7505 A;A2 sim. DIN 7505A  Chipboard screws CSK  double head  FT Z;4,5X80;27505A4,5X80;
1139;A2;sim. DIN 7505 A;A2 sim. DIN 7505A  Chipboard screws CSK  double head  FT Z;5X20;27505A5X20;
1139;A2;sim. DIN 7505 A;A2 sim. DIN 7505A  Chipboard screws CSK  double head  FT Z;5X25;27505A5X25;
1139;A2;sim. DIN 7505 A;A2 sim. DIN 7505A  Chipboard screws CSK  double head  FT Z;5X30;27505A5X30;
1139;A2;sim. DIN 7505 A;A2 sim. DIN 7505A  Chipboard screws CSK  double head  FT Z;5X35;27505A5X35;
1139;A2;sim. DIN 7505 A;A2 sim. DIN 7505A  Chipboard screws CSK  double head  FT Z;5X40;27505A5X40;
1139;A2;sim. DIN 7505 A;A2 sim. DIN 7505A  Chipboard screws CSK  double head  FT Z;5X45;27505A5X45;
1139;A2;sim. DIN 7505 A;A2 sim. DIN 7505A  Chipboard screws CSK  double head  FT Z;5X50;27505A5X50;
1139;A2;sim. DIN 7505 A;A2 sim. DIN 7505A  Chipboard screws CSK  double head  FT Z;5X55;27505A5X55;
1139;A2;sim. DIN 7505 A;A2 sim. DIN 7505A  Chipboard screws CSK  double head  FT Z;5X60;27505A5X60;
1139;A2;sim. DIN 7505 A;A2 sim. DIN 7505A  Chipboard screws CSK  double head  FT Z;5X70;27505A5X70;
1139;A2;sim. DIN 7505 A;A2 sim. DIN 7505A  Chipboard screws CSK  double head  FT Z;5X80;27505A5X80;
1139;A2;sim. DIN 7505 A;A2 sim. DIN 7505A  Chipboard screws CSK  double head  FT Z;5X90;27505A5X90;
1139;A2;sim. DIN 7505 A;A2 sim. DIN 7505A  Chipboard screws CSK  double head  FT Z;5X100;27505A5X100;
1139;A2;sim. DIN 7505 A;A2 sim. DIN 7505A  Chipboard screws CSK  double head  FT Z;5X120;27505A5X120;
1139;A2;sim. DIN 7505 A;A2 sim. DIN 7505A  Chipboard screws CSK  double head  FT Z;6X20;27505A6X20;
1139;A2;sim. DIN 7505 A;A2 sim. DIN 7505A  Chipboard screws CSK  double head  FT Z;6X25;27505A6X25;
1139;A2;sim. DIN 7505 A;A2 sim. DIN 7505A  Chipboard screws CSK  double head  FT Z;6X30;27505A6X30;
1139;A2;sim. DIN 7505 A;A2 sim. DIN 7505A  Chipboard screws CSK  double head  FT Z;6X35;27505A6X35;
1139;A2;sim. DIN 7505 A;A2 sim. DIN 7505A  Chipboard screws CSK  double head  FT Z;6X40;27505A6X40;
1139;A2;sim. DIN 7505 A;A2 sim. DIN 7505A  Chipboard screws CSK  double head  FT Z;6X45;27505A6X45;
1139;A2;sim. DIN 7505 A;A2 sim. DIN 7505A  Chipboard screws CSK  double head  FT Z;6X50;27505A6X50;
1139;A2;sim. DIN 7505 A;A2 sim. DIN 7505A  Chipboard screws CSK  double head  FT Z;6X55;27505A6X55;
1139;A2;sim. DIN 7505 A;A2 sim. DIN 7505A  Chipboard screws CSK  double head  FT Z;6X60;27505A6X60;
1139;A2;sim. DIN 7505 A;A2 sim. DIN 7505A  Chipboard screws CSK  double head  FT Z;6X70;27505A6X70;
1139;A2;sim. DIN 7505 A;A2 sim. DIN 7505A  Chipboard screws CSK  double head  FT Z;6X80;27505A6X80;
1139;A2;sim. DIN 7505 A;A2 sim. DIN 7505A  Chipboard screws CSK  double head  FT Z;6X90;27505A6X90;
1139;A2;sim. DIN 7505 A;A2 sim. DIN 7505A  Chipboard screws CSK  double head  FT Z;6X100;27505A6X100;
1139;A2;sim. DIN 7505 A;A2 sim. DIN 7505A  Chipboard screws CSK  double head  FT Z;6X110;27505A6X110;
1139;A2;sim. DIN 7505 A;A2 sim. DIN 7505A  Chipboard screws CSK  double head  FT Z;6X120;27505A6X120;
1139;A2;sim. DIN 7505 A;A2 sim. DIN 7505A  Chipboard screws CSK  double head  FT Z;6X130;27505A6X130;
1139;A2;sim. DIN 7505 A;A2 sim. DIN 7505A  Chipboard screws CSK  double head  FT Z;6X140;27505A6X140;
1139;A2;sim. DIN 7505 A;A2 sim. DIN 7505A  Chipboard screws CSK  double head  FT Z;6X150;27505A6X150;
1139;A2;sim. DIN 7505 A;A2 sim. DIN 7505A  Chipboard screws CSK  double head  FT Z;6X200;27505A6X200;
1139;A2;sim. DIN 7505B;A2 sim. DIN 7505B  CBS screws pan double head  FT Z;3X10;27505B3X10;
1139;A2;sim. DIN 7505B;A2 sim. DIN 7505B  CBS screws pan double head  FT Z;3X12;27505B3X12;
1139;A2;sim. DIN 7505B;A2 sim. DIN 7505B  CBS screws pan double head  FT Z;3X16;27505B3X16;
1139;A2;sim. DIN 7505B;A2 sim. DIN 7505B  CBS screws pan double head  FT Z;3X20;27505B3X20;
1139;A2;sim. DIN 7505B;A2 sim. DIN 7505B  CBS screws pan double head  FT Z;3X25;27505B3X25;
1139;A2;sim. DIN 7505B;A2 sim. DIN 7505B  CBS screws pan double head  FT Z;3X30;27505B3X30;
1139;A2;sim. DIN 7505B;A2 sim. DIN 7505B  CBS screws pan double head  FT Z;3X35;27505B3X35;
1139;A2;sim. DIN 7505B;A2 sim. DIN 7505B  CBS screws pan double head  FT Z;3,5X12;27505B3,5X12;
1139;A2;sim. DIN 7505B;A2 sim. DIN 7505B  CBS screws pan double head  FT Z;3,5X16;27505B3,5X16;
1139;A2;sim. DIN 7505B;A2 sim. DIN 7505B  CBS screws pan double head  FT Z;3,5X20;27505B3,5X20;
1139;A2;sim. DIN 7505B;A2 sim. DIN 7505B  CBS screws pan double head  FT Z;3,5X25;27505B3,5X25;
1139;A2;sim. DIN 7505B;A2 sim. DIN 7505B  CBS screws pan double head  FT Z;3,5X30;27505B3,5X30;
1139;A2;sim. DIN 7505B;A2 sim. DIN 7505B  CBS screws pan double head  FT Z;3,5X35;27505B3,5X35;
1139;A2;sim. DIN 7505B;A2 sim. DIN 7505B  CBS screws pan double head  FT Z;3,5X40;27505B3,5X40;
1139;A2;sim. DIN 7505B;A2 sim. DIN 7505B  CBS screws pan double head  FT Z;3,5x45;27505B3,5X45;
1139;A2;sim. DIN 7505B;A2 sim. DIN 7505B  CBS screws pan double head  FT Z;3,5X50;27505B3,5X50;
1139;A2;sim. DIN 7505B;A2 sim. DIN 7505B  CBS screws pan double head  FT Z;4x12;27505B4X12;
1139;A2;sim. DIN 7505B;A2 sim. DIN 7505B  CBS screws pan double head  FT Z;4X16;27505B4X16;
1139;A2;sim. DIN 7505B;A2 sim. DIN 7505B  CBS screws pan double head  FT Z;4X20;27505B4X20;
1139;A2;sim. DIN 7505B;A2 sim. DIN 7505B  CBS screws pan double head  FT Z;4X25;27505B4X25;
1139;A2;sim. DIN 7505B;A2 sim. DIN 7505B  CBS screws pan double head  FT Z;4X30;27505B4X30;
1139;A2;sim. DIN 7505B;A2 sim. DIN 7505B  CBS screws pan double head  FT Z;4X35;27505B4X35;
1139;A2;sim. DIN 7505B;A2 sim. DIN 7505B  CBS screws pan double head  FT Z;4X40;27505B4X40;
1139;A2;sim. DIN 7505B;A2 sim. DIN 7505B  CBS screws pan double head  FT Z;4X45;27505B4X45;
1139;A2;sim. DIN 7505B;A2 sim. DIN 7505B  CBS screws pan double head  FT Z;4X50;27505B4X50;
1139;A2;sim. DIN 7505B;A2 sim. DIN 7505B  CBS screws pan double head  FT Z;4X55;27505B4X55;
1139;A2;sim. DIN 7505B;A2 sim. DIN 7505B  CBS screws pan double head  FT Z;4X60;27505B4X60;
1139;A2;sim. DIN 7505B;A2 sim. DIN 7505B  CBS screws pan double head  FT Z;4X70;27505B4X70;
1139;A2;sim. DIN 7505B;A2 sim. DIN 7505B  CBS screws pan double head  FT Z;4,5X12;27505B4,5X12;
1139;A2;sim. DIN 7505B;A2 sim. DIN 7505B  CBS screws pan double head  FT Z;4,5X16;27505B4,5X16;
1139;A2;sim. DIN 7505B;A2 sim. DIN 7505B  CBS screws pan double head  FT Z;4,5X20;27505B4,5X20;
1139;A2;sim. DIN 7505B;A2 sim. DIN 7505B  CBS screws pan double head  FT Z;4,5X25;27505B4,5X25;
1139;A2;sim. DIN 7505B;A2 sim. DIN 7505B  CBS screws pan double head  FT Z;4,5X30;27505B4,5X30;
1139;A2;sim. DIN 7505B;A2 sim. DIN 7505B  CBS screws pan double head  FT Z;4,5X35;27505B4,5X35;
1139;A2;sim. DIN 7505B;A2 sim. DIN 7505B  CBS screws pan double head  FT Z;4,5X40;27505B4,5X40;
1139;A2;sim. DIN 7505B;A2 sim. DIN 7505B  CBS screws pan double head  FT Z;4,5X45;27505B4,5X45;
1139;A2;sim. DIN 7505B;A2 sim. DIN 7505B  CBS screws pan double head  FT Z;4,5X50;27505B4,5X50;
1139;A2;sim. DIN 7505B;A2 sim. DIN 7505B  CBS screws pan double head  FT Z;4,5X60;27505B4,5X60;
1139;A2;sim. DIN 7505B;A2 sim. DIN 7505B  CBS screws pan double head  FT Z;4,5X70;27505B4,5X70;
1139;A2;sim. DIN 7505B;A2 sim. DIN 7505B  CBS screws pan double head  FT Z;5X16;27505B5X16;
1139;A2;sim. DIN 7505B;A2 sim. DIN 7505B  CBS screws pan double head  FT Z;5X20;27505B5X20;
1139;A2;sim. DIN 7505B;A2 sim. DIN 7505B  CBS screws pan double head  FT Z;5X25;27505B5X25;
1139;A2;sim. DIN 7505B;A2 sim. DIN 7505B  CBS screws pan double head  FT Z;5X30;27505B5X30;
1139;A2;sim. DIN 7505B;A2 sim. DIN 7505B  CBS screws pan double head  FT Z;5X35;27505B5X35;
1139;A2;sim. DIN 7505B;A2 sim. DIN 7505B  CBS screws pan double head  FT Z;5X40;27505B5X40;
1139;A2;sim. DIN 7505B;A2 sim. DIN 7505B  CBS screws pan double head  FT Z;5X45;27505B5X45;
1139;A2;sim. DIN 7505B;A2 sim. DIN 7505B  CBS screws pan double head  FT Z;5X50;27505B5X50;
1139;A2;sim. DIN 7505B;A2 sim. DIN 7505B  CBS screws pan double head  FT Z;5X60;27505B5X60;
1139;A2;sim. DIN 7505B;A2 sim. DIN 7505B  CBS screws pan double head  FT Z;5X65;27505B5X65;
1139;A2;sim. DIN 7505B;A2 sim. DIN 7505B  CBS screws pan double head  FT Z;5X70;27505B5X70;
1139;A2;sim. DIN 7505B;A2 sim. DIN 7505B  CBS screws pan double head  FT Z;5X80;27505B5X80;
1139;A2;sim. DIN 7505B;A2 sim. DIN 7505B  CBS screws pan double head  FT Z;5X90;27505B5X90;
1139;A2;sim. DIN 7505B;A2 sim. DIN 7505B  CBS screws pan double head  FT Z;5X100;27505B5X100;
1139;A2;sim. DIN 7505B;A2 sim. DIN 7505B  CBS screws pan double head  FT Z;6X20;27505B6X20;
1139;A2;sim. DIN 7505B;A2 sim. DIN 7505B  CBS screws pan double head  FT Z;6X25;27505B6X25;
1139;A2;sim. DIN 7505B;A2 sim. DIN 7505B  CBS screws pan double head  FT Z;6X30;27505B6X30;
1139;A2;sim. DIN 7505B;A2 sim. DIN 7505B  CBS screws pan double head  FT Z;6X35;27505B6X35;
1139;A2;sim. DIN 7505B;A2 sim. DIN 7505B  CBS screws pan double head  FT Z;6X40;27505B6X40;
1139;A2;sim. DIN 7505B;A2 sim. DIN 7505B  CBS screws pan double head  FT Z;6X45;27505B6X45;
1139;A2;sim. DIN 7505B;A2 sim. DIN 7505B  CBS screws pan double head  FT Z;6X50;27505B6X50;
1139;A2;sim. DIN 7505B;A2 sim. DIN 7505B  CBS screws pan double head  FT Z;6X60;27505B6X60;
1139;A2;sim. DIN 7505B;A2 sim. DIN 7505B  CBS screws pan double head  FT Z;6X65;27505B6X65;
1139;A2;sim. DIN 7505B;A2 sim. DIN 7505B  CBS screws pan double head  FT Z;6X70;27505B6X70;
1139;A2;sim. DIN 7505B;A2 sim. DIN 7505B  CBS screws pan double head  FT Z;6X80;27505B6X80;
1139;A2;sim. DIN 7505B;A2 sim. DIN 7505B  CBS screws pan double head  FT Z;6X90;27505B6X90;
1139;A2;sim. DIN 7505B;A2 sim. DIN 7505B  CBS screws pan double head  FT Z;6X100;27505B6X100;
1139;A2;sim. DIN 7505B;A2 sim. DIN 7505B  CBS screws pan double head  FT Z;6X110;27505B6X110;
1139;A2;sim. DIN 7505B;A2 sim. DIN 7505B  CBS screws pan double head  FT Z;6X120;27505B6X120;
1139;A2;DIN 912;A2 DIN 912  Hexagon socket head cap screws;1,4X4;209121,4X4;
1139;A2;DIN 912;A2 DIN 912  Hexagon socket head cap screws;1,4X5;209121,4X5;
1139;A2;DIN 912;A2 DIN 912  Hexagon socket head cap screws;1,4X6;209121,4X6;
1139;A2;DIN 912;A2 DIN 912  Hexagon socket head cap screws;1,4X8;209121,4X8;
1139;A2;DIN 912;A2 DIN 912  Hexagon socket head cap screws;2X25/25;209122X25/25;
1139;A2;DIN 912;A2 DIN 912  Hexagon socket head cap screws;3X25/25;209123X25/25;
1139;A2;DIN 912;A2 DIN 912  Hexagon socket head cap screws;3X30/30;209123X30/30;
1139;A2;DIN 912;A2 DIN 912  Hexagon socket head cap screws;3X35/35;209123X35/35;
1139;A2;DIN 912;A2 DIN 912  Hexagon socket head cap screws;4X30/30;209124X30/30;
1139;A2;DIN 912;A2 DIN 912  Hexagon socket head cap screws;4X35/35;209124X35/35;
1139;A2;DIN 912;A2 DIN 912  Hexagon socket head cap screws;4X40/40;209124X40/40;
1139;A2;DIN 912;A2 DIN 912  Hexagon socket head cap screws;4X45/45;209124X45/45;
1139;A2;DIN 912;A2 DIN 912  Hexagon socket head cap screws;4X50/50;209124X50/50;
1139;A2;DIN 912;A2 DIN 912  Hexagon socket head cap screws;5X75/75;209125X75/75;
1139;A2;DIN 912;A2 DIN 912  Hexagon socket head cap screws;5X30/30;209125X30/30;
1139;A2;DIN 912;A2 DIN 912  Hexagon socket head cap screws;5X35/35;209125X35/35;
1139;A2;DIN 912;A2 DIN 912  Hexagon socket head cap screws;5X40/40;209125X40/40;
1139;A2;DIN 912;A2 DIN 912  Hexagon socket head cap screws;5X45/45;209125X45/45;
1139;A2;DIN 912;A2 DIN 912  Hexagon socket head cap screws;5X50/50;209125X50/50;
1139;A2;DIN 912;A2 DIN 912  Hexagon socket head cap screws;5X60/60;209125X60/60;
1139;A2;DIN 912;A2 DIN 912  Hexagon socket head cap screws;5X65/65;209125X65/65;
1139;A2;DIN 912;A2 DIN 912  Hexagon socket head cap screws;5X70/70;209125X70/70;
1139;A2;DIN 912;A2 DIN 912  Hexagon socket head cap screws;5X80/80;209125X80/80;
1139;A2;DIN 912;A2 DIN 912  Hexagon socket head cap screws;6X35/35;209126X35/35;
1139;A2;DIN 912;A2 DIN 912  Hexagon socket head cap screws;6X40/40;209126X40/40;
1139;A2;DIN 912;A2 DIN 912  Hexagon socket head cap screws;6X45/45;209126X45/45;
1139;A2;DIN 912;A2 DIN 912  Hexagon socket head cap screws;6X50/50;209126X50/50;
1139;A2;DIN 912;A2 DIN 912  Hexagon socket head cap screws;6X55/55;209126X55/55;
1139;A2;DIN 912;A2 DIN 912  Hexagon socket head cap screws;6X60/60;209126X60/60;
1139;A2;DIN 912;A2 DIN 912  Hexagon socket head cap screws;6X65/65;209126X65/65;
1139;A2;DIN 912;A2 DIN 912  Hexagon socket head cap screws;6X70/70;209126X70/70;
1139;A2;DIN 912;A2 DIN 912  Hexagon socket head cap screws;6X80/80;209126X80/80;
1139;A2;DIN 912;A2 DIN 912  Hexagon socket head cap screws;6x90/90;209126X90/90;
1139;A2;DIN 912;A2 DIN 912  Hexagon socket head cap screws;6X100/100;209126X100/100;
1139;A2;DIN 912;A2 DIN 912  Hexagon socket head cap screws;8X40/40;209128X40/40;
1139;A2;DIN 912;A2 DIN 912  Hexagon socket head cap screws;8X45/45;209128X45/45;
1139;A2;DIN 912;A2 DIN 912  Hexagon socket head cap screws;8X50/50;209128X50/50;
1139;A2;DIN 912;A2 DIN 912  Hexagon socket head cap screws;8X55/55;209128X55/55;
1139;A2;DIN 912;A2 DIN 912  Hexagon socket head cap screws;8X60/60;209128X60/60;
1139;A2;DIN 912;A2 DIN 912  Hexagon socket head cap screws;8X65/65;209128X65/65;
1139;A2;DIN 912;A2 DIN 912  Hexagon socket head cap screws;8X70/70;209128X70/70;
1139;A2;DIN 912;A2 DIN 912  Hexagon socket head cap screws;8X80/80;209128X80/80;
1139;A2;DIN 912;A2 DIN 912  Hexagon socket head cap screws;8X90/90;209128X90/90;
1139;A2;DIN 912;A2 DIN 912  Hexagon socket head cap screws;8X100/100;209128X100/100;
1139;A2;DIN 912;A2 DIN 912  Hexagon socket head cap screws;8X130/130;209128X130/130;
1139;A2;DIN 912;A2 DIN 912  Hexagon socket head cap screws;10X45/45;2091210X45/45;
1139;A2;DIN 912;A2 DIN 912  Hexagon socket head cap screws;10X50/50;2091210X50/50;
1139;A2;DIN 912;A2 DIN 912  Hexagon socket head cap screws;10X55/55;2091210X55/55;
1139;A2;DIN 912;A2 DIN 912  Hexagon socket head cap screws;10X60/60;2091210X60/60;
1139;A2;DIN 912;A2 DIN 912  Hexagon socket head cap screws;10X65/65;2091210X65/65;
1139;A2;DIN 912;A2 DIN 912  Hexagon socket head cap screws;10X70/70;2091210X70/70;
1139;A2;DIN 912;A2 DIN 912  Hexagon socket head cap screws;10X80/80;2091210X80/80;
1139;A2;DIN 912;A2 DIN 912  Hexagon socket head cap screws;10X90/90;2091210X90/90;
1139;A2;DIN 912;A2 DIN 912  Hexagon socket head cap screws;10X100/100;2091210X100/100;
1139;A2;DIN 912;A2 DIN 912  Hexagon socket head cap screws;10X130/130;2091210X130/130;
1139;A2;DIN 912;A2 DIN 912  Hexagon socket head cap screws;12X60/60;2091212X60/60;
1139;A2;DIN 912;A2 DIN 912  Hexagon socket head cap screws;12X65/65;2091212X65/65;
1139;A2;DIN 912;A2 DIN 912  Hexagon socket head cap screws;12X70/70;2091212X70/70;
1139;A2;DIN 912;A2 DIN 912  Hexagon socket head cap screws;12X75/75;2091212X75/75;
1139;A2;DIN 912;A2 DIN 912  Hexagon socket head cap screws;12X80/80;2091212X80/80;
1139;A2;DIN 912;A2 DIN 912  Hexagon socket head cap screws;12X90/90;2091212X90/90;
1139;A2;DIN 912;A2 DIN 912  Hexagon socket head cap screws;12X100/100;2091212X100/100;
1139;A2;DIN 912;A2 DIN 912  Hexagon socket head cap screws;33x100;2091233x100;
1139;A2;DIN 912;A2 DIN 912  Hexagon socket head cap screws;33x110;2091233x110;
1139;A2;DIN 912;A2 DIN 912  Hexagon socket head cap screws;33X120;2091233X120;
1139;A2;DIN 912;A2 DIN 912  Hexagon socket head cap screws;33X130;2091233X130;
1139;A2;DIN 912;A2 DIN 912  Hexagon socket head cap screws;33X140;2091233X140;
1139;A2;DIN 912;A2 DIN 912  Hexagon socket head cap screws;33X150;2091233X150;
1139;A2;DIN 912;A2 DIN 912  Hexagon socket head cap screws;33x160;2091233x160;
1139;A2;DIN 912;A2 DIN 912  Hexagon socket head cap screws;33x170;2091233x170;
1139;A2;DIN 912;A2 DIN 912  Hexagon socket head cap screws;33X180;2091233X180;
1139;A2;DIN 912;A2 DIN 912  Hexagon socket head cap screws;33X190;2091233X190;
1139;A2;DIN 912;A2 DIN 912  Hexagon socket head cap screws;33x200;2091233x200;
1139;A2;DIN 912;A2 DIN 912  Hexagon socket head cap screws;36x100;2091236x100;
1139;A2;DIN 912;A2 DIN 912  Hexagon socket head cap screws;36X110;2091236X110;
1139;A2;DIN 912;A2 DIN 912  Hexagon socket head cap screws;36X120;2091236X120;
1139;A2;DIN 912;A2 DIN 912  Hexagon socket head cap screws;36X130;2091236X130;
1139;A2;DIN 912;A2 DIN 912  Hexagon socket head cap screws;36X140;2091236X140;
1139;A2;DIN 912;A2 DIN 912  Hexagon socket head cap screws;36x150;2091236x150;
1139;A2;DIN 912;A2 DIN 912  Hexagon socket head cap screws;36X160;2091236X160;
1139;A2;DIN 912;A2 DIN 912  Hexagon socket head cap screws;36X170;2091236X170;
1139;A2;DIN 912;A2 DIN 912  Hexagon socket head cap screws;36X180;2091236X180;
1139;A2;DIN 912;A2 DIN 912  Hexagon socket head cap screws;36X190;2091236X190;
1139;A2;DIN 912;A2 DIN 912  Hexagon socket head cap screws;36x200;2091236x200;
1139;A2;DIN 964;A2 DIN 964  Slotted raised countersunk head screws;3X7;209643X7;
1139;A2;DIN 964;A2 DIN 964  Slotted raised countersunk head screws;8X14;209648X14;
1139;A2;DIN 964;A2 DIN 964  Slotted raised countersunk head screws;8X130;209648X130;
1139;A2;DIN 964;A2 DIN 964  Slotted raised countersunk head screws;10X90;2096410X90;
1139;A2;DIN 966;A2 DIN 966  Raised countersunk head screws H;2X6;209662X6;
1139;A2;DIN 966;A2 DIN 966  Raised countersunk head screws H;2X10;209662X10;
1139;A2;DIN 966;A2 DIN 966  Raised countersunk head screws H;2X12;209662X12;
1139;A2;DIN 966;A2 DIN 966  Raised countersunk head screws H;2X16;209662X16;
1139;A2;DIN 966;A2 DIN 966  Raised countersunk head screws H;2X20;209662X20;
1139;A2;DIN 966;A2 DIN 966  Raised countersunk head screws H;3X14;209663X14;
1139;A2;DIN 966;A2 DIN 966  Raised countersunk head screws H;3X22;209663X22;
1139;A2;DIN 966;A2 DIN 966  Raised countersunk head screws H;4X18;209664X18;
1139;A2;DIN 966;A2 DIN 966  Raised countersunk head screws H;4X22;209664X22;
1139;A2;DIN 966;A2 DIN 966  Raised countersunk head screws H;4X55;209664X55;
1139;A2;DIN 966;A2 DIN 966  Raised countersunk head screws H;4X60;209664X60;
1139;A2;DIN 966;A2 DIN 966  Raised countersunk head screws H;5X22;209665X22;
1139;A2;DIN 966;A2 DIN 966  Raised countersunk head screws H;5X90;209665X90;
1139;A2;DIN 966;A2 DIN 966  Raised countersunk head screws H;5X100;209665X100;
1139;A2;DIN 966;A2 DIN 966  Raised countersunk head screws H;6X18;209666X18;
1139;A2;DIN 966;A2 DIN 966  Raised countersunk head screws H;6X90;209666X90;
1139;A2;DIN 966;A2 DIN 966  Raised countersunk head screws H;6X100;209666X100;
1139;A2;DIN 966;A2 DIN 966  Raised countersunk head screws H;8X80;209668X80;
1139;A2;DIN 966;A2 DIN 966  Raised countersunk head screws H;8X90;209668X90;
1139;A2;DIN 976 x 1000-2000-3000;A2 DIN 976  Threaded rods;2;209762;
1139;A2;DIN 976 x 1000-2000-3000;A2 DIN 976  Threaded rods;2,5;209762,5;
1139;A2;DIN 976 x 1000-2000-3000;A2 DIN 976  Threaded rods;3;209763;
1139;A2;DIN 976 x 1000-2000-3000;A2 DIN 976  Threaded rods;4;209764;
1139;A2;DIN 976 x 1000-2000-3000;A2 DIN 976  Threaded rods;5;209765;
1139;A2;DIN 976 x 1000-2000-3000;A2 DIN 976  Threaded rods;5X3000;209765X3000;
1139;A2;DIN 976 x 1000-2000-3000;A2 DIN 976  Threaded rods;6;209766;
1139;A2;DIN 976 x 1000-2000-3000;A2 DIN 976  Threaded rods;6X2000;209766X2000;
1139;A2;DIN 976 x 1000-2000-3000;A2 DIN 976  Threaded rods;6X3000;209766X3000;
1139;A2;DIN 976 x 1000-2000-3000;A2 DIN 976  Threaded rods;8;209768;
1139;A2;DIN 976 x 1000-2000-3000;A2 DIN 976  Threaded rods;8X2000;209768X2000;
1139;A2;DIN 976 x 1000-2000-3000;A2 DIN 976  Threaded rods;8X3000;209768X3000;
1139;A2;DIN 976 x 1000-2000-3000;A2 DIN 976  Threaded rods;10;2097610;
1139;A2;DIN 976 x 1000-2000-3000;A2 DIN 976  Threaded rods;10X2000;2097610X2000;
1139;A2;DIN 976 x 1000-2000-3000;A2 DIN 976  Threaded rods;10X3000;2097610X3000;
1139;A2;DIN 976 x 1000-2000-3000;A2 DIN 976  Threaded rods;12;2097612;
1139;A2;DIN 976 x 1000-2000-3000;A2 DIN 976  Threaded rods;12X2000;2097612X2000;
1139;A2;DIN 976 x 1000-2000-3000;A2 DIN 976  Threaded rods;12X3000;2097612X3000;
1139;A2;DIN 976 x 1000-2000-3000;A2 DIN 976  Threaded rods;14;2097614;
1139;A2;DIN 976 x 1000-2000-3000;A2 DIN 976  Threaded rods;14X2000;2097614X2000;
1139;A2;DIN 976 x 1000-2000-3000;A2 DIN 976  Threaded rods;14X3000;2097614X3000;
1139;A2;DIN 976 x 1000-2000-3000;A2 DIN 976  Threaded rods;16;2097616;
1139;A2;DIN 976 x 1000-2000-3000;A2 DIN 976  Threaded rods;16X2000;2097616X2000;
1139;A2;DIN 976 x 1000-2000-3000;A2 DIN 976  Threaded rods;16X3000;2097616X3000;
1139;A2;DIN 976 x 1000-2000-3000;A2 DIN 976  Threaded rods;18;2097618;
1139;A2;DIN 976 x 1000-2000-3000;A2 DIN 976  Threaded rods;18X2000;2097618X2000;
1139;A2;DIN 976 x 1000-2000-3000;A2 DIN 976  Threaded rods;18X3000;2097618X3000;
1139;A2;DIN 976 x 1000-2000-3000;A2 DIN 976  Threaded rods;20;2097620;
1139;A2;DIN 976 x 1000-2000-3000;A2 DIN 976  Threaded rods;20X2000;2097620X2000;
1139;A2;DIN 976 x 1000-2000-3000;A2 DIN 976  Threaded rods;20x3000;2097620x3000;
1139;A2;DIN 976 x 1000-2000-3000;A2 DIN 976  Threaded rods;22;2097622;
1139;A2;DIN 976 x 1000-2000-3000;A2 DIN 976  Threaded rods;22X2000;2097622X2000;
1139;A2;DIN 976 x 1000-2000-3000;A2 DIN 976  Threaded rods;22X3000;2097622X3000;
1139;A2;DIN 976 x 1000-2000-3000;A2 DIN 976  Threaded rods;24;2097624;
1139;A2;DIN 976 x 1000-2000-3000;A2 DIN 976  Threaded rods;24X2000;2097624X2000;
1139;A2;DIN 976 x 1000-2000-3000;A2 DIN 976  Threaded rods;24X3000;2097624X3000;
1139;A2;DIN 976 x 1000-2000-3000;A2 DIN 976  Threaded rods;27;2097627;
1139;A2;DIN 976 x 1000-2000-3000;A2 DIN 976  Threaded rods;27X2000;2097627X2000;
1139;A2;DIN 976 x 1000-2000-3000;A2 DIN 976  Threaded rods;27X3000;2097627X3000;
1139;A2;DIN 976 x 1000-2000-3000;A2 DIN 976  Threaded rods;30;2097630;
1139;A2;DIN 976 x 1000-2000-3000;A2 DIN 976  Threaded rods;30x2000;2097630x2000;
1139;A2;DIN 976 x 1000-2000-3000;A2 DIN 976  Threaded rods;30X3000;2097630X3000;
1139;A2;DIN 976 x 1000-2000-3000;A2 DIN 976  Threaded rods;33;2097633;
1139;A2;DIN 976 x 1000-2000-3000;A2 DIN 976  Threaded rods;33X2000;2097633X2000;
1139;A2;DIN 976 x 1000-2000-3000;A2 DIN 976  Threaded rods;33X3000;2097633X3000;
1139;A2;DIN 976 x 1000-2000-3000;A2 DIN 976  Threaded rods;36;2097636;
1139;A2;DIN 976 x 1000-2000-3000;A2 DIN 976  Threaded rods;36X2000;2097636X2000;
1139;A2;DIN 976 x 1000-2000-3000;A2 DIN 976  Threaded rods;36X3000;2097636X3000;
1139;A2;DIN 976 x 1000-2000-3000;A2 DIN 976  Threaded rods;39;2097639;
1139;A2;DIN 976 x 1000-2000-3000;A2 DIN 976  Threaded rods;39X2000;2097639X2000;
1139;A2;DIN 976 x 1000-2000-3000;A2 DIN 976  Threaded rods;39X3000;2097639X3000;
1139;A2;DIN 976 x 1000-2000-3000;A2 DIN 976  Threaded rods;42;2097642;
1139;A2;DIN 976 x 1000-2000-3000;A2 DIN 976  Threaded rods;45;2097645;
1139;A2;DIN 976 x 1000-2000-3000;A2 DIN 976  Threaded rods;48;2097648;
1139;A2;DIN 976 x 1000-2000-3000;A2 DIN 976  Threaded rods;52;2097652;
1139;A2;DIN 976 B;A2 DIN 976  Stud bolts Type B;6X16;20976B6X16;
1139;A2;DIN 976 B;A2 DIN 976  Stud bolts Type B;6X20;20976B6X20;
1139;A2;DIN 976 B;A2 DIN 976  Stud bolts Type B;6X25;20976B6X25;
1139;A2;DIN 976 B;A2 DIN 976  Stud bolts Type B;6X30;20976B6X30;
1139;A2;DIN 976 B;A2 DIN 976  Stud bolts Type B;6X35;20976B6X35;
1139;A2;DIN 976 B;A2 DIN 976  Stud bolts Type B;6X40;20976B6X40;
1139;A2;DIN 976 B;A2 DIN 976  Stud bolts Type B;6X45;20976B6X45;
1139;A2;DIN 976 B;A2 DIN 976  Stud bolts Type B;6X50;20976B6X50;
1139;A2;DIN 976 B;A2 DIN 976  Stud bolts Type B;6X55;20976B6X55;
1139;A2;DIN 976 B;A2 DIN 976  Stud bolts Type B;6X60;20976B6X60;
1139;A2;DIN 976 B;A2 DIN 976  Stud bolts Type B;6X65;20976B6X65;
1139;A2;DIN 976 B;A2 DIN 976  Stud bolts Type B;6X70;20976B6X70;
1139;A2;DIN 976 B;A2 DIN 976  Stud bolts Type B;6X75;20976B6X75;
1139;A2;DIN 976 B;A2 DIN 976  Stud bolts Type B;6X80;20976B6X80;
1139;A2;DIN 976 B;A2 DIN 976  Stud bolts Type B;6X90;20976B6X90;
1139;A2;DIN 976 B;A2 DIN 976  Stud bolts Type B;6X100;20976B6X100;
1139;A2;DIN 976 B;A2 DIN 976  Stud bolts Type B;8X20;20976B8X20;
1139;A2;DIN 976 B;A2 DIN 976  Stud bolts Type B;8X25;20976B8X25;
1139;A2;DIN 976 B;A2 DIN 976  Stud bolts Type B;8X30;20976B8X30;
1139;A2;DIN 976 B;A2 DIN 976  Stud bolts Type B;8X35;20976B8X35;
1139;A2;DIN 976 B;A2 DIN 976  Stud bolts Type B;8X40;20976B8X40;
1139;A2;DIN 976 B;A2 DIN 976  Stud bolts Type B;8X45;20976B8X45;
1139;A2;DIN 976 B;A2 DIN 976  Stud bolts Type B;8X50;20976B8X50;
1139;A2;DIN 976 B;A2 DIN 976  Stud bolts Type B;8X55;20976B8X55;
1139;A2;DIN 976 B;A2 DIN 976  Stud bolts Type B;8X60;20976B8X60;
1139;A2;DIN 976 B;A2 DIN 976  Stud bolts Type B;8X65;20976B8X65;
1139;A2;DIN 976 B;A2 DIN 976  Stud bolts Type B;8X70;20976B8X70;
1139;A2;DIN 976 B;A2 DIN 976  Stud bolts Type B;8X75;20976B8X75;
1139;A2;DIN 976 B;A2 DIN 976  Stud bolts Type B;8X80;20976B8X80;
1139;A2;DIN 976 B;A2 DIN 976  Stud bolts Type B;8X85;20976B8X85;
1139;A2;DIN 976 B;A2 DIN 976  Stud bolts Type B;8X90;20976B8X90;
1139;A2;DIN 976 B;A2 DIN 976  Stud bolts Type B;8X95;20976B8X95;
1139;A2;DIN 976 B;A2 DIN 976  Stud bolts Type B;8X100;20976B8X100;
1139;A2;DIN 976 B;A2 DIN 976  Stud bolts Type B;8X110;20976B8X110;
1139;A2;DIN 976 B;A2 DIN 976  Stud bolts Type B;8X120;20976B8X120;
1139;A2;DIN 976 B;A2 DIN 976  Stud bolts Type B;8X130;20976B8X130;
1139;A2;DIN 976 B;A2 DIN 976  Stud bolts Type B;8X140;20976B8X140;
1139;A2;DIN 976 B;A2 DIN 976  Stud bolts Type B;8X150;20976B8X150;
1139;A2;DIN 976 B;A2 DIN 976  Stud bolts Type B;8X160;20976B8X160;
1139;A2;DIN 976 B;A2 DIN 976  Stud bolts Type B;8X170;20976B8X170;
1139;A2;DIN 976 B;A2 DIN 976  Stud bolts Type B;8X180;20976B8X180;
1139;A2;DIN 976 B;A2 DIN 976  Stud bolts Type B;8X190;20976B8X190;
1139;A2;DIN 976 B;A2 DIN 976  Stud bolts Type B;8X200;20976B8X200;
1139;A2;DIN 976 B;A2 DIN 976  Stud bolts Type B;8X250;20976B8X250;
1139;A2;DIN 976 B;A2 DIN 976  Stud bolts Type B;8X500;20976B8X500;
1139;A2;DIN 976 B;A2 DIN 976  Stud bolts Type B;10X20;20976B10X20;
1139;A2;DIN 976 B;A2 DIN 976  Stud bolts Type B;10X25;20976B10X25;
1139;A2;DIN 976 B;A2 DIN 976  Stud bolts Type B;10X30;20976B10X30;
1139;A2;DIN 976 B;A2 DIN 976  Stud bolts Type B;10X35;20976B10X35;
1139;A2;DIN 976 B;A2 DIN 976  Stud bolts Type B;10X40;20976B10X40;
1139;A2;DIN 976 B;A2 DIN 976  Stud bolts Type B;10X45;20976B10X45;
1139;A2;DIN 976 B;A2 DIN 976  Stud bolts Type B;10X50;20976B10X50;
1139;A2;DIN 976 B;A2 DIN 976  Stud bolts Type B;10X55;20976B10X55;
1139;A2;DIN 976 B;A2 DIN 976  Stud bolts Type B;10X60;20976B10X60;
1139;A2;DIN 976 B;A2 DIN 976  Stud bolts Type B;10X65;20976B10X65;
1139;A2;DIN 976 B;A2 DIN 976  Stud bolts Type B;10X70;20976B10X70;
1139;A2;DIN 976 B;A2 DIN 976  Stud bolts Type B;10X75;20976B10X75;
1139;A2;DIN 976 B;A2 DIN 976  Stud bolts Type B;10X80;20976B10X80;
1139;A2;DIN 976 B;A2 DIN 976  Stud bolts Type B;10X85;20976B10X85;
1139;A2;DIN 976 B;A2 DIN 976  Stud bolts Type B;10X90;20976B10X90;
1139;A2;DIN 976 B;A2 DIN 976  Stud bolts Type B;10X100;20976B10X100;
1139;A2;DIN 976 B;A2 DIN 976  Stud bolts Type B;10X110;20976B10X110;
1139;A2;DIN 976 B;A2 DIN 976  Stud bolts Type B;10X120;20976B10X120;
1139;A2;DIN 976 B;A2 DIN 976  Stud bolts Type B;10X130;20976B10X130;
1139;A2;DIN 976 B;A2 DIN 976  Stud bolts Type B;10X140;20976B10X140;
1139;A2;DIN 976 B;A2 DIN 976  Stud bolts Type B;10X150;20976B10X150;
1139;A2;DIN 976 B;A2 DIN 976  Stud bolts Type B;10X160;20976B10X160;
1139;A2;DIN 976 B;A2 DIN 976  Stud bolts Type B;10X170;20976B10X170;
1139;A2;DIN 976 B;A2 DIN 976  Stud bolts Type B;10X180;20976B10X180;
1139;A2;DIN 976 B;A2 DIN 976  Stud bolts Type B;10X190;20976B10X190;
1139;A2;DIN 976 B;A2 DIN 976  Stud bolts Type B;10X200;20976B10X200;
1139;A2;DIN 976 B;A2 DIN 976  Stud bolts Type B;10X250;20976B10X250;
1139;A2;DIN 976 B;A2 DIN 976  Stud bolts Type B;12X25;20976B12X25;
1139;A2;DIN 976 B;A2 DIN 976  Stud bolts Type B;12X30;20976B12X30;
1139;A2;DIN 976 B;A2 DIN 976  Stud bolts Type B;12X35;20976B12X35;
1139;A2;DIN 976 B;A2 DIN 976  Stud bolts Type B;12X40;20976B12X40;
1139;A2;DIN 976 B;A2 DIN 976  Stud bolts Type B;12X45;20976B12X45;
1139;A2;DIN 976 B;A2 DIN 976  Stud bolts Type B;12X50;20976B12X50;
1139;A2;DIN 976 B;A2 DIN 976  Stud bolts Type B;12X55;20976B12X55;
1139;A2;DIN 976 B;A2 DIN 976  Stud bolts Type B;12X60;20976B12X60;
1139;A2;DIN 976 B;A2 DIN 976  Stud bolts Type B;12X65;20976B12X65;
1139;A2;DIN 976 B;A2 DIN 976  Stud bolts Type B;12X70;20976B12X70;
1139;A2;DIN 976 B;A2 DIN 976  Stud bolts Type B;12X75;20976B12X75;
1139;A2;DIN 976 B;A2 DIN 976  Stud bolts Type B;12X80;20976B12X80;
1139;A2;DIN 976 B;A2 DIN 976  Stud bolts Type B;12X90;20976B12X90;
1139;A2;DIN 976 B;A2 DIN 976  Stud bolts Type B;12X100;20976B12X100;
1139;A2;DIN 976 B;A2 DIN 976  Stud bolts Type B;12X110;20976B12X110;
1139;A2;DIN 976 B;A2 DIN 976  Stud bolts Type B;12X120;20976B12X120;
1139;A2;DIN 976 B;A2 DIN 976  Stud bolts Type B;12X130;20976B12X130;
1139;A2;DIN 976 B;A2 DIN 976  Stud bolts Type B;12X140;20976B12X140;
1139;A2;DIN 976 B;A2 DIN 976  Stud bolts Type B;12X150;20976B12X150;
1139;A2;DIN 976 B;A2 DIN 976  Stud bolts Type B;12X160;20976B12X160;
1139;A2;DIN 976 B;A2 DIN 976  Stud bolts Type B;12X170;20976B12X170;
1139;A2;DIN 976 B;A2 DIN 976  Stud bolts Type B;12X180;20976B12X180;
1139;A2;DIN 976 B;A2 DIN 976  Stud bolts Type B;12X190;20976B12X190;
1139;A2;DIN 976 B;A2 DIN 976  Stud bolts Type B;12X200;20976B12X200;
1139;A2;DIN 976 B;A2 DIN 976  Stud bolts Type B;12X250;20976B12X250;
1139;A2;DIN 976 B;A2 DIN 976  Stud bolts Type B;16X40;20976B16X40;
1139;A2;DIN 976 B;A2 DIN 976  Stud bolts Type B;16X45;20976B16X45;
1139;A2;DIN 976 B;A2 DIN 976  Stud bolts Type B;16X50;20976B16X50;
1139;A2;DIN 976 B;A2 DIN 976  Stud bolts Type B;16X55;20976B16X55;
1139;A2;DIN 976 B;A2 DIN 976  Stud bolts Type B;16X60;20976B16X60;
1139;A2;DIN 976 B;A2 DIN 976  Stud bolts Type B;16X65;20976B16X65;
1139;A2;DIN 976 B;A2 DIN 976  Stud bolts Type B;16X70;20976B16X70;
1139;A2;DIN 976 B;A2 DIN 976  Stud bolts Type B;16X75;20976B16X75;
1139;A2;DIN 976 B;A2 DIN 976  Stud bolts Type B;16X80;20976B16X80;
1139;A2;DIN 976 B;A2 DIN 976  Stud bolts Type B;16X90;20976B16X90;
1139;A2;DIN 976 B;A2 DIN 976  Stud bolts Type B;16X100;20976B16X100;
1139;A2;DIN 976 B;A2 DIN 976  Stud bolts Type B;16X110;20976B16X110;
1139;A2;DIN 976 B;A2 DIN 976  Stud bolts Type B;16X120;20976B16X120;
1139;A2;DIN 976 B;A2 DIN 976  Stud bolts Type B;16X130;20976B16X130;
1139;A2;DIN 976 B;A2 DIN 976  Stud bolts Type B;16X140;20976B16X140;
1139;A2;DIN 976 B;A2 DIN 976  Stud bolts Type B;16X150;20976B16X150;
1139;A2;DIN 976 B;A2 DIN 976  Stud bolts Type B;16X160;20976B16X160;
1139;A2;DIN 976 B;A2 DIN 976  Stud bolts Type B;16X170;20976B16X170;
1139;A2;DIN 976 B;A2 DIN 976  Stud bolts Type B;16X180;20976B16X180;
1139;A2;DIN 976 B;A2 DIN 976  Stud bolts Type B;16X190;20976B16X190;
1139;A2;DIN 976 B;A2 DIN 976  Stud bolts Type B;16X200;20976B16X200;
1139;A2;DIN 976 B;A2 DIN 976  Stud bolts Type B;16X300;20976B16X300;
1139;A2;DIN 976 B;A2 DIN 976  Stud bolts Type B;20X40;20976B20X40;
1139;A2;DIN 976 B;A2 DIN 976  Stud bolts Type B;20X45;20976B20X45;
1139;A2;DIN 976 B;A2 DIN 976  Stud bolts Type B;20X50;20976B20X50;
1139;A2;DIN 976 B;A2 DIN 976  Stud bolts Type B;20X55;20976B20X55;
1139;A2;DIN 976 B;A2 DIN 976  Stud bolts Type B;20X60;20976B20X60;
1139;A2;DIN 976 B;A2 DIN 976  Stud bolts Type B;20X65;20976B20X65;
1139;A2;DIN 976 B;A2 DIN 976  Stud bolts Type B;20X70;20976B20X70;
1139;A2;DIN 976 B;A2 DIN 976  Stud bolts Type B;20X75;20976B20X75;
1139;A2;DIN 976 B;A2 DIN 976  Stud bolts Type B;20X80;20976B20X80;
1139;A2;DIN 976 B;A2 DIN 976  Stud bolts Type B;20X90;20976B20X90;
1139;A2;DIN 976 B;A2 DIN 976  Stud bolts Type B;20X100;20976B20X100;
1139;A2;DIN 976 B;A2 DIN 976  Stud bolts Type B;20X110;20976B20X110;
1139;A2;DIN 976 B;A2 DIN 976  Stud bolts Type B;20X120;20976B20X120;
1139;A2;DIN 976 B;A2 DIN 976  Stud bolts Type B;20X130;20976B20X130;
1139;A2;DIN 976 B;A2 DIN 976  Stud bolts Type B;20X140;20976B20X140;
1139;A2;DIN 976 B;A2 DIN 976  Stud bolts Type B;20X150;20976B20X150;
1139;A2;DIN 976 B;A2 DIN 976  Stud bolts Type B;20X160;20976B20X160;
1139;A2;DIN 976 B;A2 DIN 976  Stud bolts Type B;20X170;20976B20X170;
1139;A2;DIN 976 B;A2 DIN 976  Stud bolts Type B;20X180;20976B20X180;
1139;A2;DIN 976 B;A2 DIN 976  Stud bolts Type B;20X190;20976B20X190;
1139;A2;DIN 976 B;A2 DIN 976  Stud bolts Type B;20X200;20976B20X200;
1139;A2;DIN 976 B;A2 DIN 976  Stud bolts Type B;20X250;20976B20X250;
1139;A2;SIM. DIN 980;A2 sim. DIN 980  Prev.torque sim. DIN 980 basis DIN 934;3;209803;
1139;A2;SIM. DIN 980;A2 sim. DIN 980  Prev.torque sim. DIN 980 basis DIN 934;4;209804;
1139;A2;SIM. DIN 980;A2 sim. DIN 980  Prev.torque sim. DIN 980 basis DIN 934;5;209805;
1139;A2;SIM. DIN 980;A2 sim. DIN 980  Prev.torque sim. DIN 980 basis DIN 934;6;209806;
1139;A2;SIM. DIN 980;A2 sim. DIN 980  Prev.torque sim. DIN 980 basis DIN 934;8;209808;
1139;A2;SIM. DIN 980;A2 sim. DIN 980  Prev.torque sim. DIN 980 basis DIN 934;10;2098010;
1139;A2;SIM. DIN 980;A2 sim. DIN 980  Prev.torque sim. DIN 980 basis DIN 934;12;2098012;
1139;A2;SIM. DIN 980;A2 sim. DIN 980  Prev.torque sim. DIN 980 basis DIN 934;14;2098014;
1139;A2;SIM. DIN 980;A2 sim. DIN 980  Prev.torque sim. DIN 980 basis DIN 934;16;2098016;
1139;A2;SIM. DIN 980;A2 sim. DIN 980  Prev.torque sim. DIN 980 basis DIN 934;18;2098018;
1139;A2;SIM. DIN 980;A2 sim. DIN 980  Prev.torque sim. DIN 980 basis DIN 934;20;2098020;
1139;A2;SIM. DIN 980;A2 sim. DIN 980  Prev.torque sim. DIN 980 basis DIN 934;24;2098024;
1139;A2;DIN 982;A2 DIN 982  Prevailing torque hex nuts high type  white ring;27;2098227;
1139;A2;DIN 982;A2 DIN 982  Prevailing torque hex nuts high type  white ring;30;2098230;
1139;A2;DIN 985;A2 DIN 985  Prevailing torque hex nuts thin type  white ring;7;209857;
1139;A2;DIN 94;A2 DIN 94  Split pins;1X36;200941X36;
1139;A2;DIN 94;A2 DIN 94  Split pins;1X40;200941X40;
1139;A2;DIN 94;A2 DIN 94  Split pins;1,2X32;200941,2X32;
1139;A2;DIN 94;A2 DIN 94  Split pins;1,2X40;200941,2X40;
1139;A2;DIN 94;A2 DIN 94  Split pins;1,6X50;200941,6X50;
1139;A2;DIN 94;A2 DIN 94  Split pins;2X8;200942X8;
1139;A2;DIN 94;A2 DIN 94  Split pins;2,5X10;200942,5X10;
1139;A2;DIN 94;A2 DIN 94  Split pins;2,5X63;200942,5X63;
1139;A2;DIN 94;A2 DIN 94  Split pins;3,2X12;200943,2X12;
1139;A2;DIN 94;A2 DIN 94  Split pins;3,2X71;200943,2X71;
1139;A2;DIN 94;A2 DIN 94  Split pins;3,2X80;200943,2X80;
1139;A2;DIN 94;A2 DIN 94  Split pins;3,5X16;200943,5X16;
1139;A2;DIN 94;A2 DIN 94  Split pins;3,5X20;200943,5X20;
1139;A2;DIN 94;A2 DIN 94  Split pins;3,5X25;200943,5X25;
1139;A2;DIN 94;A2 DIN 94  Split pins;3,5X32;200943,5X32;
1139;A2;DIN 94;A2 DIN 94  Split pins;3,5X36;200943,5X36;
1139;A2;DIN 94;A2 DIN 94  Split pins;3,5X40;200943,5X40;
1139;A2;DIN 94;A2 DIN 94  Split pins;3,5X45;200943,5X45;
1139;A2;DIN 94;A2 DIN 94  Split pins;3,5X50;200943,5X50;
1139;A2;DIN 94;A2 DIN 94  Split pins;3,5X63;200943,5X63;
1139;A2;DIN 94;A2 DIN 94  Split pins;3,5X71;200943,5X71;
1139;A2;DIN 94;A2 DIN 94  Split pins;4X90;200944X90;
1139;A2;DIN 94;A2 DIN 94  Split pins;4X100;200944X100;
1139;A2;DIN 94;A2 DIN 94  Split pins;4,5X20;200944,5X20;
1139;A2;DIN 94;A2 DIN 94  Split pins;4,5X25;200944,5X25;
1139;A2;DIN 94;A2 DIN 94  Split pins;4,5X32;200944,5X32;
1139;A2;DIN 94;A2 DIN 94  Split pins;4,5X36;200944,5X36;
1139;A2;DIN 94;A2 DIN 94  Split pins;4,5X40;200944,5X40;
1139;A2;DIN 94;A2 DIN 94  Split pins;4,5X45;200944,5X45;
1139;A2;DIN 94;A2 DIN 94  Split pins;4,5X50;200944,5X50;
1139;A2;DIN 94;A2 DIN 94  Split pins;4,5X63;200944,5X63;
1139;A2;DIN 94;A2 DIN 94  Split pins;4,5X80;200944,5X80;
1139;A2;DIN 94;A2 DIN 94  Split pins;5X20;200945X20;
1139;A2;DIN 94;A2 DIN 94  Split pins;6,3X20;200946,3X20;
1139;A2;DIN 94;A2 DIN 94  Split pins;8X32;200948X32;
1139;A2;DIN 94;A2 DIN 94  Split pins;10X32;2009410X32;
1139;A2;DIN 94;A2 DIN 94  Split pins;10X36;2009410X36;
1139;A2;DIN 94;A2 DIN 94  Split pins;10X40;2009410X40;
1139;A2;DIN 94;A2 DIN 94  Split pins;10X45;2009410X45;
1139;A1;ISO 8752;1.4310 ISO 8752  Slotted spring pins, heavy duty;1X4;214811X4;
1139;A1;ISO 8752;1.4310 ISO 8752  Slotted spring pins, heavy duty;1X5;214811X5;
1139;A1;ISO 8752;1.4310 ISO 8752  Slotted spring pins, heavy duty;1X6;214811X6;
1139;A1;ISO 8752;1.4310 ISO 8752  Slotted spring pins, heavy duty;1X8;214811X8;
1139;A1;ISO 8752;1.4310 ISO 8752  Slotted spring pins, heavy duty;1X12;214811X12;
1139;A1;ISO 8752;1.4310 ISO 8752  Slotted spring pins, heavy duty;1X16;214811X16;
1139;A1;ISO 8752;1.4310 ISO 8752  Slotted spring pins, heavy duty;1X20;214811X20;
1139;A1;ISO 8752;1.4310 ISO 8752  Slotted spring pins, heavy duty;1,5X4;214811,5X4;
1139;A1;ISO 8752;1.4310 ISO 8752  Slotted spring pins, heavy duty;1,5X5;214811,5X5;
1139;A1;ISO 8752;1.4310 ISO 8752  Slotted spring pins, heavy duty;1,5X6;214811,5X6;
1139;A1;ISO 8752;1.4310 ISO 8752  Slotted spring pins, heavy duty;1,5X8;214811,5X8;
1139;A1;ISO 8752;1.4310 ISO 8752  Slotted spring pins, heavy duty;1,5X10;214811,5X10;
1139;A1;ISO 8752;1.4310 ISO 8752  Slotted spring pins, heavy duty;1,5X12;214811,5X12;
1139;A1;ISO 8752;1.4310 ISO 8752  Slotted spring pins, heavy duty;1,5X14;214811,5X14;
1139;A1;ISO 8752;1.4310 ISO 8752  Slotted spring pins, heavy duty;1,5X16;214811,5X16;
1139;A1;ISO 8752;1.4310 ISO 8752  Slotted spring pins, heavy duty;1,5X18;214811,5X18;
1139;A1;ISO 8752;1.4310 ISO 8752  Slotted spring pins, heavy duty;1,5X20;214811,5X20;
1139;A1;ISO 8752;1.4310 ISO 8752  Slotted spring pins, heavy duty;2X4;214812X4;
1139;A1;ISO 8752;1.4310 ISO 8752  Slotted spring pins, heavy duty;2X5;214812X5;
1139;A1;ISO 8752;1.4310 ISO 8752  Slotted spring pins, heavy duty;2X6;214812X6;
1139;A1;ISO 8752;1.4310 ISO 8752  Slotted spring pins, heavy duty;2X8;214812X8;
1139;A1;ISO 8752;1.4310 ISO 8752  Slotted spring pins, heavy duty;2X10;214812X10;
1139;A1;ISO 8752;1.4310 ISO 8752  Slotted spring pins, heavy duty;2X12;214812X12;
1139;A1;ISO 8752;1.4310 ISO 8752  Slotted spring pins, heavy duty;2X14;214812X14;
1139;A1;ISO 8752;1.4310 ISO 8752  Slotted spring pins, heavy duty;2X16;214812X16;
1139;A1;ISO 8752;1.4310 ISO 8752  Slotted spring pins, heavy duty;2X18;214812X18;
1139;A1;ISO 8752;1.4310 ISO 8752  Slotted spring pins, heavy duty;2X20;214812X20;
1139;A1;ISO 8752;1.4310 ISO 8752  Slotted spring pins, heavy duty;2X22;214812X22;
1139;A1;ISO 8752;1.4310 ISO 8752  Slotted spring pins, heavy duty;2X24;214812X24;
1139;A1;ISO 8752;1.4310 ISO 8752  Slotted spring pins, heavy duty;2X26;214812X26;
1139;A1;ISO 8752;1.4310 ISO 8752  Slotted spring pins, heavy duty;2X28;214812X28;
1139;A1;ISO 8752;1.4310 ISO 8752  Slotted spring pins, heavy duty;2X30;214812X30;
1139;A1;ISO 8752;1.4310 ISO 8752  Slotted spring pins, heavy duty;2,5X4;214812,5X4;
1139;A1;ISO 8752;1.4310 ISO 8752  Slotted spring pins, heavy duty;2,5X5;214812,5X5;
1139;A1;ISO 8752;1.4310 ISO 8752  Slotted spring pins, heavy duty;2,5X6;214812,5X6;
1139;A1;ISO 8752;1.4310 ISO 8752  Slotted spring pins, heavy duty;2,5X8;214812,5X8;
1139;A1;ISO 8752;1.4310 ISO 8752  Slotted spring pins, heavy duty;2,5X10;214812,5X10;
1139;A1;ISO 8752;1.4310 ISO 8752  Slotted spring pins, heavy duty;2,5X12;214812,5X12;
1139;A1;ISO 8752;1.4310 ISO 8752  Slotted spring pins, heavy duty;2,5X14;214812,5X14;
1139;A1;ISO 8752;1.4310 ISO 8752  Slotted spring pins, heavy duty;2,5X16;214812,5X16;
1139;A1;ISO 8752;1.4310 ISO 8752  Slotted spring pins, heavy duty;2,5X18;214812,5X18;
1139;A1;ISO 8752;1.4310 ISO 8752  Slotted spring pins, heavy duty;2,5X20;214812,5X20;
1139;A1;ISO 8752;1.4310 ISO 8752  Slotted spring pins, heavy duty;2,5X22;214812,5X22;
1139;A1;ISO 8752;1.4310 ISO 8752  Slotted spring pins, heavy duty;2,5X24;214812,5X24;
1139;A1;ISO 8752;1.4310 ISO 8752  Slotted spring pins, heavy duty;2,5X26;214812,5X26;
1139;A1;ISO 8752;1.4310 ISO 8752  Slotted spring pins, heavy duty;2,5X28;214812,5X28;
1139;A1;ISO 8752;1.4310 ISO 8752  Slotted spring pins, heavy duty;2,5X30;214812,5X30;
1139;A1;ISO 8752;1.4310 ISO 8752  Slotted spring pins, heavy duty;3X4;214813X4;
1139;A1;ISO 8752;1.4310 ISO 8752  Slotted spring pins, heavy duty;3X5;214813X5;
1139;A1;ISO 8752;1.4310 ISO 8752  Slotted spring pins, heavy duty;3X6;214813X6;
1139;A1;ISO 8752;1.4310 ISO 8752  Slotted spring pins, heavy duty;3X8;214813X8;
1139;A1;ISO 8752;1.4310 ISO 8752  Slotted spring pins, heavy duty;3X10;214813X10;
1139;A1;ISO 8752;1.4310 ISO 8752  Slotted spring pins, heavy duty;3X12;214813X12;
1139;A1;ISO 8752;1.4310 ISO 8752  Slotted spring pins, heavy duty;3X14;214813X14;
1139;A1;ISO 8752;1.4310 ISO 8752  Slotted spring pins, heavy duty;3X16;214813X16;
1139;A1;ISO 8752;1.4310 ISO 8752  Slotted spring pins, heavy duty;3X18;214813X18;
1139;A1;ISO 8752;1.4310 ISO 8752  Slotted spring pins, heavy duty;3X20;214813X20;
1139;A1;ISO 8752;1.4310 ISO 8752  Slotted spring pins, heavy duty;3X22;214813X22;
1139;A1;ISO 8752;1.4310 ISO 8752  Slotted spring pins, heavy duty;3X24;214813X24;
1139;A1;ISO 8752;1.4310 ISO 8752  Slotted spring pins, heavy duty;3X26;214813X26;
1139;A1;ISO 8752;1.4310 ISO 8752  Slotted spring pins, heavy duty;3X28;214813X28;
1139;A1;ISO 8752;1.4310 ISO 8752  Slotted spring pins, heavy duty;3X30;214813X30;
1139;A1;ISO 8752;1.4310 ISO 8752  Slotted spring pins, heavy duty;3X32;214813X32;
1139;A1;ISO 8752;1.4310 ISO 8752  Slotted spring pins, heavy duty;3X36;214813X36;
1139;A1;ISO 8752;1.4310 ISO 8752  Slotted spring pins, heavy duty;3X40;214813X40;
1139;A1;ISO 8752;1.4310 ISO 8752  Slotted spring pins, heavy duty;3,5X8;214813,5X8;
1139;A1;ISO 8752;1.4310 ISO 8752  Slotted spring pins, heavy duty;3,5X10;214813,5X10;
1139;A1;ISO 8752;1.4310 ISO 8752  Slotted spring pins, heavy duty;3,5X12;214813,5X12;
1139;A1;ISO 8752;1.4310 ISO 8752  Slotted spring pins, heavy duty;3,5X14;214813,5X14;
1139;A1;ISO 8752;1.4310 ISO 8752  Slotted spring pins, heavy duty;3,5X16;214813,5X16;
1139;A1;ISO 8752;1.4310 ISO 8752  Slotted spring pins, heavy duty;3,5X18;214813,5X18;
1139;A1;ISO 8752;1.4310 ISO 8752  Slotted spring pins, heavy duty;3,5X20;214813,5X20;
1139;A1;ISO 8752;1.4310 ISO 8752  Slotted spring pins, heavy duty;3,5X22;214813,5X22;
1139;A1;ISO 8752;1.4310 ISO 8752  Slotted spring pins, heavy duty;3,5X24;214813,5X24;
1139;A1;ISO 8752;1.4310 ISO 8752  Slotted spring pins, heavy duty;3,5X26;214813,5X26;
1139;A1;ISO 8752;1.4310 ISO 8752  Slotted spring pins, heavy duty;3,5X28;214813,5X28;
1139;A1;ISO 8752;1.4310 ISO 8752  Slotted spring pins, heavy duty;3,5X30;214813,5X30;
1139;A1;ISO 8752;1.4310 ISO 8752  Slotted spring pins, heavy duty;3,5X32;214813,5X32;
1139;A1;ISO 8752;1.4310 ISO 8752  Slotted spring pins, heavy duty;3,5X36;214813,5X36;
1139;A1;ISO 8752;1.4310 ISO 8752  Slotted spring pins, heavy duty;3,5X40;214813,5X40;
1139;A1;ISO 8752;1.4310 ISO 8752  Slotted spring pins, heavy duty;4X6;214814X6;
1139;A1;ISO 8752;1.4310 ISO 8752  Slotted spring pins, heavy duty;4X8;214814X8;
1139;A1;ISO 8752;1.4310 ISO 8752  Slotted spring pins, heavy duty;4X10;214814X10;
1139;A1;ISO 8752;1.4310 ISO 8752  Slotted spring pins, heavy duty;4X12;214814X12;
1139;A1;ISO 8752;1.4310 ISO 8752  Slotted spring pins, heavy duty;4X14;214814X14;
1139;A1;ISO 8752;1.4310 ISO 8752  Slotted spring pins, heavy duty;4X16;214814X16;
1139;A1;ISO 8752;1.4310 ISO 8752  Slotted spring pins, heavy duty;4X18;214814X18;
1139;A1;ISO 8752;1.4310 ISO 8752  Slotted spring pins, heavy duty;4X20;214814X20;
1139;A1;ISO 8752;1.4310 ISO 8752  Slotted spring pins, heavy duty;4X22;214814X22;
1139;A1;ISO 8752;1.4310 ISO 8752  Slotted spring pins, heavy duty;4X24;214814X24;
1139;A1;ISO 8752;1.4310 ISO 8752  Slotted spring pins, heavy duty;4X26;214814X26;
1139;A1;ISO 8752;1.4310 ISO 8752  Slotted spring pins, heavy duty;4X28;214814X28;
1139;A1;ISO 8752;1.4310 ISO 8752  Slotted spring pins, heavy duty;4X30;214814X30;
1139;A1;ISO 8752;1.4310 ISO 8752  Slotted spring pins, heavy duty;4X32;214814X32;
1139;A1;ISO 8752;1.4310 ISO 8752  Slotted spring pins, heavy duty;4X36;214814X36;
1139;A1;ISO 8752;1.4310 ISO 8752  Slotted spring pins, heavy duty;4X40;214814X40;
1139;A1;ISO 8752;1.4310 ISO 8752  Slotted spring pins, heavy duty;4X45;214814X45;
1139;A1;ISO 8752;1.4310 ISO 8752  Slotted spring pins, heavy duty;4X50;214814X50;
1139;A1;ISO 8752;1.4310 ISO 8752  Slotted spring pins, heavy duty;4,5X10;214814,5X10;
1139;A1;ISO 8752;1.4310 ISO 8752  Slotted spring pins, heavy duty;4,5X12;214814,5X12;
1139;A1;ISO 8752;1.4310 ISO 8752  Slotted spring pins, heavy duty;4,5X14;214814,5X14;
1139;A1;ISO 8752;1.4310 ISO 8752  Slotted spring pins, heavy duty;4,5X16;214814,5X16;
1139;A1;ISO 8752;1.4310 ISO 8752  Slotted spring pins, heavy duty;4,5X18;214814,5X18;
1139;A1;ISO 8752;1.4310 ISO 8752  Slotted spring pins, heavy duty;4,5X20;214814,5X20;
1139;A1;ISO 8752;1.4310 ISO 8752  Slotted spring pins, heavy duty;4,5X22;214814,5X22;
1139;A1;ISO 8752;1.4310 ISO 8752  Slotted spring pins, heavy duty;4,5X24;214814,5X24;
1139;A1;ISO 8752;1.4310 ISO 8752  Slotted spring pins, heavy duty;4,5X26;214814,5X26;
1139;A1;ISO 8752;1.4310 ISO 8752  Slotted spring pins, heavy duty;4,5X28;214814,5X28;
1139;A1;ISO 8752;1.4310 ISO 8752  Slotted spring pins, heavy duty;4,5X30;214814,5X30;
1139;A1;ISO 8752;1.4310 ISO 8752  Slotted spring pins, heavy duty;4,5X32;214814,5X32;
1139;A1;ISO 8752;1.4310 ISO 8752  Slotted spring pins, heavy duty;4,5X36;214814,5X36;
1139;A1;ISO 8752;1.4310 ISO 8752  Slotted spring pins, heavy duty;4,5X40;214814,5X40;
1139;A1;ISO 8752;1.4310 ISO 8752  Slotted spring pins, heavy duty;4,5X45;214814,5X45;
1139;A1;ISO 8752;1.4310 ISO 8752  Slotted spring pins, heavy duty;4,5X50;214814,5X50;
1139;A1;ISO 8752;1.4310 ISO 8752  Slotted spring pins, heavy duty;5X6;214815X6;
1139;A1;ISO 8752;1.4310 ISO 8752  Slotted spring pins, heavy duty;5X8;214815X8;
1139;A1;ISO 8752;1.4310 ISO 8752  Slotted spring pins, heavy duty;5X10;214815X10;
1139;A1;ISO 8752;1.4310 ISO 8752  Slotted spring pins, heavy duty;5X12;214815X12;
1139;A1;ISO 8752;1.4310 ISO 8752  Slotted spring pins, heavy duty;5X14;214815X14;
1139;A1;ISO 8752;1.4310 ISO 8752  Slotted spring pins, heavy duty;5X16;214815X16;
1139;A1;ISO 8752;1.4310 ISO 8752  Slotted spring pins, heavy duty;5X18;214815X18;
1139;A1;ISO 8752;1.4310 ISO 8752  Slotted spring pins, heavy duty;5X20;214815X20;
1139;A1;ISO 8752;1.4310 ISO 8752  Slotted spring pins, heavy duty;5X22;214815X22;
1139;A1;ISO 8752;1.4310 ISO 8752  Slotted spring pins, heavy duty;5X24;214815X24;
1139;A1;ISO 8752;1.4310 ISO 8752  Slotted spring pins, heavy duty;5X26;214815X26;
1139;A1;ISO 8752;1.4310 ISO 8752  Slotted spring pins, heavy duty;5X28;214815X28;
1139;A1;ISO 8752;1.4310 ISO 8752  Slotted spring pins, heavy duty;5X30;214815X30;
1139;A1;ISO 8752;1.4310 ISO 8752  Slotted spring pins, heavy duty;5X32;214815X32;
1139;A1;ISO 8752;1.4310 ISO 8752  Slotted spring pins, heavy duty;5X36;214815X36;
1139;A1;ISO 8752;1.4310 ISO 8752  Slotted spring pins, heavy duty;5X40;214815X40;
1139;A1;ISO 8752;1.4310 ISO 8752  Slotted spring pins, heavy duty;5X45;214815X45;
1139;A1;ISO 8752;1.4310 ISO 8752  Slotted spring pins, heavy duty;5X50;214815X50;
1139;A1;ISO 8752;1.4310 ISO 8752  Slotted spring pins, heavy duty;5X55;214815X55;
1139;A1;ISO 8752;1.4310 ISO 8752  Slotted spring pins, heavy duty;5X60;214815X60;
1139;A1;ISO 8752;1.4310 ISO 8752  Slotted spring pins, heavy duty;5X65;214815X65;
1139;A1;ISO 8752;1.4310 ISO 8752  Slotted spring pins, heavy duty;5X70;214815X70;
1139;A1;ISO 8752;1.4310 ISO 8752  Slotted spring pins, heavy duty;6X10;214816X10;
1139;A1;ISO 8752;1.4310 ISO 8752  Slotted spring pins, heavy duty;6X12;214816X12;
1139;A1;ISO 8752;1.4310 ISO 8752  Slotted spring pins, heavy duty;6X14;214816X14;
1139;A1;ISO 8752;1.4310 ISO 8752  Slotted spring pins, heavy duty;6X16;214816X16;
1139;A1;ISO 8752;1.4310 ISO 8752  Slotted spring pins, heavy duty;6X18;214816X18;
1139;A1;ISO 8752;1.4310 ISO 8752  Slotted spring pins, heavy duty;6X20;214816X20;
1139;A1;ISO 8752;1.4310 ISO 8752  Slotted spring pins, heavy duty;6X22;214816X22;
1139;A1;ISO 8752;1.4310 ISO 8752  Slotted spring pins, heavy duty;6X24;214816X24;
1139;A1;ISO 8752;1.4310 ISO 8752  Slotted spring pins, heavy duty;6X26;214816X26;
1139;A1;ISO 8752;1.4310 ISO 8752  Slotted spring pins, heavy duty;6X28;214816X28;
1139;A1;ISO 8752;1.4310 ISO 8752  Slotted spring pins, heavy duty;6X30;214816X30;
1139;A1;ISO 8752;1.4310 ISO 8752  Slotted spring pins, heavy duty;6X32;214816X32;
1139;A1;ISO 8752;1.4310 ISO 8752  Slotted spring pins, heavy duty;6X36;214816X36;
1139;A1;ISO 8752;1.4310 ISO 8752  Slotted spring pins, heavy duty;6X40;214816X40;
1139;A1;ISO 8752;1.4310 ISO 8752  Slotted spring pins, heavy duty;6X45;214816X45;
1139;A1;ISO 8752;1.4310 ISO 8752  Slotted spring pins, heavy duty;6X50;214816X50;
1139;A1;ISO 8752;1.4310 ISO 8752  Slotted spring pins, heavy duty;6X55;214816X55;
1139;A1;ISO 8752;1.4310 ISO 8752  Slotted spring pins, heavy duty;6X60;214816X60;
1139;A1;ISO 8752;1.4310 ISO 8752  Slotted spring pins, heavy duty;6X65;214816X65;
1139;A1;ISO 8752;1.4310 ISO 8752  Slotted spring pins, heavy duty;6X70;214816X70;
1139;A1;ISO 8752;1.4310 ISO 8752  Slotted spring pins, heavy duty;6X75;214816X75;
1139;A1;ISO 8752;1.4310 ISO 8752  Slotted spring pins, heavy duty;6X80;214816X80;
1139;A1;ISO 8752;1.4310 ISO 8752  Slotted spring pins, heavy duty;8X10;214818X10;
1139;A1;ISO 8752;1.4310 ISO 8752  Slotted spring pins, heavy duty;8X12;214818X12;
1139;A1;ISO 8752;1.4310 ISO 8752  Slotted spring pins, heavy duty;8X14;214818X14;
1139;A1;ISO 8752;1.4310 ISO 8752  Slotted spring pins, heavy duty;8X16;214818X16;
1139;A1;ISO 8752;1.4310 ISO 8752  Slotted spring pins, heavy duty;8X18;214818X18;
1139;A1;ISO 8752;1.4310 ISO 8752  Slotted spring pins, heavy duty;8X20;214818X20;
1139;A1;ISO 8752;1.4310 ISO 8752  Slotted spring pins, heavy duty;8X22;214818X22;
1139;A1;ISO 8752;1.4310 ISO 8752  Slotted spring pins, heavy duty;8X24;214818X24;
1139;A1;ISO 8752;1.4310 ISO 8752  Slotted spring pins, heavy duty;8X26;214818X26;
1139;A1;ISO 8752;1.4310 ISO 8752  Slotted spring pins, heavy duty;8X28;214818X28;
1139;A1;ISO 8752;1.4310 ISO 8752  Slotted spring pins, heavy duty;8X30;214818X30;
1139;A1;ISO 8752;1.4310 ISO 8752  Slotted spring pins, heavy duty;8X32;214818X32;
1139;A1;ISO 8752;1.4310 ISO 8752  Slotted spring pins, heavy duty;8X36;214818X36;
1139;A1;ISO 8752;1.4310 ISO 8752  Slotted spring pins, heavy duty;8X40;214818X40;
1139;A1;ISO 8752;1.4310 ISO 8752  Slotted spring pins, heavy duty;8X45;214818X45;
1139;A1;ISO 8752;1.4310 ISO 8752  Slotted spring pins, heavy duty;8X50;214818X50;
1139;A1;ISO 8752;1.4310 ISO 8752  Slotted spring pins, heavy duty;8X55;214818X55;
1139;A1;ISO 8752;1.4310 ISO 8752  Slotted spring pins, heavy duty;8X60;214818X60;
1139;A1;ISO 8752;1.4310 ISO 8752  Slotted spring pins, heavy duty;8X65;214818X65;
1139;A1;ISO 8752;1.4310 ISO 8752  Slotted spring pins, heavy duty;8X70;214818X70;
1139;A1;ISO 8752;1.4310 ISO 8752  Slotted spring pins, heavy duty;8X75;214818X75;
1139;A1;ISO 8752;1.4310 ISO 8752  Slotted spring pins, heavy duty;8X80;214818X80;
1139;A1;ISO 8752;1.4310 ISO 8752  Slotted spring pins, heavy duty;8X85;214818X85;
1139;A1;ISO 8752;1.4310 ISO 8752  Slotted spring pins, heavy duty;8X90;214818X90;
1139;A1;ISO 8752;1.4310 ISO 8752  Slotted spring pins, heavy duty;8X100;214818X100;
1139;A1;ISO 8752;1.4310 ISO 8752  Slotted spring pins, heavy duty;10X16;2148110X16;
1139;A1;ISO 8752;1.4310 ISO 8752  Slotted spring pins, heavy duty;10X18;2148110X18;
1139;A1;ISO 8752;1.4310 ISO 8752  Slotted spring pins, heavy duty;10X20;2148110X20;
1139;A1;ISO 8752;1.4310 ISO 8752  Slotted spring pins, heavy duty;10X22;2148110X22;
1139;A1;ISO 8752;1.4310 ISO 8752  Slotted spring pins, heavy duty;10X24;2148110X24;
1139;A1;ISO 8752;1.4310 ISO 8752  Slotted spring pins, heavy duty;10X26;2148110X26;
1139;A1;ISO 8752;1.4310 ISO 8752  Slotted spring pins, heavy duty;10X28;2148110X28;
1139;A1;ISO 8752;1.4310 ISO 8752  Slotted spring pins, heavy duty;10X30;2148110X30;
1139;A1;ISO 8752;1.4310 ISO 8752  Slotted spring pins, heavy duty;10X32;2148110X32;
1139;A1;ISO 8752;1.4310 ISO 8752  Slotted spring pins, heavy duty;10X36;2148110X36;
1139;A1;ISO 8752;1.4310 ISO 8752  Slotted spring pins, heavy duty;10X40;2148110X40;
1139;A1;ISO 8752;1.4310 ISO 8752  Slotted spring pins, heavy duty;10X45;2148110X45;
1139;A1;ISO 8752;1.4310 ISO 8752  Slotted spring pins, heavy duty;10X50;2148110X50;
1139;A1;ISO 8752;1.4310 ISO 8752  Slotted spring pins, heavy duty;10X55;2148110X55;
1139;A1;ISO 8752;1.4310 ISO 8752  Slotted spring pins, heavy duty;10X60;2148110X60;
1139;A1;ISO 8752;1.4310 ISO 8752  Slotted spring pins, heavy duty;10X65;2148110X65;
1139;A1;ISO 8752;1.4310 ISO 8752  Slotted spring pins, heavy duty;10X70;2148110X70;
1139;A1;ISO 8752;1.4310 ISO 8752  Slotted spring pins, heavy duty;10X75;2148110X75;
1139;A1;ISO 8752;1.4310 ISO 8752  Slotted spring pins, heavy duty;10X80;2148110X80;
1139;A1;ISO 8752;1.4310 ISO 8752  Slotted spring pins, heavy duty;10X90;2148110X90;
1139;A1;ISO 8752;1.4310 ISO 8752  Slotted spring pins, heavy duty;10X100;2148110X100;
1139;A1;ISO 8752;1.4310 ISO 8752  Slotted spring pins, heavy duty;10X120;2148110X120;
1139;A1;ISO 8752;1.4310 ISO 8752  Slotted spring pins, heavy duty;12X20;2148112X20;
1139;A1;ISO 8752;1.4310 ISO 8752  Slotted spring pins, heavy duty;12x30;2148112X30;
1139;A1;ISO 8752;1.4310 ISO 8752  Slotted spring pins, heavy duty;12X40;2148112X40;
1139;A1;ISO 8752;1.4310 ISO 8752  Slotted spring pins, heavy duty;12X50;2148112X50;
1139;A1;ISO 8752;1.4310 ISO 8752  Slotted spring pins, heavy duty;12x90;2148112X90;
1139;A2;sim.DIN 315 AF;A2 sim.DIN 315 AF  Wing nuts american type;3;203153;
1139;A2;sim.DIN 315 AF;A2 sim.DIN 315 AF  Wing nuts american type;4;203154;
1139;A2;sim.DIN 315 AF;A2 sim.DIN 315 AF  Wing nuts american type;5;203155;
1139;A2;sim.DIN 315 AF;A2 sim.DIN 315 AF  Wing nuts american type;6;203156;
1139;A2;sim.DIN 315 AF;A2 sim.DIN 315 AF  Wing nuts american type;8;203158;
1139;A2;sim.DIN 315 AF;A2 sim.DIN 315 AF  Wing nuts american type;10;2031510;
1139;A2;sim.DIN 315 AF;A2 sim.DIN 315 AF  Wing nuts american type;12;2031512;
1139;A2;sim.DIN 315 AF;A2 sim.DIN 315 AF  Wing nuts american type;14;2031514;
1139;A2;sim.DIN 315 AF;A2 sim.DIN 315 AF  Wing nuts american type;16;2031516;
1139;A2;sim.DIN 315 AF;A2 sim.DIN 315 AF  Wing nuts american type;18;2031518;
1139;A2;sim.DIN 315 AF;A2 sim.DIN 315 AF  Wing nuts american type;20;2031520;
1139;A2;sim.DIN 316 AF;A2 sim.DIN 316 AF  Wing screws american type;3X10;203163X10;
1139;A2;sim.DIN 316 AF;A2 sim.DIN 316 AF  Wing screws american type;3X12;203163X12;
1139;A2;sim.DIN 316 AF;A2 sim.DIN 316 AF  Wing screws american type;3X16;203163X16;
1139;A2;sim.DIN 316 AF;A2 sim.DIN 316 AF  Wing screws american type;3X20;203163X20;
1139;A2;sim.DIN 316 AF;A2 sim.DIN 316 AF  Wing screws american type;3X25;203163X25;
1139;A2;sim.DIN 316 AF;A2 sim.DIN 316 AF  Wing screws american type;3X30;203163X30;
1139;A2;sim.DIN 316 AF;A2 sim.DIN 316 AF  Wing screws american type;4X10;203164X10;
1139;A2;sim.DIN 316 AF;A2 sim.DIN 316 AF  Wing screws american type;4X12;203164X12;
1139;A2;sim.DIN 316 AF;A2 sim.DIN 316 AF  Wing screws american type;4X16;203164X16;
1139;A2;sim.DIN 316 AF;A2 sim.DIN 316 AF  Wing screws american type;4X20;203164X20;
1139;A2;sim.DIN 316 AF;A2 sim.DIN 316 AF  Wing screws american type;4X25;203164X25;
1139;A2;sim.DIN 316 AF;A2 sim.DIN 316 AF  Wing screws american type;4X30;203164X30;
1139;A2;sim.DIN 316 AF;A2 sim.DIN 316 AF  Wing screws american type;4X40;203164X40;
1139;A2;sim.DIN 316 AF;A2 sim.DIN 316 AF  Wing screws american type;5X10;203165X10;
1139;A2;sim.DIN 316 AF;A2 sim.DIN 316 AF  Wing screws american type;5X12;203165X12;
1139;A2;sim.DIN 316 AF;A2 sim.DIN 316 AF  Wing screws american type;5X16;203165X16;
1139;A2;sim.DIN 316 AF;A2 sim.DIN 316 AF  Wing screws american type;5X20;203165X20;
1139;A2;sim.DIN 316 AF;A2 sim.DIN 316 AF  Wing screws american type;5X25;203165X25;
1139;A2;sim.DIN 316 AF;A2 sim.DIN 316 AF  Wing screws american type;5X30;203165X30;
1139;A2;sim.DIN 316 AF;A2 sim.DIN 316 AF  Wing screws american type;5X35;203165X35;
1139;A2;sim.DIN 316 AF;A2 sim.DIN 316 AF  Wing screws american type;5X40;203165X40;
1139;A2;sim.DIN 316 AF;A2 sim.DIN 316 AF  Wing screws american type;5X45;203165X45;
1139;A2;sim.DIN 316 AF;A2 sim.DIN 316 AF  Wing screws american type;5X50;203165X50;
1139;A2;sim.DIN 316 AF;A2 sim.DIN 316 AF  Wing screws american type;6X10;203166X10;
1139;A2;sim.DIN 316 AF;A2 sim.DIN 316 AF  Wing screws american type;6X12;203166X12;
1139;A2;sim.DIN 316 AF;A2 sim.DIN 316 AF  Wing screws american type;6X16;203166X16;
1139;A2;sim.DIN 316 AF;A2 sim.DIN 316 AF  Wing screws american type;6X20;203166X20;
1139;A2;sim.DIN 316 AF;A2 sim.DIN 316 AF  Wing screws american type;6X25;203166X25;
1139;A2;sim.DIN 316 AF;A2 sim.DIN 316 AF  Wing screws american type;6X30;203166X30;
1139;A2;sim.DIN 316 AF;A2 sim.DIN 316 AF  Wing screws american type;6X35;203166X35;
1139;A2;sim.DIN 316 AF;A2 sim.DIN 316 AF  Wing screws american type;6X40;203166X40;
1139;A2;sim.DIN 316 AF;A2 sim.DIN 316 AF  Wing screws american type;6X45;203166X45;
1139;A2;sim.DIN 316 AF;A2 sim.DIN 316 AF  Wing screws american type;6X50;203166X50;
1139;A2;sim.DIN 316 AF;A2 sim.DIN 316 AF  Wing screws american type;8X12;203168X12;
1139;A2;sim.DIN 316 AF;A2 sim.DIN 316 AF  Wing screws american type;8X16;203168X16;
1139;A2;sim.DIN 316 AF;A2 sim.DIN 316 AF  Wing screws american type;8X20;203168X20;
1139;A2;sim.DIN 316 AF;A2 sim.DIN 316 AF  Wing screws american type;8X25;203168X25;
1139;A2;sim.DIN 316 AF;A2 sim.DIN 316 AF  Wing screws american type;8X30;203168X30;
1139;A2;sim.DIN 316 AF;A2 sim.DIN 316 AF  Wing screws american type;8X35;203168X35;
1139;A2;sim.DIN 316 AF;A2 sim.DIN 316 AF  Wing screws american type;8X40;203168X40;
1139;A2;sim.DIN 316 AF;A2 sim.DIN 316 AF  Wing screws american type;8X45;203168X45;
1139;A2;sim.DIN 316 AF;A2 sim.DIN 316 AF  Wing screws american type;8X50;203168X50;
1139;A2;sim.DIN 316 AF;A2 sim.DIN 316 AF  Wing screws american type;8X60;203168X60;
1139;A2;sim.DIN 316 AF;A2 sim.DIN 316 AF  Wing screws american type;10X16;2031610X16;
1139;A2;sim.DIN 316 AF;A2 sim.DIN 316 AF  Wing screws american type;10X20;2031610X20;
1139;A2;sim.DIN 316 AF;A2 sim.DIN 316 AF  Wing screws american type;10X25;2031610X25;
1139;A2;sim.DIN 316 AF;A2 sim.DIN 316 AF  Wing screws american type;10X30;2031610X30;
1139;A2;sim.DIN 316 AF;A2 sim.DIN 316 AF  Wing screws american type;10X35;2031610X35;
1139;A2;sim.DIN 316 AF;A2 sim.DIN 316 AF  Wing screws american type;10X40;2031610X40;
1139;A2;sim.DIN 316 AF;A2 sim.DIN 316 AF  Wing screws american type;10X45;2031610X45;
1139;A2;sim.DIN 316 AF;A2 sim.DIN 316 AF  Wing screws american type;10X50;2031610X50;
1139;A2;sim.DIN 316 AF;A2 sim.DIN 316 AF  Wing screws american type;12X25;2031612X25;
1139;A2;sim.DIN 316 AF;A2 sim.DIN 316 AF  Wing screws american type;12X30;2031612X30;
1139;A2;sim.DIN 316 AF;A2 sim.DIN 316 AF  Wing screws american type;12X35;2031612X35;
1139;A2;sim.DIN 316 AF;A2 sim.DIN 316 AF  Wing screws american type;12X40;2031612X40;
1139;A2;sim.DIN 316 AF;A2 sim.DIN 316 AF  Wing screws american type;12X50;2031612X50;
1139;A2;DIN 931;A2 DIN 931  Hexagon head screws with shank;22X300;2093122X300;
1139;A2;DIN 933;A2 DIN 933  Hexagon head screws full thread;16X300;2093316X300;
1139;A2;DIN 933;A2 DIN 933  Hexagon head screws full thread;22X160;2093322X160;
1139;A2;DIN 933;A2 DIN 933  Hexagon head screws full thread;22X170;2093322X170;
1139;A2;DIN 933;A2 DIN 933  Hexagon head screws full thread;22X180;2093322X180;
1139;A2;DIN 933;A2 DIN 933  Hexagon head screws full thread;22X190;2093322X190;
1139;A2;DIN 933;A2 DIN 933  Hexagon head screws full thread;22X200;2093322X200;
1139;A2;DIN 933;A2 DIN 933  Hexagon head screws full thread;27X250;2093327X250;
1139;A2;DIN 933;A2 DIN 933  Hexagon head screws full thread;27X300;2093327X300;
1139;A2;ISO 4026 EX DIN 913;A2 ISO 4026 EX DIN 913  Socket setscrews A - flat point;1,6X4;209131,6X4;
1139;A2;ISO 4026 EX DIN 913;A2 ISO 4026 EX DIN 913  Socket setscrews A - flat point;1,6X5;209131,6X5;
1139;A2;ISO 4026 EX DIN 913;A2 ISO 4026 EX DIN 913  Socket setscrews A - flat point;1,6X6;209131,6X6;
1139;A2;ISO 4026 EX DIN 913;A2 ISO 4026 EX DIN 913  Socket setscrews A - flat point;1,6X8;209131,6X8;
1139;A2;ISO 4026 EX DIN 913;A2 ISO 4026 EX DIN 913  Socket setscrews A - flat point;3X18;209133X18;
1139;A2;ISO 4026 EX DIN 913;A2 ISO 4026 EX DIN 913  Socket setscrews A - flat point;3X35;209133X35;
1139;A2;ISO 4026 EX DIN 913;A2 ISO 4026 EX DIN 913  Socket setscrews A - flat point;3X40;209133X40;
1139;A2;ISO 4026 EX DIN 913;A2 ISO 4026 EX DIN 913  Socket setscrews A - flat point;5X60;209135X60;
1139;A2;ISO 4026 EX DIN 913;A2 ISO 4026 EX DIN 913  Socket setscrews A - flat point;6X65;209136X65;
1139;A2;ISO 4026 EX DIN 913;A2 ISO 4026 EX DIN 913  Socket setscrews A - flat point;6X80;209136X80;
1139;A2;ISO 4026 EX DIN 913;A2 ISO 4026 EX DIN 913  Socket setscrews A - flat point;10X110;2091310X110;
1139;A2;ISO 4026 EX DIN 913;A2 ISO 4026 EX DIN 913  Socket setscrews A - flat point;10X120;2091310X120;
1139;A2;ISO 4026 EX DIN 913;A2 ISO 4026 EX DIN 913  Socket setscrews A - flat point;10X140;2091310X140;
1139;A2;ISO 4026 EX DIN 913;A2 ISO 4026 EX DIN 913  Socket setscrews A - flat point;10X150;2091310X150;
1139;A2;ISO 4026 EX DIN 913;A2 ISO 4026 EX DIN 913  Socket setscrews A - flat point;12X65;2091312X65;
1139;A2;ISO 4026 EX DIN 913;A2 ISO 4026 EX DIN 913  Socket setscrews A - flat point;14X14;2091314X14;
1139;A2;ISO 4026 EX DIN 913;A2 ISO 4026 EX DIN 913  Socket setscrews A - flat point;14X20;2091314X20;
1139;A2;ISO 4026 EX DIN 913;A2 ISO 4026 EX DIN 913  Socket setscrews A - flat point;14X40;2091314X40;
1139;A2;ISO 4026 EX DIN 913;A2 ISO 4026 EX DIN 913  Socket setscrews A - flat point;14X50;2091314X50;
1139;A2;ISO 4026 EX DIN 913;A2 ISO 4026 EX DIN 913  Socket setscrews A - flat point;14X70;2091314X70;
1139;A2;ISO 4026 EX DIN 913;A2 ISO 4026 EX DIN 913  Socket setscrews A - flat point;14X80;2091314X80;
1139;A2;ISO 4026 EX DIN 913;A2 ISO 4026 EX DIN 913  Socket setscrews A - flat point;14X90;2091314X90;
1139;A2;ISO 4026 EX DIN 913;A2 ISO 4026 EX DIN 913  Socket setscrews A - flat point;14X100;2091314X100;
1139;A2;ISO 4026 EX DIN 913;A2 ISO 4026 EX DIN 913  Socket setscrews A - flat point;16X18;2091316X18;
1139;A2;ISO 4026 EX DIN 913;A2 ISO 4026 EX DIN 913  Socket setscrews A - flat point;20X45;2091320X45;
1139;A2;ISO 4028 EX DIN 915;A2 ISO 4028 EX DIN 915  Socket setscrews B - dog point;2X8;209152X8;
1139;A2;ISO 4028 EX DIN 915;A2 ISO 4028 EX DIN 915  Socket setscrews B - dog point;2X12;209152X12;
1139;A2;ISO 4028 EX DIN 915;A2 ISO 4028 EX DIN 915  Socket setscrews B - dog point;2,5X10;209152,5X10;
1139;A2;ISO 4028 EX DIN 915;A2 ISO 4028 EX DIN 915  Socket setscrews B - dog point;2,5X12;209152,5X12;
1139;A2;ISO 4028 EX DIN 915;A2 ISO 4028 EX DIN 915  Socket setscrews B - dog point;3X20;209153X20;
1139;A2;ISO 4028 EX DIN 915;A2 ISO 4028 EX DIN 915  Socket setscrews B - dog point;3X30;209153X30;
1139;A2;ISO 4028 EX DIN 915;A2 ISO 4028 EX DIN 915  Socket setscrews B - dog point;4X30;209154X30;
1139;A2;ISO 4028 EX DIN 915;A2 ISO 4028 EX DIN 915  Socket setscrews B - dog point;6X14;209156X14;
1139;A2;ISO 4028 EX DIN 915;A2 ISO 4028 EX DIN 915  Socket setscrews B - dog point;6X60;209156X60;
1139;A2;ISO 4028 EX DIN 915;A2 ISO 4028 EX DIN 915  Socket setscrews B - dog point;8X80;209158X80;
1139;A2;ISO 4028 EX DIN 915;A2 ISO 4028 EX DIN 915  Socket setscrews B - dog point;10X70;2091510X70;
1139;A2;ISO 4028 EX DIN 915;A2 ISO 4028 EX DIN 915  Socket setscrews B - dog point;12X12;2091512X12;
1139;A2;ISO 4028 EX DIN 915;A2 ISO 4028 EX DIN 915  Socket setscrews B - dog point;12X35;2091512X35;
1139;A2;ISO 4028 EX DIN 915;A2 ISO 4028 EX DIN 915  Socket setscrews B - dog point;12X55;2091512X55;
1139;A2;ISO 4028 EX DIN 915;A2 ISO 4028 EX DIN 915  Socket setscrews B - dog point;16X65;2091516X65;
1139;A2;ISO 4028 EX DIN 915;A2 ISO 4028 EX DIN 915  Socket setscrews B - dog point;16x80;2091516X80;
1139;A2;ISO 4028 EX DIN 915;A2 ISO 4028 EX DIN 915  Socket setscrews B - dog point;16X90;2091516X90;
1139;A2;ISO 4028 EX DIN 915;A2 ISO 4028 EX DIN 915  Socket setscrews B - dog point;20X45;2091520X45;
1139;A2;ISO 4028 EX DIN 915;A2 ISO 4028 EX DIN 915  Socket setscrews B - dog point;20X60;2091520X60;
1139;A2;ISO 4027 EX DIN 914;A2 ISO 4027 EX DIN 914  Socket setscrews C - cone point;10X90;2091410X90;
1139;A2;ISO 4027 EX DIN 914;A2 ISO 4027 EX DIN 914  Socket setscrews C - cone point;10X100;2091410X100;
1139;A2;ISO 4027 EX DIN 914;A2 ISO 4027 EX DIN 914  Socket setscrews C - cone point;14X16;2091414X16;
1139;A2;ISO 4027 EX DIN 914;A2 ISO 4027 EX DIN 914  Socket setscrews C - cone point;14X20;2091414X20;
1139;A2;ISO 4027 EX DIN 914;A2 ISO 4027 EX DIN 914  Socket setscrews C - cone point;14X25;2091414X25;
1139;A2;ISO 4027 EX DIN 914;A2 ISO 4027 EX DIN 914  Socket setscrews C - cone point;14X30;2091414X30;
1139;A2;ISO 4027 EX DIN 914;A2 ISO 4027 EX DIN 914  Socket setscrews C - cone point;14X35;2091414X35;
1139;A2;ISO 4027 EX DIN 914;A2 ISO 4027 EX DIN 914  Socket setscrews C - cone point;14X40;2091414X40;
1139;A2;ISO 4027 EX DIN 914;A2 ISO 4027 EX DIN 914  Socket setscrews C - cone point;14X45;2091414X45;
1139;A2;ISO 4027 EX DIN 914;A2 ISO 4027 EX DIN 914  Socket setscrews C - cone point;14X50;2091414X50;
1139;A2;ISO 4027 EX DIN 914;A2 ISO 4027 EX DIN 914  Socket setscrews C - cone point;14X60;2091414X60;
1139;A2;ISO 4027 EX DIN 914;A2 ISO 4027 EX DIN 914  Socket setscrews C - cone point;14X70;2091414X70;
1139;A2;ISO 4027 EX DIN 914;A2 ISO 4027 EX DIN 914  Socket setscrews C - cone point;16X50;2091416X50;
1139;A2;ISO 4029 EX DIN 916;A2 ISO 4029 EX DIN 916  Socket setscrews E - cup point;2X12;209162X12;
1139;A2;ISO 4029 EX DIN 916;A2 ISO 4029 EX DIN 916  Socket setscrews E - cup point;2X16;209162X16;
1139;A2;ISO 4029 EX DIN 916;A2 ISO 4029 EX DIN 916  Socket setscrews E - cup point;2,5X16;209162,5X16;
1139;A2;ISO 4029 EX DIN 916;A2 ISO 4029 EX DIN 916  Socket setscrews E - cup point;3X14;209163X14;
1139;A2;ISO 4029 EX DIN 916;A2 ISO 4029 EX DIN 916  Socket setscrews E - cup point;3X18;209163X18;
1139;A2;ISO 4029 EX DIN 916;A2 ISO 4029 EX DIN 916  Socket setscrews E - cup point;3X30;209163X30;
1139;A2;ISO 4029 EX DIN 916;A2 ISO 4029 EX DIN 916  Socket setscrews E - cup point;4X18;209164X18;
1139;A2;ISO 4029 EX DIN 916;A2 ISO 4029 EX DIN 916  Socket setscrews E - cup point;4X40;209164X40;
1139;A2;ISO 4029 EX DIN 916;A2 ISO 4029 EX DIN 916  Socket setscrews E - cup point;4X50;209164X50;
1139;A2;ISO 4029 EX DIN 916;A2 ISO 4029 EX DIN 916  Socket setscrews E - cup point;5X50;209165X50;
1139;A2;ISO 4029 EX DIN 916;A2 ISO 4029 EX DIN 916  Socket setscrews E - cup point;5X60;209165X60;
1139;A2;ISO 4029 EX DIN 916;A2 ISO 4029 EX DIN 916  Socket setscrews E - cup point;8X18;209168X18;
1139;A2;ISO 4029 EX DIN 916;A2 ISO 4029 EX DIN 916  Socket setscrews E - cup point;8X90;209168X90;
1139;A2;ISO 4029 EX DIN 916;A2 ISO 4029 EX DIN 916  Socket setscrews E - cup point;8X100;209168X100;
1139;A2;ISO 4029 EX DIN 916;A2 ISO 4029 EX DIN 916  Socket setscrews E - cup point;10X14;2091610X14;
1139;A2;ISO 4029 EX DIN 916;A2 ISO 4029 EX DIN 916  Socket setscrews E - cup point;10X80;2091610X80;
1139;A2;ISO 4029 EX DIN 916;A2 ISO 4029 EX DIN 916  Socket setscrews E - cup point;10X90;2091610X90;
1139;A2;ISO 4029 EX DIN 916;A2 ISO 4029 EX DIN 916  Socket setscrews E - cup point;10X100;2091610X100;
1139;A2;ISO 4029 EX DIN 916;A2 ISO 4029 EX DIN 916  Socket setscrews E - cup point;12X14;2091612X14;
1139;A2;ISO 4029 EX DIN 916;A2 ISO 4029 EX DIN 916  Socket setscrews E - cup point;12X18;2091612X18;
1139;A2;ISO 4029 EX DIN 916;A2 ISO 4029 EX DIN 916  Socket setscrews E - cup point;12X90;2091612X90;
1139;A2;ISO 4029 EX DIN 916;A2 ISO 4029 EX DIN 916  Socket setscrews E - cup point;12X100;2091612X100;
1139;A2;ISO 4029 EX DIN 916;A2 ISO 4029 EX DIN 916  Socket setscrews E - cup point;14X16;2091614X16;
1139;A2;ISO 4029 EX DIN 916;A2 ISO 4029 EX DIN 916  Socket setscrews E - cup point;14X20;2091614X20;
1139;A2;ISO 4029 EX DIN 916;A2 ISO 4029 EX DIN 916  Socket setscrews E - cup point;14X25;2091614X25;
1139;A2;ISO 4029 EX DIN 916;A2 ISO 4029 EX DIN 916  Socket setscrews E - cup point;14X30;2091614X30;
1139;A2;ISO 4029 EX DIN 916;A2 ISO 4029 EX DIN 916  Socket setscrews E - cup point;14X35;2091614X35;
1139;A2;ISO 4029 EX DIN 916;A2 ISO 4029 EX DIN 916  Socket setscrews E - cup point;14X40;2091614X40;
1139;A2;ISO 4029 EX DIN 916;A2 ISO 4029 EX DIN 916  Socket setscrews E - cup point;14X45;2091614X45;
1139;A2;ISO 4029 EX DIN 916;A2 ISO 4029 EX DIN 916  Socket setscrews E - cup point;14X50;2091614X50;
1139;A2;ISO 4029 EX DIN 916;A2 ISO 4029 EX DIN 916  Socket setscrews E - cup point;14X60;2091614X60;
1139;A2;ISO 4029 EX DIN 916;A2 ISO 4029 EX DIN 916  Socket setscrews E - cup point;14X70;2091614X70;
1139;A2;ISO 4029 EX DIN 916;A2 ISO 4029 EX DIN 916  Socket setscrews E - cup point;14X80;2091614X80;
1139;A2;ISO 4029 EX DIN 916;A2 ISO 4029 EX DIN 916  Socket setscrews E - cup point;14X90;2091614X90;
1139;A2;ISO 4029 EX DIN 916;A2 ISO 4029 EX DIN 916  Socket setscrews E - cup point;14X100;2091614X100;
1139;A2;ISO 4029 EX DIN 916;A2 ISO 4029 EX DIN 916  Socket setscrews E - cup point;16X80;2091616X80;
1139;A2;ISO 4029 EX DIN 916;A2 ISO 4029 EX DIN 916  Socket setscrews E - cup point;20X40;2091620X40;
1139;A2;ISO 4029 EX DIN 916;A2 ISO 4029 EX DIN 916  Socket setscrews E - cup point;20X45;2091620X45;
1139;A2;ISO 4029 EX DIN 916;A2 ISO 4029 EX DIN 916  Socket setscrews E - cup point;20X65;2091620X65;
1139;A2;ISO 4029 EX DIN 916;A2 ISO 4029 EX DIN 916  Socket setscrews E - cup point;20X90;2091620X90;
1139;A2;ISO 4029 EX DIN 916;A2 ISO 4029 EX DIN 916  Socket setscrews E - cup point;20X100;2091620X100;
1139;A2;ISO 10642;A2 ISO 10642  Contersunk Socket Screws full thread;2,5X4;2106422,5X4;
1139;A2;ISO 10642;A2 ISO 10642  Contersunk Socket Screws full thread;2,5X8;2106422,5X8;
1139;A2;ISO 10642;A2 ISO 10642  Contersunk Socket Screws full thread;2,5X16;2106422,5X16;
1139;A2;ISO 10642;A2 ISO 10642  Contersunk Socket Screws full thread;2,5X20;2106422,5X20;
1139;A2;ISO 10642;A2 ISO 10642  Contersunk Socket Screws full thread;6X85;2106426X85;
1139;A2;ISO 10642;A2 ISO 10642  Contersunk Socket Screws full thread;6X110;2106426X110;
1139;A2;ISO 10642;A2 ISO 10642  Contersunk Socket Screws full thread;14X55;21064214X55;
1139;A2;ISO 10642;A2 ISO 10642  Contersunk Socket Screws full thread;14X90;21064214X90;
1139;A2;ISO 10642;A2 ISO 10642  Contersunk Socket Screws full thread;16X20;21064216X20;
1139;A2;ISO 10642;A2 ISO 10642  Contersunk Socket Screws full thread;20X30;21064220X30;
1139;A2;DIN 551;A2 DIN 551  Slotted set screws with flat point A - flat point;2X2;205512X2;
1139;A2;DIN 551;A2 DIN 551  Slotted set screws with flat point A - flat point;2X3;205512X3;
1139;A2;DIN 551;A2 DIN 551  Slotted set screws with flat point A - flat point;2X4;205512X4;
1139;A2;DIN 551;A2 DIN 551  Slotted set screws with flat point A - flat point;2X5;205512X5;
1139;A2;DIN 551;A2 DIN 551  Slotted set screws with flat point A - flat point;2X6;205512X6;
1139;A2;DIN 551;A2 DIN 551  Slotted set screws with flat point A - flat point;2X8;205512X8;
1139;A2;DIN 551;A2 DIN 551  Slotted set screws with flat point A - flat point;2X10;205512X10;
1139;A2;DIN 551;A2 DIN 551  Slotted set screws with flat point A - flat point;2,5X3;205512,5X3;
1139;A2;DIN 551;A2 DIN 551  Slotted set screws with flat point A - flat point;2,5X4;205512,5X4;
1139;A2;DIN 551;A2 DIN 551  Slotted set screws with flat point A - flat point;2,5X5;205512,5X5;
1139;A2;DIN 551;A2 DIN 551  Slotted set screws with flat point A - flat point;2,5X6;205512,5X6;
1139;A2;DIN 551;A2 DIN 551  Slotted set screws with flat point A - flat point;2,5X8;205512,5X8;
1139;A2;DIN 551;A2 DIN 551  Slotted set screws with flat point A - flat point;3X3;205513X3;
1139;A2;DIN 551;A2 DIN 551  Slotted set screws with flat point A - flat point;3X4;205513X4;
1139;A2;DIN 551;A2 DIN 551  Slotted set screws with flat point A - flat point;3X5;205513X5;
1139;A2;DIN 551;A2 DIN 551  Slotted set screws with flat point A - flat point;3X6;205513X6;
1139;A2;DIN 551;A2 DIN 551  Slotted set screws with flat point A - flat point;3X8;205513X8;
1139;A2;DIN 551;A2 DIN 551  Slotted set screws with flat point A - flat point;3X10;205513X10;
1139;A2;DIN 551;A2 DIN 551  Slotted set screws with flat point A - flat point;3X12;205513X12;
1139;A2;DIN 551;A2 DIN 551  Slotted set screws with flat point A - flat point;3X16;205513X16;
1139;A2;DIN 551;A2 DIN 551  Slotted set screws with flat point A - flat point;4X4;205514X4;
1139;A2;DIN 551;A2 DIN 551  Slotted set screws with flat point A - flat point;4X5;205514X5;
1139;A2;DIN 551;A2 DIN 551  Slotted set screws with flat point A - flat point;4X6;205514X6;
1139;A2;DIN 551;A2 DIN 551  Slotted set screws with flat point A - flat point;4X8;205514X8;
1139;A2;DIN 551;A2 DIN 551  Slotted set screws with flat point A - flat point;4X10;205514X10;
1139;A2;DIN 551;A2 DIN 551  Slotted set screws with flat point A - flat point;4X12;205514X12;
1139;A2;DIN 551;A2 DIN 551  Slotted set screws with flat point A - flat point;4X16;205514X16;
1139;A2;DIN 551;A2 DIN 551  Slotted set screws with flat point A - flat point;4X20;205514X20;
1139;A2;DIN 551;A2 DIN 551  Slotted set screws with flat point A - flat point;4X25;205514X25;
1139;A2;DIN 551;A2 DIN 551  Slotted set screws with flat point A - flat point;4X30;205514X30;
1139;A2;DIN 551;A2 DIN 551  Slotted set screws with flat point A - flat point;5X4;205515X4;
1139;A2;DIN 551;A2 DIN 551  Slotted set screws with flat point A - flat point;5X5;205515X5;
1139;A2;DIN 551;A2 DIN 551  Slotted set screws with flat point A - flat point;5X6;205515X6;
1139;A2;DIN 551;A2 DIN 551  Slotted set screws with flat point A - flat point;5X8;205515X8;
1139;A2;DIN 551;A2 DIN 551  Slotted set screws with flat point A - flat point;5X10;205515X10;
1139;A2;DIN 551;A2 DIN 551  Slotted set screws with flat point A - flat point;5X12;205515X12;
1139;A2;DIN 551;A2 DIN 551  Slotted set screws with flat point A - flat point;5X16;205515X16;
1139;A2;DIN 551;A2 DIN 551  Slotted set screws with flat point A - flat point;5X20;205515X20;
1139;A2;DIN 551;A2 DIN 551  Slotted set screws with flat point A - flat point;5X25;205515X25;
1139;A2;DIN 551;A2 DIN 551  Slotted set screws with flat point A - flat point;5X30;205515X30;
1139;A2;DIN 551;A2 DIN 551  Slotted set screws with flat point A - flat point;5X40;205515X40;
1139;A2;DIN 551;A2 DIN 551  Slotted set screws with flat point A - flat point;6X5;205516X5;
1139;A2;DIN 551;A2 DIN 551  Slotted set screws with flat point A - flat point;6X6;205516X6;
1139;A2;DIN 551;A2 DIN 551  Slotted set screws with flat point A - flat point;6X8;205516X8;
1139;A2;DIN 551;A2 DIN 551  Slotted set screws with flat point A - flat point;6X10;205516X10;
1139;A2;DIN 551;A2 DIN 551  Slotted set screws with flat point A - flat point;6X12;205516X12;
1139;A2;DIN 551;A2 DIN 551  Slotted set screws with flat point A - flat point;6X16;205516X16;
1139;A2;DIN 551;A2 DIN 551  Slotted set screws with flat point A - flat point;6X20;205516X20;
1139;A2;DIN 551;A2 DIN 551  Slotted set screws with flat point A - flat point;6X25;205516X25;
1139;A2;DIN 551;A2 DIN 551  Slotted set screws with flat point A - flat point;6X30;205516X30;
1139;A2;DIN 551;A2 DIN 551  Slotted set screws with flat point A - flat point;6X35;205516X35;
1139;A2;DIN 551;A2 DIN 551  Slotted set screws with flat point A - flat point;6X40;205516X40;
1139;A2;DIN 551;A2 DIN 551  Slotted set screws with flat point A - flat point;6X45;205516X45;
1139;A2;DIN 551;A2 DIN 551  Slotted set screws with flat point A - flat point;6X60;205516X60;
1139;A2;DIN 551;A2 DIN 551  Slotted set screws with flat point A - flat point;8X8;205518X8;
1139;A2;DIN 551;A2 DIN 551  Slotted set screws with flat point A - flat point;8X10;205518X10;
1139;A2;DIN 551;A2 DIN 551  Slotted set screws with flat point A - flat point;8X12;205518X12;
1139;A2;DIN 551;A2 DIN 551  Slotted set screws with flat point A - flat point;8X16;205518X16;
1139;A2;DIN 551;A2 DIN 551  Slotted set screws with flat point A - flat point;8X18;205518X18;
1139;A2;DIN 551;A2 DIN 551  Slotted set screws with flat point A - flat point;8X20;205518X20;
1139;A2;DIN 551;A2 DIN 551  Slotted set screws with flat point A - flat point;8X25;205518X25;
1139;A2;DIN 551;A2 DIN 551  Slotted set screws with flat point A - flat point;8X30;205518X30;
1139;A2;DIN 551;A2 DIN 551  Slotted set screws with flat point A - flat point;8X35;205518X35;
1139;A2;DIN 551;A2 DIN 551  Slotted set screws with flat point A - flat point;8X40;205518X40;
1139;A2;DIN 551;A2 DIN 551  Slotted set screws with flat point A - flat point;8X45;205518X45;
1139;A2;DIN 551;A2 DIN 551  Slotted set screws with flat point A - flat point;8X50;205518X50;
1139;A2;DIN 551;A2 DIN 551  Slotted set screws with flat point A - flat point;8X60;205518X60;
1139;A2;DIN 551;A2 DIN 551  Slotted set screws with flat point A - flat point;10X12;2055110X12;
1139;A2;DIN 551;A2 DIN 551  Slotted set screws with flat point A - flat point;10X16;2055110X16;
1139;A2;DIN 551;A2 DIN 551  Slotted set screws with flat point A - flat point;10X20;2055110X20;
1139;A2;DIN 551;A2 DIN 551  Slotted set screws with flat point A - flat point;10X25;2055110X25;
1139;A2;DIN 551;A2 DIN 551  Slotted set screws with flat point A - flat point;10X30;2055110X30;
1139;A2;DIN 551;A2 DIN 551  Slotted set screws with flat point A - flat point;10X35;2055110X35;
1139;A2;DIN 551;A2 DIN 551  Slotted set screws with flat point A - flat point;10X40;2055110X40;
1139;A2;DIN 551;A2 DIN 551  Slotted set screws with flat point A - flat point;10X45;2055110X45;
1139;A2;DIN 551;A2 DIN 551  Slotted set screws with flat point A - flat point;10X50;2055110X50;
1139;A2;DIN 551;A2 DIN 551  Slotted set screws with flat point A - flat point;10X60;2055110X60;
1139;A2;DIN 553;A2 DIN 553  Slotted set screws with flat point C - cone point;2X3;205532X3;
1139;A2;DIN 553;A2 DIN 553  Slotted set screws with flat point C - cone point;2X4;205532X4;
1139;A2;DIN 553;A2 DIN 553  Slotted set screws with flat point C - cone point;2X5;205532X5;
1139;A2;DIN 553;A2 DIN 553  Slotted set screws with flat point C - cone point;2X6;205532X6;
1139;A2;DIN 553;A2 DIN 553  Slotted set screws with flat point C - cone point;2X8;205532X8;
1139;A2;DIN 553;A2 DIN 553  Slotted set screws with flat point C - cone point;2,5X3;205532,5X3;
1139;A2;DIN 553;A2 DIN 553  Slotted set screws with flat point C - cone point;2,5X4;205532,5X4;
1139;A2;DIN 553;A2 DIN 553  Slotted set screws with flat point C - cone point;2,5X5;205532,5X5;
1139;A2;DIN 553;A2 DIN 553  Slotted set screws with flat point C - cone point;2,5X6;205532,5X6;
1139;A2;DIN 553;A2 DIN 553  Slotted set screws with flat point C - cone point;2,5X8;205532,5X8;
1139;A2;DIN 553;A2 DIN 553  Slotted set screws with flat point C - cone point;2,5X10;205532,5X10;
1139;A2;DIN 553;A2 DIN 553  Slotted set screws with flat point C - cone point;3X4;205533X4;
1139;A2;DIN 553;A2 DIN 553  Slotted set screws with flat point C - cone point;3X5;205533X5;
1139;A2;DIN 553;A2 DIN 553  Slotted set screws with flat point C - cone point;3X6;205533X6;
1139;A2;DIN 553;A2 DIN 553  Slotted set screws with flat point C - cone point;3X8;205533X8;
1139;A2;DIN 553;A2 DIN 553  Slotted set screws with flat point C - cone point;3X10;205533X10;
1139;A2;DIN 553;A2 DIN 553  Slotted set screws with flat point C - cone point;3X12;205533X12;
1139;A2;DIN 553;A2 DIN 553  Slotted set screws with flat point C - cone point;3X16;205533X16;
1139;A2;DIN 553;A2 DIN 553  Slotted set screws with flat point C - cone point;4X5;205534X5;
1139;A2;DIN 553;A2 DIN 553  Slotted set screws with flat point C - cone point;4X6;205534X6;
1139;A2;DIN 553;A2 DIN 553  Slotted set screws with flat point C - cone point;4X8;205534X8;
1139;A2;DIN 553;A2 DIN 553  Slotted set screws with flat point C - cone point;4X10;205534X10;
1139;A2;DIN 553;A2 DIN 553  Slotted set screws with flat point C - cone point;4X12;205534X12;
1139;A2;DIN 553;A2 DIN 553  Slotted set screws with flat point C - cone point;4X16;205534X16;
1139;A2;DIN 553;A2 DIN 553  Slotted set screws with flat point C - cone point;4X20;205534X20;
1139;A2;DIN 553;A2 DIN 553  Slotted set screws with flat point C - cone point;4X25;205534X25;
1139;A2;DIN 553;A2 DIN 553  Slotted set screws with flat point C - cone point;4X30;205534X30;
1139;A2;DIN 553;A2 DIN 553  Slotted set screws with flat point C - cone point;5X5;205535X5;
1139;A2;DIN 553;A2 DIN 553  Slotted set screws with flat point C - cone point;5X6;205535X6;
1139;A2;DIN 553;A2 DIN 553  Slotted set screws with flat point C - cone point;5X8;205535X8;
1139;A2;DIN 553;A2 DIN 553  Slotted set screws with flat point C - cone point;5X10;205535X10;
1139;A2;DIN 553;A2 DIN 553  Slotted set screws with flat point C - cone point;5X12;205535X12;
1139;A2;DIN 553;A2 DIN 553  Slotted set screws with flat point C - cone point;5X16;205535X16;
1139;A2;DIN 553;A2 DIN 553  Slotted set screws with flat point C - cone point;5X20;205535X20;
1139;A2;DIN 553;A2 DIN 553  Slotted set screws with flat point C - cone point;5X25;205535X25;
1139;A2;DIN 553;A2 DIN 553  Slotted set screws with flat point C - cone point;5X30;205535X30;
1139;A2;DIN 553;A2 DIN 553  Slotted set screws with flat point C - cone point;5X35;205535X35;
1139;A2;DIN 553;A2 DIN 553  Slotted set screws with flat point C - cone point;6X6;205536X6;
1139;A2;DIN 553;A2 DIN 553  Slotted set screws with flat point C - cone point;6X8;205536X8;
1139;A2;DIN 553;A2 DIN 553  Slotted set screws with flat point C - cone point;6X10;205536X10;
1139;A2;DIN 553;A2 DIN 553  Slotted set screws with flat point C - cone point;6X12;205536X12;
1139;A2;DIN 553;A2 DIN 553  Slotted set screws with flat point C - cone point;6X16;205536X16;
1139;A2;DIN 553;A2 DIN 553  Slotted set screws with flat point C - cone point;6X20;205536X20;
1139;A2;DIN 553;A2 DIN 553  Slotted set screws with flat point C - cone point;6X25;205536X25;
1139;A2;DIN 553;A2 DIN 553  Slotted set screws with flat point C - cone point;6X30;205536X30;
1139;A2;DIN 553;A2 DIN 553  Slotted set screws with flat point C - cone point;8X8;205538X8;
1139;A2;DIN 553;A2 DIN 553  Slotted set screws with flat point C - cone point;8X10;205538X10;
1139;A2;DIN 553;A2 DIN 553  Slotted set screws with flat point C - cone point;8X12;205538X12;
1139;A2;DIN 553;A2 DIN 553  Slotted set screws with flat point C - cone point;8X16;205538X16;
1139;A2;DIN 553;A2 DIN 553  Slotted set screws with flat point C - cone point;8X20;205538X20;
1139;A2;DIN 553;A2 DIN 553  Slotted set screws with flat point C - cone point;8X25;205538X25;
1139;A2;DIN 553;A2 DIN 553  Slotted set screws with flat point C - cone point;8X30;205538X30;
1139;A2;DIN 553;A2 DIN 553  Slotted set screws with flat point C - cone point;8X35;205538X35;
1139;A2;DIN 553;A2 DIN 553  Slotted set screws with flat point C - cone point;8X40;205538X40;
1139;A2;DIN 553;A2 DIN 553  Slotted set screws with flat point C - cone point;10X10;2055310X10;
1139;A2;DIN 553;A2 DIN 553  Slotted set screws with flat point C - cone point;10X20;2055310X20;
1139;A2;DIN 553;A2 DIN 553  Slotted set screws with flat point C - cone point;10X25;2055310X25;
1139;A2;DIN 553;A2 DIN 553  Slotted set screws with flat point C - cone point;12X25;2055312X25;
1139;A2;DIN 125;A2 DIN 125  Plain washers;45;2012545;
1139;A2;Penny washer ART. 6593;A2 ART. 6593  Penny washers 3 tires diameter;7X21X2;265937X21;
1139;A2;Penny washer ART. 6593;A2 ART. 6593  Penny washers 3 tires diameter;8X24X3;265938X24X3;
1139;A2;Penny washer ART. 6593;A2 ART. 6593  Penny washers 3 tires diameter;10X30X2;2659310X30;
1139;A2;Penny washer ART. 6593;A2 ART. 6593  Penny washers 3 tires diameter;10X30X3;2659310X30X3;
1139;A2;Penny washer ART. 6593;A2 ART. 6593  Penny washers 3 tires diameter;12X36X2;2659312X36;
1139;A2;Penny washer ART. 6593;A2 ART. 6593  Penny washers 3 tires diameter;14X42X2,5;2659314X42;
1139;A2;Penny washer ART. 6593;A2 ART. 6593  Penny washers 3 tires diameter;16X48X2,5;2659316X48;
1139;A2;Penny washer ART. 6593;A2 ART. 6593  Penny washers 3 tires diameter;16X48X4;2659316X48X4;
1139;A2;Penny washer ART. 6593;A2 ART. 6593  Penny washers 3 tires diameter;18X54X3;2659318X54;
1139;A2;Penny washer ART. 6593;A2 ART. 6593  Penny washers 3 tires diameter;20X60X3;2659320X60;
1139;A2;Penny washer ART. 6593;A2 ART. 6593  Penny washers 3 tires diameter;24X72X4;2659324X72X4;
1139;A2;Penny washer ART. 6593;A2 ART. 6593  Penny washers 3 tires diameter;30X90X6;2659330X90;
1139;A2;Penny washer ART. 6594;A2 ART. 6594  Penny washers 4 tires diameter;3X12X0,8;265943X12;
1139;A2;Penny washer ART. 6594;A2 ART. 6594  Penny washers 4 tires diameter;4X16X1;265944X16;
1139;A2;Penny washer ART. 6594;A2 ART. 6594  Penny washers 4 tires diameter;5X20X1,2;265945X20;
1139;A2;Penny washer ART. 6594;A2 ART. 6594  Penny washers 4 tires diameter;6X24X1,6;265946X24;
1139;A2;Penny washer ART. 6594;A2 ART. 6594  Penny washers 4 tires diameter;6X24X2;265946X24X2;
1139;A2;Penny washer ART. 6594;A2 ART. 6594  Penny washers 4 tires diameter;6X24X3;265946X24X3;
1139;A2;Penny washer ART. 6594;A2 ART. 6594  Penny washers 4 tires diameter;8X32X2;265948X32;
1139;A2;Penny washer ART. 6594;A2 ART. 6594  Penny washers 4 tires diameter;8X32X3;265948X32X3;
1139;A2;Penny washer ART. 6594;A2 ART. 6594  Penny washers 4 tires diameter;10X40X2;2659410X40;
1139;A2;Penny washer ART. 6594;A2 ART. 6594  Penny washers 4 tires diameter;12X48X2,5;2659412X48;
1139;A2;Penny washer ART. 6594;A2 ART. 6594  Penny washers 4 tires diameter;14X56X2,5;2659414X56;
1139;A2;Penny washer ART. 6594;A2 ART. 6594  Penny washers 4 tires diameter;16X64X2,5;2659416X64;
1139;A2;Penny washer ART. 6594;A2 ART. 6594  Penny washers 4 tires diameter;18X72X3;2659418X72;
1139;A2;Penny washer ART. 6594;A2 ART. 6594  Penny washers 4 tires diameter;20X80X3;2659420X80;
1139;A2;DIN 6797A;A2 DIN 6797A  Toothed lock washers type A;2;26797A2;
1139;A2;DIN 6797A;A2 DIN 6797A  Toothed lock washers type A;2,5;26797A2,5;
1139;A2;DIN 6797A;A2 DIN 6797A  Toothed lock washers type A;3;26797A3;
1139;A2;DIN 6797A;A2 DIN 6797A  Toothed lock washers type A;4;26797A4;
1139;A2;DIN 6797A;A2 DIN 6797A  Toothed lock washers type A;5;26797A5;
1139;A2;DIN 6797A;A2 DIN 6797A  Toothed lock washers type A;6;26797A6;
1139;A2;DIN 6797A;A2 DIN 6797A  Toothed lock washers type A;8;26797A8;
1139;A2;DIN 6797A;A2 DIN 6797A  Toothed lock washers type A;10;26797A10;
1139;A2;DIN 6797A;A2 DIN 6797A  Toothed lock washers type A;12;26797A12;
1139;A2;DIN 6797A;A2 DIN 6797A  Toothed lock washers type A;14;26797A14;
1139;A2;DIN 6797A;A2 DIN 6797A  Toothed lock washers type A;16;26797A16;
1139;A2;DIN 6797A;A2 DIN 6797A  Toothed lock washers type A;18;26797A18;
1139;A2;DIN 6797A;A2 DIN 6797A  Toothed lock washers type A;20;26797A20;
1139;A2;DIN 6797A;A2 DIN 6797A  Toothed lock washers type A;22;26797A22;
1139;A2;DIN 6797A;A2 DIN 6797A  Toothed lock washers type A;24;26797A24;
1139;A2;DIN 6797A;A2 DIN 6797A  Toothed lock washers type A;27;26797A27;
1139;A2;DIN 6798A;A2 DIN 6798A  Serrated lock washers type A;2;26798A2;
1139;A2;DIN 6798A;A2 DIN 6798A  Serrated lock washers type A;2,5;26798A2,5;
1139;A2;DIN 6798A;A2 DIN 6798A  Serrated lock washers type A;3;26798A3;
1139;A2;DIN 6798A;A2 DIN 6798A  Serrated lock washers type A;4;26798A4;
1139;A2;DIN 6798A;A2 DIN 6798A  Serrated lock washers type A;5;26798A5;
1139;A2;DIN 6798A;A2 DIN 6798A  Serrated lock washers type A;6;26798A6;
1139;A2;DIN 6798A;A2 DIN 6798A  Serrated lock washers type A;8;26798A8;
1139;A2;DIN 6798A;A2 DIN 6798A  Serrated lock washers type A;10;26798A10;
1139;A2;DIN 6798A;A2 DIN 6798A  Serrated lock washers type A;12;26798A12;
1139;A2;DIN 6798A;A2 DIN 6798A  Serrated lock washers type A;14;26798A14;
1139;A2;DIN 6798A;A2 DIN 6798A  Serrated lock washers type A;16;26798A16;
1139;A2;DIN 6798A;A2 DIN 6798A  Serrated lock washers type A;18;26798A18;
1139;A2;DIN 6798A;A2 DIN 6798A  Serrated lock washers type A;20;26798A20;
1139;A2;DIN 6798A;A2 DIN 6798A  Serrated lock washers type A;22;26798A22;
1139;A2;DIN 6798A;A2 DIN 6798A  Serrated lock washers type A;24;26798A24;
1139;A2;DIN 6798A;A2 DIN 6798A  Serrated lock washers type A;27;26798A27;
1139;A2;DIN 6798A;A2 DIN 6798A  Serrated lock washers type A;30;26798A30;
1139;A2;DIN 6798J;A2 DIN 6798J  Serrated lock washers type J;2;26798J2;
1139;A2;DIN 6798J;A2 DIN 6798J  Serrated lock washers type J;2,5;26798J2,5;
1139;A2;DIN 6798J;A2 DIN 6798J  Serrated lock washers type J;3;26798J3;
1139;A2;DIN 6798J;A2 DIN 6798J  Serrated lock washers type J;4;26798J4;
1139;A2;DIN 6798J;A2 DIN 6798J  Serrated lock washers type J;5;26798J5;
1139;A2;DIN 6798J;A2 DIN 6798J  Serrated lock washers type J;6;26798J6;
1139;A2;DIN 6798J;A2 DIN 6798J  Serrated lock washers type J;8;26798J8;
1139;A2;DIN 6798J;A2 DIN 6798J  Serrated lock washers type J;10;26798J10;
1139;A2;DIN 6798J;A2 DIN 6798J  Serrated lock washers type J;12;26798J12;
1139;A2;DIN 6798J;A2 DIN 6798J  Serrated lock washers type J;14;26798J14;
1139;A2;DIN 6798J;A2 DIN 6798J  Serrated lock washers type J;16;26798J16;
1139;A2;DIN 6798J;A2 DIN 6798J  Serrated lock washers type J;18;26798J18;
1139;A2;DIN 6798J;A2 DIN 6798J  Serrated lock washers type J;20;26798J20;
1139;A2;DIN 6798J;A2 DIN 6798J  Serrated lock washers type J;22;26798J22;
1139;A2;DIN 6798J;A2 DIN 6798J  Serrated lock washers type J;24;26798J24;
1139;A2;DIN 6798J;A2 DIN 6798J  Serrated lock washers type J;27;26798J27;
1139;A2;DIN 6798J;A2 DIN 6798J  Serrated lock washers type J;30;26798J30;
1139;A2;DIN 938;A2 DIN 938  Studs metal end - 1xd;6X45;209386X45;
1139;A2;DIN 938;A2 DIN 938  Studs metal end - 1xd;6X50;209386X50;
1139;A2;DIN 938;A2 DIN 938  Studs metal end - 1xd;6X60;209386X60;
1139;A2;DIN 938;A2 DIN 938  Studs metal end - 1xd;8X65;209388X65;
1139;A2;DIN 938;A2 DIN 938  Studs metal end - 1xd;8X70;209388X70;
1139;A2;DIN 938;A2 DIN 938  Studs metal end - 1xd;8X80;209388X80;
1139;A2;DIN 938;A2 DIN 938  Studs metal end - 1xd;10X80;2093810X80;
1139;A2;DIN 938;A2 DIN 938  Studs metal end - 1xd;10X90;2093810X90;
1139;A2;DIN 938;A2 DIN 938  Studs metal end - 1xd;10X100;2093810X100;
1139;A2;DIN 938;A2 DIN 938  Studs metal end - 1xd;12X85;2093812X85;
1139;A2;DIN 938;A2 DIN 938  Studs metal end - 1xd;16X75;2093816X75;
1139;A2;DIN 938;A2 DIN 938  Studs metal end - 1xd;16X120;2093816X120;
1139;A2;DIN 938;A2 DIN 938  Studs metal end - 1xd;20X35;2093820X35;
1139;A2;DIN 938;A2 DIN 938  Studs metal end - 1xd;24X75;2093824X75;
1139;A2;DIN 938;A2 DIN 938  Studs metal end - 1xd;24X80;2093824X80;
1139;A2;DIN 938;A2 DIN 938  Studs metal end - 1xd;24X100;2093824X100;
1139;A2;DIN 432;A2 DIN 432  Locking washers with external tab;18;2043218;
1139;A2;DIN 432;A2 DIN 432  Locking washers with external tab;22;2043222;
1139;A2;DIN 432;A2 DIN 432  Locking washers with external tab;33;2043233;
1139;A2;DIN 6928;A2 DIN 6928  Tapping screws hex.head w/flange type C;4,2X13;269284,2X13;
1139;A2;DIN 6928;A2 DIN 6928  Tapping screws hex.head w/flange type C;4,2X16;269284,2X16;
1139;A2;DIN 6928;A2 DIN 6928  Tapping screws hex.head w/flange type C;4,2X19;269284,2X19;
1139;A2;DIN 6928;A2 DIN 6928  Tapping screws hex.head w/flange type C;4,2X22;269284,2X22;
1139;A2;DIN 6928;A2 DIN 6928  Tapping screws hex.head w/flange type C;4,2X25;269284,2X25;
1139;A2;DIN 6928;A2 DIN 6928  Tapping screws hex.head w/flange type C;4,2X32;269284,2X32;
1139;A2;DIN 6928;A2 DIN 6928  Tapping screws hex.head w/flange type C;4,2X38;269284,2X38;
1139;A2;DIN 6928;A2 DIN 6928  Tapping screws hex.head w/flange type C;4,8X13;269284,8X13;
1139;A2;DIN 6928;A2 DIN 6928  Tapping screws hex.head w/flange type C;4,8X16;269284,8X16;
1139;A2;DIN 6928;A2 DIN 6928  Tapping screws hex.head w/flange type C;4,8X19;269284,8X19;
1139;A2;DIN 6928;A2 DIN 6928  Tapping screws hex.head w/flange type C;4,8X22;269284,8X22;
1139;A2;DIN 6928;A2 DIN 6928  Tapping screws hex.head w/flange type C;4,8X25;269284,8X25;
1139;A2;DIN 6928;A2 DIN 6928  Tapping screws hex.head w/flange type C;4,8X32;269284,8X32;
1139;A2;DIN 6928;A2 DIN 6928  Tapping screws hex.head w/flange type C;4,8X38;269284,8X38;
1139;A2;DIN 6928;A2 DIN 6928  Tapping screws hex.head w/flange type C;5,5X13;269285,5X13;
1139;A2;DIN 6928;A2 DIN 6928  Tapping screws hex.head w/flange type C;5,5X16;269285,5X16;
1139;A2;DIN 6928;A2 DIN 6928  Tapping screws hex.head w/flange type C;5,5X19;269285,5X19;
1139;A2;DIN 6928;A2 DIN 6928  Tapping screws hex.head w/flange type C;5,5X22;269285,5X22;
1139;A2;DIN 6928;A2 DIN 6928  Tapping screws hex.head w/flange type C;5,5X25;269285,5X25;
1139;A2;DIN 6928;A2 DIN 6928  Tapping screws hex.head w/flange type C;5,5X32;269285,5X32;
1139;A2;DIN 6928;A2 DIN 6928  Tapping screws hex.head w/flange type C;5,5X38;269285,5X38;
1139;A2;DIN 6928;A2 DIN 6928  Tapping screws hex.head w/flange type C;5,5X45;269285,5X45;
1139;A2;DIN 6928;A2 DIN 6928  Tapping screws hex.head w/flange type C;6,3X16;269286,3X16;
1139;A2;DIN 6928;A2 DIN 6928  Tapping screws hex.head w/flange type C;6,3X19;269286,3X19;
1139;A2;DIN 6928;A2 DIN 6928  Tapping screws hex.head w/flange type C;6,3X22;269286,3X22;
1139;A2;DIN 6928;A2 DIN 6928  Tapping screws hex.head w/flange type C;6,3X25;269286,3X25;
1139;A2;DIN 6928;A2 DIN 6928  Tapping screws hex.head w/flange type C;6,3X32;269286,3X32;
1139;A2;DIN 6928;A2 DIN 6928  Tapping screws hex.head w/flange type C;6,3X38;269286,3X38;
1139;A2;DIN 6928;A2 DIN 6928  Tapping screws hex.head w/flange type C;6,3X45;269286,3X45;
1139;A2;DIN 6928;A2 DIN 6928  Tapping screws hex.head w/flange type C;6,3X50;269286,3X50;
1139;A2;DIN 6928;A2 DIN 6928  Tapping screws hex.head w/flange type C;6,3X60;269286,3X60;
1139;A2;DIN 6928;A2 DIN 6928  Tapping screws hex.head w/flange type C;6,3X70;269286,3X70;
1139;A2;DIN 6928;A2 DIN 6928  Tapping screws hex.head w/flange type C;6,3X80;269286,3X80;
1139;A2;ISO 15983;A2 ISO 15983  Blind rivets  A2/A2  grooved mandrel;2,4X6;273372,4X6;
1139;A2;ISO 15983;A2 ISO 15983  Blind rivets  A2/A2  grooved mandrel;3X6;273373X6;
1139;A2;ISO 15983;A2 ISO 15983  Blind rivets  A2/A2  grooved mandrel;3X8;273373X8;
1139;A2;ISO 15983;A2 ISO 15983  Blind rivets  A2/A2  grooved mandrel;3X10;273373X10;
1139;A2;ISO 15983;A2 ISO 15983  Blind rivets  A2/A2  grooved mandrel;3X12;273373X12;
1139;A2;ISO 15983;A2 ISO 15983  Blind rivets  A2/A2  grooved mandrel;3X14;273373X14;
1139;A2;ISO 15983;A2 ISO 15983  Blind rivets  A2/A2  grooved mandrel;3X16;273373X16;
1139;A2;ISO 15983;A2 ISO 15983  Blind rivets  A2/A2  grooved mandrel;3,2X6;273373,2X6;
1139;A2;ISO 15983;A2 ISO 15983  Blind rivets  A2/A2  grooved mandrel;3,2X8;273373,2X8;
1139;A2;ISO 15983;A2 ISO 15983  Blind rivets  A2/A2  grooved mandrel;3,2X10;273373,2X10;
1139;A2;ISO 15983;A2 ISO 15983  Blind rivets  A2/A2  grooved mandrel;3,2X12;273373,2X12;
1139;A2;ISO 15983;A2 ISO 15983  Blind rivets  A2/A2  grooved mandrel;3,2X14;273373,2X14;
1139;A2;ISO 15983;A2 ISO 15983  Blind rivets  A2/A2  grooved mandrel;3,2X16;273373,2X16;
1139;A2;ISO 15983;A2 ISO 15983  Blind rivets  A2/A2  grooved mandrel;3,2X18;273373,2X18;
1139;A2;ISO 15983;A2 ISO 15983  Blind rivets  A2/A2  grooved mandrel;4X6;273374X6;
1139;A2;ISO 15983;A2 ISO 15983  Blind rivets  A2/A2  grooved mandrel;4X8;273374X8;
1139;A2;ISO 15983;A2 ISO 15983  Blind rivets  A2/A2  grooved mandrel;4X10;273374X10;
1139;A2;ISO 15983;A2 ISO 15983  Blind rivets  A2/A2  grooved mandrel;4X12;273374X12;
1139;A2;ISO 15983;A2 ISO 15983  Blind rivets  A2/A2  grooved mandrel;4X14;273374X14;
1139;A2;ISO 15983;A2 ISO 15983  Blind rivets  A2/A2  grooved mandrel;4X16;273374X16;
1139;A2;ISO 15983;A2 ISO 15983  Blind rivets  A2/A2  grooved mandrel;4X18;273374X18;
1139;A2;ISO 15983;A2 ISO 15983  Blind rivets  A2/A2  grooved mandrel;4X20;273374X20;
1139;A2;ISO 15983;A2 ISO 15983  Blind rivets  A2/A2  grooved mandrel;4X25;273374X25;
1139;A2;ISO 15983;A2 ISO 15983  Blind rivets  A2/A2  grooved mandrel;4,8X6;273374,8X6;
1139;A2;ISO 15983;A2 ISO 15983  Blind rivets  A2/A2  grooved mandrel;4,8X8;273374,8X8;
1139;A2;ISO 15983;A2 ISO 15983  Blind rivets  A2/A2  grooved mandrel;4,8X10;273374,8X10;
1139;A2;ISO 15983;A2 ISO 15983  Blind rivets  A2/A2  grooved mandrel;4,8X12;273374,8X12;
1139;A2;ISO 15983;A2 ISO 15983  Blind rivets  A2/A2  grooved mandrel;4,8X14;273374,8X14;
1139;A2;ISO 15983;A2 ISO 15983  Blind rivets  A2/A2  grooved mandrel;4,8X16;273374,8X16;
1139;A2;ISO 15983;A2 ISO 15983  Blind rivets  A2/A2  grooved mandrel;4,8X18;273374,8X18;
1139;A2;ISO 15983;A2 ISO 15983  Blind rivets  A2/A2  grooved mandrel;4,8X20;273374,8X20;
1139;A2;ISO 15983;A2 ISO 15983  Blind rivets  A2/A2  grooved mandrel;4,8X24;273374,8X24;
1139;A2;ISO 15983;A2 ISO 15983  Blind rivets  A2/A2  grooved mandrel;4,8X26;273374,8X26;
1139;A2;ISO 15983;A2 ISO 15983  Blind rivets  A2/A2  grooved mandrel;4,8X30;273374,8X30;
1139;A2;ISO 15983;A2 ISO 15983  Blind rivets  A2/A2  grooved mandrel;4,8X40;273374,8X40;
1139;A2;ISO 15983;A2 ISO 15983  Blind rivets  A2/A2  grooved mandrel;5X8;273375X8;
1139;A2;ISO 15983;A2 ISO 15983  Blind rivets  A2/A2  grooved mandrel;5X10;273375X10;
1139;A2;ISO 15983;A2 ISO 15983  Blind rivets  A2/A2  grooved mandrel;5X12;273375X12;
1139;A2;ISO 15983;A2 ISO 15983  Blind rivets  A2/A2  grooved mandrel;5X14;273375X14;
1139;A2;ISO 15983;A2 ISO 15983  Blind rivets  A2/A2  grooved mandrel;5X16;273375X16;
1139;A2;ISO 15983;A2 ISO 15983  Blind rivets  A2/A2  grooved mandrel;5X18;273375X18;
1139;A2;ISO 15983;A2 ISO 15983  Blind rivets  A2/A2  grooved mandrel;5X20;273375X20;
1139;A2;ISO 15983;A2 ISO 15983  Blind rivets  A2/A2  grooved mandrel;5X22;273375X22;
1139;A2;ISO 15983;A2 ISO 15983  Blind rivets  A2/A2  grooved mandrel;5X25;273375X25;
1139;A2;ISO 15983;A2 ISO 15983  Blind rivets  A2/A2  grooved mandrel;5X30;273375X30;
1139;A2;ISO 15983;A2 ISO 15983  Blind rivets  A2/A2  grooved mandrel;5X35;273375X35;
1139;A2;ISO 15983;A2 ISO 15983  Blind rivets  A2/A2  grooved mandrel;5x40;273375X40;
1139;A2;ISO 15983;A2 ISO 15983  Blind rivets  A2/A2  grooved mandrel;6X8;273376X8;
1139;A2;ISO 15983;A2 ISO 15983  Blind rivets  A2/A2  grooved mandrel;6X10;273376X10;
1139;A2;ISO 15983;A2 ISO 15983  Blind rivets  A2/A2  grooved mandrel;6X12;273376X12;
1139;A2;ISO 15983;A2 ISO 15983  Blind rivets  A2/A2  grooved mandrel;6X14;273376X14;
1139;A2;ISO 15983;A2 ISO 15983  Blind rivets  A2/A2  grooved mandrel;6X16;273376X16;
1139;A2;ISO 15983;A2 ISO 15983  Blind rivets  A2/A2  grooved mandrel;6X18;273376X18;
1139;A2;ISO 15983;A2 ISO 15983  Blind rivets  A2/A2  grooved mandrel;6X20;273376X20;
1139;A2;ISO 15983;A2 ISO 15983  Blind rivets  A2/A2  grooved mandrel;6X25;273376X25;
1139;A2;ISO 15983;A2 ISO 15983  Blind rivets  A2/A2  grooved mandrel;6X30;273376X30;
1139;A2;ISO 15983;A2 ISO 15983  Blind rivets  A2/A2  grooved mandrel;6,4X10;273376,4X10;
1139;A2;ISO 15983;A2 ISO 15983  Blind rivets  A2/A2  grooved mandrel;6,4X12;273376,4X12;
1139;A2;ISO 15983;A2 ISO 15983  Blind rivets  A2/A2  grooved mandrel;6,4X14;273376,4X14;
1139;A2;ISO 15983;A2 ISO 15983  Blind rivets  A2/A2  grooved mandrel;6,4X16;273376,4X16;
1139;A2;ISO 15983;A2 ISO 15983  Blind rivets  A2/A2  grooved mandrel;6,4X18;273376,4X18;
1139;A2;ISO 15983;A2 ISO 15983  Blind rivets  A2/A2  grooved mandrel;6,4X20;273376,4X20;
1139;A2;ISO 15983;A2 ISO 15983  Blind rivets  A2/A2  grooved mandrel;6,4X22;273376,4X22;
1139;A2;ISO 15983;A2 ISO 15983  Blind rivets  A2/A2  grooved mandrel;6,4X25;273376,4X25;
1139;A2;ISO 15983;A2 ISO 15983  Blind rivets  A2/A2  grooved mandrel;6,4X30;273376,4X30;
1139;A1;ISO 8750;1.4310 ISO 8750  Spiral pins;2X4;273432X4;
1139;A1;ISO 8750;1.4310 ISO 8750  Spiral pins;2X10;273432X10;
1139;A1;ISO 8750;1.4310 ISO 8750  Spiral pins;2X12;273432X12;
1139;A1;ISO 8750;1.4310 ISO 8750  Spiral pins;2X14;273432X14;
1139;A1;ISO 8750;1.4310 ISO 8750  Spiral pins;2X16;273432X16;
1139;A1;ISO 8750;1.4310 ISO 8750  Spiral pins;2X20;273432X20;
1139;A1;ISO 8750;1.4310 ISO 8750  Spiral pins;2,5X10;273432,5X10;
1139;A1;ISO 8750;1.4310 ISO 8750  Spiral pins;2,5X12;273432,5X12;
1139;A1;ISO 8750;1.4310 ISO 8750  Spiral pins;2,5X14;273432,5X14;
1139;A1;ISO 8750;1.4310 ISO 8750  Spiral pins;2,5X16;273432,5X16;
1139;A1;ISO 8750;1.4310 ISO 8750  Spiral pins;2,5X18;273432,5X18;
1139;A1;ISO 8750;1.4310 ISO 8750  Spiral pins;2,5X20;273432,5X20;
1139;A1;ISO 8750;1.4310 ISO 8750  Spiral pins;2,5X24;273432,5X24;
1139;A1;ISO 8750;1.4310 ISO 8750  Spiral pins;3X8;273433X8;
1139;A1;ISO 8750;1.4310 ISO 8750  Spiral pins;3X10;273433X10;
1139;A1;ISO 8750;1.4310 ISO 8750  Spiral pins;3X12;273433X12;
1139;A1;ISO 8750;1.4310 ISO 8750  Spiral pins;3X14;273433X14;
1139;A1;ISO 8750;1.4310 ISO 8750  Spiral pins;3X16;273433X16;
1139;A1;ISO 8750;1.4310 ISO 8750  Spiral pins;3X20;273433X20;
1139;A1;ISO 8750;1.4310 ISO 8750  Spiral pins;3X22;273433X22;
1139;A1;ISO 8750;1.4310 ISO 8750  Spiral pins;3X24;273433X24;
1139;A1;ISO 8750;1.4310 ISO 8750  Spiral pins;3X26;273433X26;
1139;A1;ISO 8750;1.4310 ISO 8750  Spiral pins;3X30;273433X30;
1139;A1;ISO 8750;1.4310 ISO 8750  Spiral pins;4X8;273434X8;
1139;A1;ISO 8750;1.4310 ISO 8750  Spiral pins;4X10;273434X10;
1139;A1;ISO 8750;1.4310 ISO 8750  Spiral pins;4X12;273434X12;
1139;A1;ISO 8750;1.4310 ISO 8750  Spiral pins;4X14;273434X14;
1139;A1;ISO 8750;1.4310 ISO 8750  Spiral pins;4X16;273434X16;
1139;A1;ISO 8750;1.4310 ISO 8750  Spiral pins;4X18;273434X18;
1139;A1;ISO 8750;1.4310 ISO 8750  Spiral pins;4X20;273434X20;
1139;A1;ISO 8750;1.4310 ISO 8750  Spiral pins;4X22;273434X22;
1139;A1;ISO 8750;1.4310 ISO 8750  Spiral pins;4X24;273434X24;
1139;A1;ISO 8750;1.4310 ISO 8750  Spiral pins;4X26;273434X26;
1139;A1;ISO 8750;1.4310 ISO 8750  Spiral pins;4X28;273434X28;
1139;A1;ISO 8750;1.4310 ISO 8750  Spiral pins;4X30;273434X30;
1139;A1;ISO 8750;1.4310 ISO 8750  Spiral pins;4X32;273434X32;
1139;A1;ISO 8750;1.4310 ISO 8750  Spiral pins;4X35;273434X35;
1139;A1;ISO 8750;1.4310 ISO 8750  Spiral pins;4X40;273434X40;
1139;A1;ISO 8750;1.4310 ISO 8750  Spiral pins;4X50;273434X50;
1139;A1;ISO 8750;1.4310 ISO 8750  Spiral pins;5X10;273435X10;
1139;A1;ISO 8750;1.4310 ISO 8750  Spiral pins;5X12;273435X12;
1139;A1;ISO 8750;1.4310 ISO 8750  Spiral pins;5X14;273435X14;
1139;A1;ISO 8750;1.4310 ISO 8750  Spiral pins;5X16;273435X16;
1139;A1;ISO 8750;1.4310 ISO 8750  Spiral pins;5X18;273435X18;
1139;A1;ISO 8750;1.4310 ISO 8750  Spiral pins;5X20;273435X20;
1139;A1;ISO 8750;1.4310 ISO 8750  Spiral pins;5X22;273435X22;
1139;A1;ISO 8750;1.4310 ISO 8750  Spiral pins;5X24;273435X24;
1139;A1;ISO 8750;1.4310 ISO 8750  Spiral pins;5X26;273435X26;
1139;A1;ISO 8750;1.4310 ISO 8750  Spiral pins;5X28;273435X28;
1139;A1;ISO 8750;1.4310 ISO 8750  Spiral pins;5X30;273435X30;
1139;A1;ISO 8750;1.4310 ISO 8750  Spiral pins;5X32;273435X32;
1139;A1;ISO 8750;1.4310 ISO 8750  Spiral pins;5X35;273435X35;
1139;A1;ISO 8750;1.4310 ISO 8750  Spiral pins;5X40;273435X40;
1139;A1;ISO 8750;1.4310 ISO 8750  Spiral pins;6X12;273436X12;
1139;A1;ISO 8750;1.4310 ISO 8750  Spiral pins;6X14;273436X14;
1139;A1;ISO 8750;1.4310 ISO 8750  Spiral pins;6X16;273436X16;
1139;A1;ISO 8750;1.4310 ISO 8750  Spiral pins;6X20;273436X20;
1139;A1;ISO 8750;1.4310 ISO 8750  Spiral pins;6X22;273436X22;
1139;A1;ISO 8750;1.4310 ISO 8750  Spiral pins;6X24;273436X24;
1139;A1;ISO 8750;1.4310 ISO 8750  Spiral pins;6X26;273436X26;
1139;A1;ISO 8750;1.4310 ISO 8750  Spiral pins;6X28;273436X28;
1139;A1;ISO 8750;1.4310 ISO 8750  Spiral pins;6X30;273436X30;
1139;A1;ISO 8750;1.4310 ISO 8750  Spiral pins;6X32;273436X32;
1139;A1;ISO 8750;1.4310 ISO 8750  Spiral pins;6X35;273436X35;
1139;A1;ISO 8750;1.4310 ISO 8750  Spiral pins;6X40;273436X40;
1139;A1;ISO 8750;1.4310 ISO 8750  Spiral pins;6X45;273436X45;
1139;A1;ISO 8750;1.4310 ISO 8750  Spiral pins;6X50;273436X50;
1139;A1;ISO 8750;1.4310 ISO 8750  Spiral pins;8X16;273438X16;
1139;A1;ISO 8750;1.4310 ISO 8750  Spiral pins;8X20;273438X20;
1139;A1;ISO 8750;1.4310 ISO 8750  Spiral pins;8X22;273438X22;
1139;A1;ISO 8750;1.4310 ISO 8750  Spiral pins;8X24;273438X24;
1139;A1;ISO 8750;1.4310 ISO 8750  Spiral pins;8X28;273438X28;
1139;A1;ISO 8750;1.4310 ISO 8750  Spiral pins;8X30;273438X30;
1139;A1;ISO 8750;1.4310 ISO 8750  Spiral pins;8X32;273438X32;
1139;A1;ISO 8750;1.4310 ISO 8750  Spiral pins;8X35;273438X35;
1139;A1;ISO 8750;1.4310 ISO 8750  Spiral pins;8X40;273438X40;
1139;A1;ISO 8750;1.4310 ISO 8750  Spiral pins;8X45;273438X45;
1139;A1;ISO 8750;1.4310 ISO 8750  Spiral pins;8X50;273438X50;
1139;A2;ISO 7380;A2 ISO 7380  Hexagon socket button head screws F.T.;2X5;273802X5;
1139;A2;ISO 7380;A2 ISO 7380  Hexagon socket button head screws F.T.;3X3;273803X3;
1139;A2;ISO 7380;A2 ISO 7380  Hexagon socket button head screws F.T.;3X45;273803X45;
1139;A2;ISO 7380;A2 ISO 7380  Hexagon socket button head screws F.T.;4X55;273804X55;
1139;A2;ISO 7380;A2 ISO 7380  Hexagon socket button head screws F.T.;4X60;273804X60;
1139;A2;ISO 7380;A2 ISO 7380  Hexagon socket button head screws F.T.;6X120;273806X120;
1139;A2;ISO 7380;A2 ISO 7380  Hexagon socket button head screws F.T.;10X14;2738010X14;
1139;A2;ISO 7380;A2 ISO 7380  Hexagon socket button head screws F.T.;10X18;2738010X18;
1139;A2;ISO 7380;A2 ISO 7380  Hexagon socket button head screws F.T.;10X75;2738010X75;
1139;A2;ISO 7380;A2 ISO 7380  Hexagon socket button head screws F.T.;10X90;2738010X90;
1139;A2;ISO 7380;A2 ISO 7380  Hexagon socket button head screws F.T.;10X110;2738010X110;
1139;A2;ISO 7380;A2 ISO 7380  Hexagon socket button head screws F.T.;10X120;2738010X120;
1139;A2;ISO 7380;A2 ISO 7380  Hexagon socket button head screws F.T.;12X65;2738012X65;
1139;A2;ISO 7380;A2 ISO 7380  Hexagon socket button head screws F.T.;12X90;2738012X90;
1139;A2;ISO 7380;A2 ISO 7380  Hexagon socket button head screws F.T.;12X100;2738012X100;
1139;A2;ISO 7380;A2 ISO 7380  Hexagon socket button head screws F.T.;12X120;2738012X120;
1139;A2;DIN 7504N;A2 DIN 7504N  Self drilling scr. pan head w/cross rec;2,9X22;27504N2,9X22;
1139;A2;DIN 7504N;A2 DIN 7504N  Self drilling scr. pan head w/cross rec;2,9X25;27504N2,9X25;
1139;A2;DIN 7504N;A2 DIN 7504N  Self drilling scr. pan head w/cross rec;2,9X32;27504N2,9X32;
1139;A2;DIN 7504N;A2 DIN 7504N  Self drilling scr. pan head w/cross rec;3,5X32;27504N3,5X32;
1139;A2;DIN 7504N;A2 DIN 7504N  Self drilling scr. pan head w/cross rec;3,9X9,5;27504N3,9X9,5;
1139;A2;DIN 7504P;A2 DIN 7504P  Self drilling screws countersunk head;2,9X22;27504P2,9X22;
1139;A2;DIN 7504P;A2 DIN 7504P  Self drilling screws countersunk head;2,9X25;27504P2,9X25;
1139;A2;DIN 7504P;A2 DIN 7504P  Self drilling screws countersunk head;2,9X32;27504P2,9X32;
1139;A2;DIN 7504P;A2 DIN 7504P  Self drilling screws countersunk head;3,5X32;27504P3,5X32;
1139;A2;DIN 7504P;A2 DIN 7504P  Self drilling screws countersunk head;3,5X38;27504P3,5X38;
1139;A2;DIN 7504P;A2 DIN 7504P  Self drilling screws countersunk head;3,9X9,5;27504P3,9X9,5;
1139;A2;DIN 7504K;A2 DIN 7504K  Self drilling screws hexagon head;4,8X13;27504K4,8X13;
1139;A2;DIN 7976;A2 DIN 7976  Head hexagon tapping screws;2,9X22;279762,9X22;
1139;A2;DIN 7976;A2 DIN 7976  Head hexagon tapping screws;2,9X25;279762,9X25;
1139;A2;DIN 7976;A2 DIN 7976  Head hexagon tapping screws;3,5X32;279763,5X32;
1139;A2;DIN 7976;A2 DIN 7976  Head hexagon tapping screws;3,5X38;279763,5X38;
1139;A2;DIN 7976;A2 DIN 7976  Head hexagon tapping screws;3,9X38;279763,9X38;
1139;A2;DIN 7976;A2 DIN 7976  Head hexagon tapping screws;3,9X45;279763,9X45;
1139;A2;DIN 7976;A2 DIN 7976  Head hexagon tapping screws;4,2X60;279764,2X60;
1139;A2;DIN 7976;A2 DIN 7976  Head hexagon tapping screws;4,2X70;279764,2X70;
1139;A2;DIN 7976;A2 DIN 7976  Head hexagon tapping screws;4,8X80;279764,8X80;
1139;A2;DIN 7976;A2 DIN 7976  Head hexagon tapping screws;5,5X80;279765,5X80;
1139;A2;DIN 7976;A2 DIN 7976  Head hexagon tapping screws;5,5X90;279765,5X90;
1139;A2;DIN 7976;A2 DIN 7976  Head hexagon tapping screws;5,5X100;279765,5X100;
1139;A2;DIN 7976;A2 DIN 7976  Head hexagon tapping screws;6,3X100;279766,3X100;
1139;A2;DIN 7981;A2 DIN 7981  Tapping screws pan head cross recess H;2,2X4,7;279812,2X4,7;
1139;A2;DIN 7983;A2 DIN 7983  Tapping screws raised countersunk H;2,2X6,5;279832,2X6,5;
1139;A2;DIN 7983;A2 DIN 7983  Tapping screws raised countersunk H;2,2X9,5;279832,2X9,5;
1139;A2;DIN 7983;A2 DIN 7983  Tapping screws raised countersunk H;2,2X13;279832,2X13;
1139;A2;DIN 7983;A2 DIN 7983  Tapping screws raised countersunk H;2,2X16;279832,2X16;
1139;A2;DIN 7983;A2 DIN 7983  Tapping screws raised countersunk H;2,2X19;279832,2X19;
1139;A2;DIN 7983;A2 DIN 7983  Tapping screws raised countersunk H;2,2X22;279832,2X22;
1139;A2;DIN 7983;A2 DIN 7983  Tapping screws raised countersunk H;2,2X25;279832,2X25;
1139;A2;DIN 7983;A2 DIN 7983  Tapping screws raised countersunk H;2,9X6,5;279832,9X6,5;
1139;A2;DIN 7983;A2 DIN 7983  Tapping screws raised countersunk H;2,9X9,5;279832,9X9,5;
1139;A2;DIN 7983;A2 DIN 7983  Tapping screws raised countersunk H;2,9X13;279832,9X13;
1139;A2;DIN 7983;A2 DIN 7983  Tapping screws raised countersunk H;2,9X16;279832,9X16;
1139;A2;DIN 7983;A2 DIN 7983  Tapping screws raised countersunk H;2,9X19;279832,9X19;
1139;A2;DIN 7983;A2 DIN 7983  Tapping screws raised countersunk H;2,9X22;279832,9X22;
1139;A2;DIN 7983;A2 DIN 7983  Tapping screws raised countersunk H;2,9X25;279832,9X25;
1139;A2;DIN 7983;A2 DIN 7983  Tapping screws raised countersunk H;2,9X32;279832,9X32;
1139;A2;DIN 7983;A2 DIN 7983  Tapping screws raised countersunk H;2,9X38;279832,9X38;
1139;A2;DIN 7983;A2 DIN 7983  Tapping screws raised countersunk H;3,5X6,5;279833,5X6,5;
1139;A2;DIN 7983;A2 DIN 7983  Tapping screws raised countersunk H;3,5X9,5;279833,5X9,5;
1139;A2;DIN 7983;A2 DIN 7983  Tapping screws raised countersunk H;3,5X13;279833,5X13;
1139;A2;DIN 7983;A2 DIN 7983  Tapping screws raised countersunk H;3,5X16;279833,5X16;
1139;A2;DIN 7983;A2 DIN 7983  Tapping screws raised countersunk H;3,5X19;279833,5X19;
1139;A2;DIN 7983;A2 DIN 7983  Tapping screws raised countersunk H;3,5X22;279833,5X22;
1139;A2;DIN 7983;A2 DIN 7983  Tapping screws raised countersunk H;3,5X25;279833,5X25;
1139;A2;DIN 7983;A2 DIN 7983  Tapping screws raised countersunk H;3,5X32;279833,5X32;
1139;A2;DIN 7983;A2 DIN 7983  Tapping screws raised countersunk H;3,5X38;279833,5X38;
1139;A2;DIN 7983;A2 DIN 7983  Tapping screws raised countersunk H;3,5X45;279833,5X45;
1139;A2;DIN 7983;A2 DIN 7983  Tapping screws raised countersunk H;3,5X50;279833,5X50;
1139;A2;DIN 7983;A2 DIN 7983  Tapping screws raised countersunk H;3,9X9,5;279833,9X9,5;
1139;A2;DIN 7983;A2 DIN 7983  Tapping screws raised countersunk H;3,9X13;279833,9X13;
1139;A2;DIN 7983;A2 DIN 7983  Tapping screws raised countersunk H;3,9X16;279833,9X16;
1139;A2;DIN 7983;A2 DIN 7983  Tapping screws raised countersunk H;3,9X19;279833,9X19;
1139;A2;DIN 7983;A2 DIN 7983  Tapping screws raised countersunk H;3,9X22;279833,9X22;
1139;A2;DIN 7983;A2 DIN 7983  Tapping screws raised countersunk H;3,9X25;279833,9X25;
1139;A2;DIN 7983;A2 DIN 7983  Tapping screws raised countersunk H;3,9X32;279833,9X32;
1139;A2;DIN 7983;A2 DIN 7983  Tapping screws raised countersunk H;3,9X38;279833,9X38;
1139;A2;DIN 7983;A2 DIN 7983  Tapping screws raised countersunk H;3,9X45;279833,9X45;
1139;A2;DIN 7983;A2 DIN 7983  Tapping screws raised countersunk H;3,9X50;279833,9X50;
1139;A2;DIN 7983;A2 DIN 7983  Tapping screws raised countersunk H;4,2X9,5;279834,2X9,5;
1139;A2;DIN 7983;A2 DIN 7983  Tapping screws raised countersunk H;4,2X13;279834,2X13;
1139;A2;DIN 7983;A2 DIN 7983  Tapping screws raised countersunk H;4,2X16;279834,2X16;
1139;A2;DIN 7983;A2 DIN 7983  Tapping screws raised countersunk H;4,2X19;279834,2X19;
1139;A2;DIN 7983;A2 DIN 7983  Tapping screws raised countersunk H;4,2X22;279834,2X22;
1139;A2;DIN 7983;A2 DIN 7983  Tapping screws raised countersunk H;4,2X25;279834,2X25;
1139;A2;DIN 7983;A2 DIN 7983  Tapping screws raised countersunk H;4,2X32;279834,2X32;
1139;A2;DIN 7983;A2 DIN 7983  Tapping screws raised countersunk H;4,2X38;279834,2X38;
1139;A2;DIN 7983;A2 DIN 7983  Tapping screws raised countersunk H;4,2X45;279834,2X45;
1139;A2;DIN 7983;A2 DIN 7983  Tapping screws raised countersunk H;4,2X50;279834,2X50;
1139;A2;DIN 7983;A2 DIN 7983  Tapping screws raised countersunk H;4,2X60;279834,2X60;
1139;A2;DIN 7983;A2 DIN 7983  Tapping screws raised countersunk H;4,2X70;279834,2X70;
1139;A2;DIN 7983;A2 DIN 7983  Tapping screws raised countersunk H;4,2X80;279834,2X80;
1139;A2;DIN 7983;A2 DIN 7983  Tapping screws raised countersunk H;4,8X9,5;279834,8X9,5;
1139;A2;DIN 7983;A2 DIN 7983  Tapping screws raised countersunk H;4,8X13;279834,8X13;
1139;A2;DIN 7983;A2 DIN 7983  Tapping screws raised countersunk H;4,8X16;279834,8X16;
1139;A2;DIN 7983;A2 DIN 7983  Tapping screws raised countersunk H;4,8X19;279834,8X19;
1139;A2;DIN 7983;A2 DIN 7983  Tapping screws raised countersunk H;4,8X22;279834,8X22;
1139;A2;DIN 7983;A2 DIN 7983  Tapping screws raised countersunk H;4,8X25;279834,8X25;
1139;A2;DIN 7983;A2 DIN 7983  Tapping screws raised countersunk H;4,8X32;279834,8X32;
1139;A2;DIN 7983;A2 DIN 7983  Tapping screws raised countersunk H;4,8X38;279834,8X38;
1139;A2;DIN 7983;A2 DIN 7983  Tapping screws raised countersunk H;4,8X45;279834,8X45;
1139;A2;DIN 7983;A2 DIN 7983  Tapping screws raised countersunk H;4,8X50;279834,8X50;
1139;A2;DIN 7983;A2 DIN 7983  Tapping screws raised countersunk H;4,8X60;279834,8X60;
1139;A2;DIN 7983;A2 DIN 7983  Tapping screws raised countersunk H;4,8X70;279834,8X70;
1139;A2;DIN 7983;A2 DIN 7983  Tapping screws raised countersunk H;4,8X80;279834,8X80;
1139;A2;DIN 7983;A2 DIN 7983  Tapping screws raised countersunk H;5,5X13;279835,5X13;
1139;A2;DIN 7983;A2 DIN 7983  Tapping screws raised countersunk H;5,5X16;279835,5X16;
1139;A2;DIN 7983;A2 DIN 7983  Tapping screws raised countersunk H;5,5X19;279835,5X19;
1139;A2;DIN 7983;A2 DIN 7983  Tapping screws raised countersunk H;5,5X22;279835,5X22;
1139;A2;DIN 7983;A2 DIN 7983  Tapping screws raised countersunk H;5,5X25;279835,5X25;
1139;A2;DIN 7983;A2 DIN 7983  Tapping screws raised countersunk H;5,5X32;279835,5X32;
1139;A2;DIN 7983;A2 DIN 7983  Tapping screws raised countersunk H;5,5X38;279835,5X38;
1139;A2;DIN 7983;A2 DIN 7983  Tapping screws raised countersunk H;5,5X45;279835,5X45;
1139;A2;DIN 7983;A2 DIN 7983  Tapping screws raised countersunk H;5,5X50;279835,5X50;
1139;A2;DIN 7983;A2 DIN 7983  Tapping screws raised countersunk H;5,5X60;279835,5X60;
1139;A2;DIN 7983;A2 DIN 7983  Tapping screws raised countersunk H;5,5X70;279835,5X70;
1139;A2;DIN 7983;A2 DIN 7983  Tapping screws raised countersunk H;5,5X80;279835,5X80;
1139;A2;DIN 7983;A2 DIN 7983  Tapping screws raised countersunk H;5,5X90;279835,5X90;
1139;A2;DIN 7983;A2 DIN 7983  Tapping screws raised countersunk H;5,5X100;279835,5X100;
1139;A2;DIN 7983;A2 DIN 7983  Tapping screws raised countersunk H;6,3X13;279836,3X13;
1139;A2;DIN 7983;A2 DIN 7983  Tapping screws raised countersunk H;6,3X16;279836,3X16;
1139;A2;DIN 7983;A2 DIN 7983  Tapping screws raised countersunk H;6,3X19;279836,3X19;
1139;A2;DIN 7983;A2 DIN 7983  Tapping screws raised countersunk H;6,3X22;279836,3X22;
1139;A2;DIN 7983;A2 DIN 7983  Tapping screws raised countersunk H;6,3X25;279836,3X25;
1139;A2;DIN 7983;A2 DIN 7983  Tapping screws raised countersunk H;6,3X32;279836,3X32;
1139;A2;DIN 7983;A2 DIN 7983  Tapping screws raised countersunk H;6,3X38;279836,3X38;
1139;A2;DIN 7983;A2 DIN 7983  Tapping screws raised countersunk H;6,3X45;279836,3X45;
1139;A2;DIN 7983;A2 DIN 7983  Tapping screws raised countersunk H;6,3X50;279836,3X50;
1139;A2;DIN 7983;A2 DIN 7983  Tapping screws raised countersunk H;6,3X60;279836,3X60;
1139;A2;DIN 7983;A2 DIN 7983  Tapping screws raised countersunk H;6,3X70;279836,3X70;
1139;A2;DIN 7983;A2 DIN 7983  Tapping screws raised countersunk H;6,3X80;279836,3X80;
1139;A2;DIN 7983;A2 DIN 7983  Tapping screws raised countersunk H;6,3X90;279836,3X90;
1139;A2;DIN 7983;A2 DIN 7983  Tapping screws raised countersunk H;6,3X100;279836,3X100;
1139;A2;DIN 7985;A2 DIN 7985  Pan head screws with cross recess H;3,5X12;279853,5X12;
1139;A4;sim. DIN 7505 A;A4 sim. DIN 7505A  Chipboard screws CSK  double head  FT Z;3X10;47505A3X10;
1139;A4;sim. DIN 7505 A;A4 sim. DIN 7505A  Chipboard screws CSK  double head  FT Z;3X12;47505A3X12;
1139;A4;sim. DIN 7505 A;A4 sim. DIN 7505A  Chipboard screws CSK  double head  FT Z;3X16;47505A3X16;
1139;A4;sim. DIN 7505 A;A4 sim. DIN 7505A  Chipboard screws CSK  double head  FT Z;3X20;47505A3X20;
1139;A4;sim. DIN 7505 A;A4 sim. DIN 7505A  Chipboard screws CSK  double head  FT Z;3X25;47505A3X25;
1139;A4;sim. DIN 7505 A;A4 sim. DIN 7505A  Chipboard screws CSK  double head  FT Z;3X30;47505A3X30;
1139;A4;sim. DIN 7505 A;A4 sim. DIN 7505A  Chipboard screws CSK  double head  FT Z;3X35;47505A3X35;
1139;A4;sim. DIN 7505 A;A4 sim. DIN 7505A  Chipboard screws CSK  double head  FT Z;3X40;47505A3X40;
1139;A4;sim. DIN 7505 A;A4 sim. DIN 7505A  Chipboard screws CSK  double head  FT Z;3,5X12;47505A3,5X12;
1139;A4;sim. DIN 7505 A;A4 sim. DIN 7505A  Chipboard screws CSK  double head  FT Z;3,5X16;47505A3,5X16;
1139;A4;sim. DIN 7505 A;A4 sim. DIN 7505A  Chipboard screws CSK  double head  FT Z;3,5X20;47505A3,5X20;
1139;A4;sim. DIN 7505 A;A4 sim. DIN 7505A  Chipboard screws CSK  double head  FT Z;3,5X25;47505A3,5X25;
1139;A4;sim. DIN 7505 A;A4 sim. DIN 7505A  Chipboard screws CSK  double head  FT Z;3,5X30;47505A3,5X30;
1139;A4;sim. DIN 7505 A;A4 sim. DIN 7505A  Chipboard screws CSK  double head  FT Z;3,5X35;47505A3,5X35;
1139;A4;sim. DIN 7505 A;A4 sim. DIN 7505A  Chipboard screws CSK  double head  FT Z;3,5X40;47505A3,5X40;
1139;A4;sim. DIN 7505 A;A4 sim. DIN 7505A  Chipboard screws CSK  double head  FT Z;3,5X45;47505A3,5X45;
1139;A4;sim. DIN 7505 A;A4 sim. DIN 7505A  Chipboard screws CSK  double head  FT Z;3,5X50;47505A3,5X50;
1139;A4;sim. DIN 7505 A;A4 sim. DIN 7505A  Chipboard screws CSK  double head  FT Z;4X12;47505A4X12;
1139;A4;sim. DIN 7505 A;A4 sim. DIN 7505A  Chipboard screws CSK  double head  FT Z;4X16;47505A4X16;
1139;A4;sim. DIN 7505 A;A4 sim. DIN 7505A  Chipboard screws CSK  double head  FT Z;4X20;47505A4X20;
1139;A4;sim. DIN 7505 A;A4 sim. DIN 7505A  Chipboard screws CSK  double head  FT Z;4X25;47505A4X25;
1139;A4;sim. DIN 7505 A;A4 sim. DIN 7505A  Chipboard screws CSK  double head  FT Z;4X30;47505A4X30;
1139;A4;sim. DIN 7505 A;A4 sim. DIN 7505A  Chipboard screws CSK  double head  FT Z;4X35;47505A4X35;
1139;A4;sim. DIN 7505 A;A4 sim. DIN 7505A  Chipboard screws CSK  double head  FT Z;4X40;47505A4X40;
1139;A4;sim. DIN 7505 A;A4 sim. DIN 7505A  Chipboard screws CSK  double head  FT Z;4X45;47505A4X45;
1139;A4;sim. DIN 7505 A;A4 sim. DIN 7505A  Chipboard screws CSK  double head  FT Z;4X50;47505A4X50;
1139;A4;sim. DIN 7505 A;A4 sim. DIN 7505A  Chipboard screws CSK  double head  FT Z;4X55;47505A4X55;
1139;A4;sim. DIN 7505 A;A4 sim. DIN 7505A  Chipboard screws CSK  double head  FT Z;4X60;47505A4X60;
1139;A4;sim. DIN 7505 A;A4 sim. DIN 7505A  Chipboard screws CSK  double head  FT Z;4X70;47505A4X70;
1139;A4;sim. DIN 7505 A;A4 sim. DIN 7505A  Chipboard screws CSK  double head  FT Z;4,5X20;47505A4,5X20;
1139;A4;sim. DIN 7505 A;A4 sim. DIN 7505A  Chipboard screws CSK  double head  FT Z;4,5X25;47505A4,5X25;
1139;A4;sim. DIN 7505 A;A4 sim. DIN 7505A  Chipboard screws CSK  double head  FT Z;4,5X30;47505A4,5X30;
1139;A4;sim. DIN 7505 A;A4 sim. DIN 7505A  Chipboard screws CSK  double head  FT Z;4,5X35;47505A4,5X35;
1139;A4;sim. DIN 7505 A;A4 sim. DIN 7505A  Chipboard screws CSK  double head  FT Z;4,5X40;47505A4,5X40;
1139;A4;sim. DIN 7505 A;A4 sim. DIN 7505A  Chipboard screws CSK  double head  FT Z;4,5X45;47505A4,5X45;
1139;A4;sim. DIN 7505 A;A4 sim. DIN 7505A  Chipboard screws CSK  double head  FT Z;4,5X50;47505A4,5X50;
1139;A4;sim. DIN 7505 A;A4 sim. DIN 7505A  Chipboard screws CSK  double head  FT Z;4,5X60;47505A4,5X60;
1139;A4;sim. DIN 7505 A;A4 sim. DIN 7505A  Chipboard screws CSK  double head  FT Z;4,5X70;47505A4,5X70;
1139;A4;sim. DIN 7505 A;A4 sim. DIN 7505A  Chipboard screws CSK  double head  FT Z;5X20;47505A5X20;
1139;A4;sim. DIN 7505 A;A4 sim. DIN 7505A  Chipboard screws CSK  double head  FT Z;5X25;47505A5X25;
1139;A4;sim. DIN 7505 A;A4 sim. DIN 7505A  Chipboard screws CSK  double head  FT Z;5X30;47505A5X30;
1139;A4;sim. DIN 7505 A;A4 sim. DIN 7505A  Chipboard screws CSK  double head  FT Z;5X35;47505A5X35;
1139;A4;sim. DIN 7505 A;A4 sim. DIN 7505A  Chipboard screws CSK  double head  FT Z;5X40;47505A5X40;
1139;A4;sim. DIN 7505 A;A4 sim. DIN 7505A  Chipboard screws CSK  double head  FT Z;5X45;47505A5X45;
1139;A4;sim. DIN 7505 A;A4 sim. DIN 7505A  Chipboard screws CSK  double head  FT Z;5X50;47505A5X50;
1139;A4;sim. DIN 7505 A;A4 sim. DIN 7505A  Chipboard screws CSK  double head  FT Z;5X60;47505A5X60;
1139;A4;sim. DIN 7505 A;A4 sim. DIN 7505A  Chipboard screws CSK  double head  FT Z;5X70;47505A5X70;
1139;A4;sim. DIN 7505 A;A4 sim. DIN 7505A  Chipboard screws CSK  double head  FT Z;5X80;47505A5X80;
1139;A4;sim. DIN 7505 A;A4 sim. DIN 7505A  Chipboard screws CSK  double head  FT Z;5X90;47505A5X90;
1139;A4;sim. DIN 7505 A;A4 sim. DIN 7505A  Chipboard screws CSK  double head  FT Z;5X100;47505A5X100;
1139;A4;sim. DIN 7505 A;A4 sim. DIN 7505A  Chipboard screws CSK  double head  FT Z;6X30;47505A6X30;
1139;A4;sim. DIN 7505 A;A4 sim. DIN 7505A  Chipboard screws CSK  double head  FT Z;6X35;47505A6X35;
1139;A4;sim. DIN 7505 A;A4 sim. DIN 7505A  Chipboard screws CSK  double head  FT Z;6X40;47505A6X40;
1139;A4;sim. DIN 7505 A;A4 sim. DIN 7505A  Chipboard screws CSK  double head  FT Z;6x45;47505A6X45;
1139;A4;sim. DIN 7505 A;A4 sim. DIN 7505A  Chipboard screws CSK  double head  FT Z;6X50;47505A6X50;
1139;A4;sim. DIN 7505 A;A4 sim. DIN 7505A  Chipboard screws CSK  double head  FT Z;6X60;47505A6X60;
1139;A4;sim. DIN 7505 A;A4 sim. DIN 7505A  Chipboard screws CSK  double head  FT Z;6X70;47505A6X70;
1139;A4;sim. DIN 7505 A;A4 sim. DIN 7505A  Chipboard screws CSK  double head  FT Z;6X80;47505A6X80;
1139;A4;sim. DIN 7505 A;A4 sim. DIN 7505A  Chipboard screws CSK  double head  FT Z;6X90;47505A6X90;
1139;A4;sim. DIN 7505 A;A4 sim. DIN 7505A  Chipboard screws CSK  double head  FT Z;6X100;47505A6X100;
1139;A4;DIN 571;A4 DIN 571  Wood screws with hexagon head;6X140;405716X140;
1139;A2;DIN 7967;A2 DIN 7967  Self locking counter nuts Pal Nuts;22;2796722;
1139;A4;ART. 580;A4 ART. 580  Lifting eye bolts;5;405805;
1139;A4;ART. 580;A4 ART. 580  Lifting eye bolts;6;405806;
1139;A4;ART. 580;A4 ART. 580  Lifting eye bolts;8;405808;
1139;A4;ART. 580;A4 ART. 580  Lifting eye bolts;10;4058010;
1139;A4;ART. 580;A4 ART. 580  Lifting eye bolts;12;4058012;
1139;A4;ART. 580;A4 ART. 580  Lifting eye bolts;14;4058014;
1139;A4;ART. 580;A4 ART. 580  Lifting eye bolts;16;4058016;
1139;A4;ART. 580;A4 ART. 580  Lifting eye bolts;20;4058020;
1139;A4;ART. 580;A4 ART. 580  Lifting eye bolts;24;4058024;
1139;A4;ART. 580;A4 ART. 580  Lifting eye bolts;27;4058027;
1139;A4;ART. 580;A4 ART. 580  Lifting eye bolts;30;4058030;
1139;A4;ART. 580;A4 ART. 580  Lifting eye bolts;36;4058036;
1139;A4;ART. 582;A4 ART. 582  Lifting eye nuts;6;405826;
1139;A4;ART. 582;A4 ART. 582  Lifting eye nuts;8;405828;
1139;A4;ART. 582;A4 ART. 582  Lifting eye nuts;10;4058210;
1139;A4;ART. 582;A4 ART. 582  Lifting eye nuts;12;4058212;
1139;A4;ART. 582;A4 ART. 582  Lifting eye nuts;14;4058214;
1139;A4;ART. 582;A4 ART. 582  Lifting eye nuts;16;4058216;
1139;A4;ART. 582;A4 ART. 582  Lifting eye nuts;20;4058220;
1139;A4;ART. 582;A4 ART. 582  Lifting eye nuts;24;4058224;
1139;A4;ART. 582;A4 ART. 582  Lifting eye nuts;27;4058227;
1139;A4;ART. 582;A4 ART. 582  Lifting eye nuts;30;4058230;
1139;A4;ART. 582;A4 ART. 582  Lifting eye nuts;36;4058236;
1139;A4;sim. DIN 7505B;A4 sim. DIN 7505B  CBS screws pan double head  FT Z;4x25;47505B4X25;
1139;A4;DIN 912;A4 DIN 912  Hexagon socket head cap screws;4X30/30;409124X30/30;
1139;A4;DIN 912;A4 DIN 912  Hexagon socket head cap screws;4x40/40;409124x40/40;
1139;A4;DIN 912;A4 DIN 912  Hexagon socket head cap screws;5X40/40;409125X40/40;
1139;A4;DIN 912;A4 DIN 912  Hexagon socket head cap screws;5X30/30;409125X30/30;
1139;A4;DIN 912;A4 DIN 912  Hexagon socket head cap screws;5X35/35;409125X35/35;
1139;A4;DIN 912;A4 DIN 912  Hexagon socket head cap screws;5X45/45;409125X45/45;
1139;A4;DIN 912;A4 DIN 912  Hexagon socket head cap screws;5X50/50;409125X50/50;
1139;A4;DIN 912;A4 DIN 912  Hexagon socket head cap screws;5X70/70;409125X70/70;
1139;A4;DIN 912;A4 DIN 912  Hexagon socket head cap screws;5X80/80;409125X80/80;
1139;A4;DIN 912;A4 DIN 912  Hexagon socket head cap screws;5X110/110;409125X110/110;
1139;A4;DIN 912;A4 DIN 912  Hexagon socket head cap screws;5X120/120;409125X120/120;
1139;A4;DIN 912;A4 DIN 912  Hexagon socket head cap screws;6X90/90;409126X90/90;
1139;A4;DIN 912;A4 DIN 912  Hexagon socket head cap screws;6X35/35;409126X35/35;
1139;A4;DIN 912;A4 DIN 912  Hexagon socket head cap screws;6X40/40;409126X40/40;
1139;A4;DIN 912;A4 DIN 912  Hexagon socket head cap screws;6X45/45;409126X45/45;
1139;A4;DIN 912;A4 DIN 912  Hexagon socket head cap screws;6X50/50;409126X50/50;
1139;A4;DIN 912;A4 DIN 912  Hexagon socket head cap screws;6X55/55;409126X55/55;
1139;A4;DIN 912;A4 DIN 912  Hexagon socket head cap screws;6X60/60;409126X60/60;
1139;A4;DIN 912;A4 DIN 912  Hexagon socket head cap screws;6X70/70;409126X70/70;
1139;A4;DIN 912;A4 DIN 912  Hexagon socket head cap screws;6X80/80;409126X80/80;
1139;A4;DIN 912;A4 DIN 912  Hexagon socket head cap screws;6X100/100;409126X100/100;
1139;A4;DIN 912;A4 DIN 912  Hexagon socket head cap screws;8X40/40;409128X40/40;
1139;A4;DIN 912;A4 DIN 912  Hexagon socket head cap screws;8X45/45;409128X45/45;
1139;A4;DIN 912;A4 DIN 912  Hexagon socket head cap screws;8X50/50;409128X50/50;
1139;A4;DIN 912;A4 DIN 912  Hexagon socket head cap screws;8X55/55;409128X55/55;
1139;A4;DIN 912;A4 DIN 912  Hexagon socket head cap screws;8X60/60;409128X60/60;
1139;A4;DIN 912;A4 DIN 912  Hexagon socket head cap screws;8x70/70;409128x70/70;
1139;A4;DIN 912;A4 DIN 912  Hexagon socket head cap screws;8X80/80;409128X80/80;
1139;A4;DIN 912;A4 DIN 912  Hexagon socket head cap screws;8X100/100;409128X100/100;
1139;A4;DIN 912;A4 DIN 912  Hexagon socket head cap screws;10X100/100;4091210X100/100;
1139;A4;DIN 912;A4 DIN 912  Hexagon socket head cap screws;10X90/90;4091210X90/90;
1139;A4;DIN 912;A4 DIN 912  Hexagon socket head cap screws;10X45/45;4091210X45/45;
1139;A4;DIN 912;A4 DIN 912  Hexagon socket head cap screws;10X50/50;4091210X50/50;
1139;A4;DIN 912;A4 DIN 912  Hexagon socket head cap screws;10X55/55;4091210X55/55;
1139;A4;DIN 912;A4 DIN 912  Hexagon socket head cap screws;10X60/60;4091210X60/60;
1139;A4;DIN 912;A4 DIN 912  Hexagon socket head cap screws;10X70/70;4091210X70/70;
1139;A4;DIN 912;A4 DIN 912  Hexagon socket head cap screws;10X80/80;4091210X80/80;
1139;A4;DIN 912;A4 DIN 912  Hexagon socket head cap screws;12X55/55;4091212X55/55;
1139;A4;DIN 912;A4 DIN 912  Hexagon socket head cap screws;12X100/100;4091212X100/100;
1139;A4;DIN 912;A4 DIN 912  Hexagon socket head cap screws;33X100;4091233X100;
1139;A4;DIN 912;A4 DIN 912  Hexagon socket head cap screws;33X110;4091233X110;
1139;A4;DIN 912;A4 DIN 912  Hexagon socket head cap screws;33x120;4091233x120;
1139;A4;DIN 912;A4 DIN 912  Hexagon socket head cap screws;33X130;4091233X130;
1139;A4;DIN 912;A4 DIN 912  Hexagon socket head cap screws;33X140;4091233X140;
1139;A4;DIN 912;A4 DIN 912  Hexagon socket head cap screws;33X150;4091233X150;
1139;A4;DIN 912;A4 DIN 912  Hexagon socket head cap screws;33X160;4091233X160;
1139;A4;DIN 912;A4 DIN 912  Hexagon socket head cap screws;33X170;4091233X170;
1139;A4;DIN 912;A4 DIN 912  Hexagon socket head cap screws;33X180;4091233X180;
1139;A4;DIN 912;A4 DIN 912  Hexagon socket head cap screws;33X190;4091233X190;
1139;A4;DIN 912;A4 DIN 912  Hexagon socket head cap screws;33X200;4091233X200;
1139;A4;DIN 912;A4 DIN 912  Hexagon socket head cap screws;36X100;4091236X100;
1139;A4;DIN 912;A4 DIN 912  Hexagon socket head cap screws;36X110;4091236X110;
1139;A4;DIN 912;A4 DIN 912  Hexagon socket head cap screws;36X120;4091236X120;
1139;A4;DIN 912;A4 DIN 912  Hexagon socket head cap screws;36X130;4091236X130;
1139;A4;DIN 912;A4 DIN 912  Hexagon socket head cap screws;36X140;4091236X140;
1139;A4;DIN 912;A4 DIN 912  Hexagon socket head cap screws;36X150;4091236X150;
1139;A4;DIN 912;A4 DIN 912  Hexagon socket head cap screws;36X160;4091236X160;
1139;A4;DIN 912;A4 DIN 912  Hexagon socket head cap screws;36X170;4091236X170;
1139;A4;DIN 912;A4 DIN 912  Hexagon socket head cap screws;36X180;4091236X180;
1139;A4;DIN 912;A4 DIN 912  Hexagon socket head cap screws;36X190;4091236X190;
1139;A4;DIN 912;A4 DIN 912  Hexagon socket head cap screws;36X200;4091236X200;
1139;A4;DIN 966;A4 DIN 966  Raised countersunk head screws H;2X6;409662X6;
1139;A4;DIN 966;A4 DIN 966  Raised countersunk head screws H;2X8;409662X8;
1139;A4;DIN 966;A4 DIN 966  Raised countersunk head screws H;2X10;409662X10;
1139;A4;DIN 966;A4 DIN 966  Raised countersunk head screws H;4X50;409664X50;
1139;A4;DIN 966;A4 DIN 966  Raised countersunk head screws H;5X14;409665X14;
1139;A4;DIN 966;A4 DIN 966  Raised countersunk head screws H;5X60;409665X60;
1139;A4;DIN 966;A4 DIN 966  Raised countersunk head screws H;6X14;409666X14;
1139;A4;DIN 976 x 1000-2000-3000;A4 DIN 976  Threaded rods;3;409763;
1139;A4;DIN 976 x 1000-2000-3000;A4 DIN 976  Threaded rods;4;409764;
1139;A4;DIN 976 x 1000-2000-3000;A4 DIN 976  Threaded rods;5;409765;
1139;A4;DIN 976 x 1000-2000-3000;A4 DIN 976  Threaded rods;6;409766;
1139;A4;DIN 976 x 1000-2000-3000;A4 DIN 976  Threaded rods;6X2000;409766X2000;
1139;A4;DIN 976 x 1000-2000-3000;A4 DIN 976  Threaded rods;6X3000;409766X3000;
1139;A4;DIN 976 x 1000-2000-3000;A4 DIN 976  Threaded rods;8;409768;
1139;A4;DIN 976 x 1000-2000-3000;A4 DIN 976  Threaded rods;8X2000;409768X2000;
1139;A4;DIN 976 x 1000-2000-3000;A4 DIN 976  Threaded rods;8X3000;409768X3000;
1139;A4;DIN 976 x 1000-2000-3000;A4 DIN 976  Threaded rods;10;4097610;
1139;A4;DIN 976 x 1000-2000-3000;A4 DIN 976  Threaded rods;10X2000;4097610X2000;
1139;A4;DIN 976 x 1000-2000-3000;A4 DIN 976  Threaded rods;10X3000;4097610X3000;
1139;A4;DIN 976 x 1000-2000-3000;A4 DIN 976  Threaded rods;12;4097612;
1139;A4;DIN 976 x 1000-2000-3000;A4 DIN 976  Threaded rods;12X2000;4097612X2000;
1139;A4;DIN 976 x 1000-2000-3000;A4 DIN 976  Threaded rods;12X3000;4097612X3000;
1139;A4;DIN 976 x 1000-2000-3000;A4 DIN 976  Threaded rods;14;4097614;
1139;A4;DIN 976 x 1000-2000-3000;A4 DIN 976  Threaded rods;14X2000;4097614X2000;
1139;A4;DIN 976 x 1000-2000-3000;A4 DIN 976  Threaded rods;14X3000;4097614X3000;
1139;A4;DIN 976 x 1000-2000-3000;A4 DIN 976  Threaded rods;16;4097616;
1139;A4;DIN 976 x 1000-2000-3000;A4 DIN 976  Threaded rods;16x2000;4097616x2000;
1139;A4;DIN 976 x 1000-2000-3000;A4 DIN 976  Threaded rods;16X3000;4097616X3000;
1139;A4;DIN 976 x 1000-2000-3000;A4 DIN 976  Threaded rods;18;4097618;
1139;A4;DIN 976 x 1000-2000-3000;A4 DIN 976  Threaded rods;18X2000;4097618X2000;
1139;A4;DIN 976 x 1000-2000-3000;A4 DIN 976  Threaded rods;18X3000;4097618X3000;
1139;A4;DIN 976 x 1000-2000-3000;A4 DIN 976  Threaded rods;20;4097620;
1139;A4;DIN 976 x 1000-2000-3000;A4 DIN 976  Threaded rods;20X2000;4097620X2000;
1139;A4;DIN 976 x 1000-2000-3000;A4 DIN 976  Threaded rods;20X3000;4097620X3000;
1139;A4;DIN 976 x 1000-2000-3000;A4 DIN 976  Threaded rods;22;4097622;
1139;A4;DIN 976 x 1000-2000-3000;A4 DIN 976  Threaded rods;22X2000;4097622X2000;
1139;A4;DIN 976 x 1000-2000-3000;A4 DIN 976  Threaded rods;22X3000;4097622X3000;
1139;A4;DIN 976 x 1000-2000-3000;A4 DIN 976  Threaded rods;24;4097624;
1139;A4;DIN 976 x 1000-2000-3000;A4 DIN 976  Threaded rods;24X2000;4097624X2000;
1139;A4;DIN 976 x 1000-2000-3000;A4 DIN 976  Threaded rods;24X3000;4097624X3000;
1139;A4;DIN 976 x 1000-2000-3000;A4 DIN 976  Threaded rods;27;4097627;
1139;A4;DIN 976 x 1000-2000-3000;A4 DIN 976  Threaded rods;27X2000;4097627X2000;
1139;A4;DIN 976 x 1000-2000-3000;A4 DIN 976  Threaded rods;27X3000;4097627X3000;
1139;A4;DIN 976 x 1000-2000-3000;A4 DIN 976  Threaded rods;30;4097630;
1139;A4;DIN 976 x 1000-2000-3000;A4 DIN 976  Threaded rods;30X2000;4097630X2000;
1139;A4;DIN 976 x 1000-2000-3000;A4 DIN 976  Threaded rods;30X3000;4097630X3000;
1139;A4;DIN 976 x 1000-2000-3000;A4 DIN 976  Threaded rods;33;4097633;
1139;A4;DIN 976 x 1000-2000-3000;A4 DIN 976  Threaded rods;33X2000;4097633X2000;
1139;A4;DIN 976 x 1000-2000-3000;A4 DIN 976  Threaded rods;33X3000;4097633X3000;
1139;A4;DIN 976 x 1000-2000-3000;A4 DIN 976  Threaded rods;36;4097636;
1139;A4;DIN 976 x 1000-2000-3000;A4 DIN 976  Threaded rods;36X2000;4097636X2000;
1139;A4;DIN 976 x 1000-2000-3000;A4 DIN 976  Threaded rods;36X3000;4097636X3000;
1139;A4;DIN 976 x 1000-2000-3000;A4 DIN 976  Threaded rods;39;4097639;
1139;A4;DIN 976 x 1000-2000-3000;A4 DIN 976  Threaded rods;39X2000;4097639X2000;
1139;A4;DIN 976 x 1000-2000-3000;A4 DIN 976  Threaded rods;39X3000;4097639X3000;
1139;A4;DIN 976 x 1000-2000-3000;A4 DIN 976  Threaded rods;42;4097642;
1139;A4;DIN 976 x 1000-2000-3000;A4 DIN 976  Threaded rods;45;4097645;
1139;A4;DIN 976 x 1000-2000-3000;A4 DIN 976  Threaded rods;48;4097648;
1139;A4;DIN 976 x 1000-2000-3000;A4 DIN 976  Threaded rods;52;4097652;
1139;A4;DIN 976 B;A4 DIN 976  Stud bolts Type B;6X16;40976B6X16;
1139;A4;DIN 976 B;A4 DIN 976  Stud bolts Type B;6X20;40976B6X20;
1139;A4;DIN 976 B;A4 DIN 976  Stud bolts Type B;6X25;40976B6X25;
1139;A4;DIN 976 B;A4 DIN 976  Stud bolts Type B;6X30;40976B6X30;
1139;A4;DIN 976 B;A4 DIN 976  Stud bolts Type B;6X35;40976B6X35;
1139;A4;DIN 976 B;A4 DIN 976  Stud bolts Type B;6X40;40976B6X40;
1139;A4;DIN 976 B;A4 DIN 976  Stud bolts Type B;6X45;40976B6X45;
1139;A4;DIN 976 B;A4 DIN 976  Stud bolts Type B;6X50;40976B6X50;
1139;A4;DIN 976 B;A4 DIN 976  Stud bolts Type B;6X55;40976B6X55;
1139;A4;DIN 976 B;A4 DIN 976  Stud bolts Type B;6X60;40976B6X60;
1139;A4;DIN 976 B;A4 DIN 976  Stud bolts Type B;6X65;40976B6X65;
1139;A4;DIN 976 B;A4 DIN 976  Stud bolts Type B;6X70;40976B6X70;
1139;A4;DIN 976 B;A4 DIN 976  Stud bolts Type B;6X75;40976B6X75;
1139;A4;DIN 976 B;A4 DIN 976  Stud bolts Type B;6X80;40976B6X80;
1139;A4;DIN 976 B;A4 DIN 976  Stud bolts Type B;6X90;40976B6X90;
1139;A4;DIN 976 B;A4 DIN 976  Stud bolts Type B;6X100;40976B6X100;
1139;A4;DIN 976 B;A4 DIN 976  Stud bolts Type B;6X500;40976B6X500;
1139;A4;DIN 976 B;A4 DIN 976  Stud bolts Type B;8X20;40976B8X20;
1139;A4;DIN 976 B;A4 DIN 976  Stud bolts Type B;8X25;40976B8X25;
1139;A4;DIN 976 B;A4 DIN 976  Stud bolts Type B;8X30;40976B8X30;
1139;A4;DIN 976 B;A4 DIN 976  Stud bolts Type B;8X35;40976B8X35;
1139;A4;DIN 976 B;A4 DIN 976  Stud bolts Type B;8X40;40976B8X40;
1139;A4;DIN 976 B;A4 DIN 976  Stud bolts Type B;8X45;40976B8X45;
1139;A4;DIN 976 B;A4 DIN 976  Stud bolts Type B;8X50;40976B8X50;
1139;A4;DIN 976 B;A4 DIN 976  Stud bolts Type B;8X55;40976B8X55;
1139;A4;DIN 976 B;A4 DIN 976  Stud bolts Type B;8X60;40976B8X60;
1139;A4;DIN 976 B;A4 DIN 976  Stud bolts Type B;8X65;40976B8X65;
1139;A4;DIN 976 B;A4 DIN 976  Stud bolts Type B;8X70;40976B8X70;
1139;A4;DIN 976 B;A4 DIN 976  Stud bolts Type B;8X75;40976B8X75;
1139;A4;DIN 976 B;A4 DIN 976  Stud bolts Type B;8X80;40976B8X80;
1139;A4;DIN 976 B;A4 DIN 976  Stud bolts Type B;8X85;40976B8X85;
1139;A4;DIN 976 B;A4 DIN 976  Stud bolts Type B;8X90;40976B8X90;
1139;A4;DIN 976 B;A4 DIN 976  Stud bolts Type B;8X95;40976B8X95;
1139;A4;DIN 976 B;A4 DIN 976  Stud bolts Type B;8X100;40976B8X100;
1139;A4;DIN 976 B;A4 DIN 976  Stud bolts Type B;8X110;40976B8X110;
1139;A4;DIN 976 B;A4 DIN 976  Stud bolts Type B;8X120;40976B8X120;
1139;A4;DIN 976 B;A4 DIN 976  Stud bolts Type B;8X130;40976B8X130;
1139;A4;DIN 976 B;A4 DIN 976  Stud bolts Type B;8X140;40976B8X140;
1139;A4;DIN 976 B;A4 DIN 976  Stud bolts Type B;8X150;40976B8X150;
1139;A4;DIN 976 B;A4 DIN 976  Stud bolts Type B;8X160;40976B8X160;
1139;A4;DIN 976 B;A4 DIN 976  Stud bolts Type B;8X170;40976B8X170;
1139;A4;DIN 976 B;A4 DIN 976  Stud bolts Type B;8X180;40976B8X180;
1139;A4;DIN 976 B;A4 DIN 976  Stud bolts Type B;8X190;40976B8X190;
1139;A4;DIN 976 B;A4 DIN 976  Stud bolts Type B;8X200;40976B8X200;
1139;A4;DIN 976 B;A4 DIN 976  Stud bolts Type B;8X250;40976B8X250;
1139;A4;DIN 976 B;A4 DIN 976  Stud bolts Type B;8X500;40976B8X500;
1139;A4;DIN 976 B;A4 DIN 976  Stud bolts Type B;10X20;40976B10X20;
1139;A4;DIN 976 B;A4 DIN 976  Stud bolts Type B;10X25;40976B10X25;
1139;A4;DIN 976 B;A4 DIN 976  Stud bolts Type B;10X30;40976B10X30;
1139;A4;DIN 976 B;A4 DIN 976  Stud bolts Type B;10X35;40976B10X35;
1139;A4;DIN 976 B;A4 DIN 976  Stud bolts Type B;10X40;40976B10X40;
1139;A4;DIN 976 B;A4 DIN 976  Stud bolts Type B;10X45;40976B10X45;
1139;A4;DIN 976 B;A4 DIN 976  Stud bolts Type B;10X50;40976B10X50;
1139;A4;DIN 976 B;A4 DIN 976  Stud bolts Type B;10X55;40976B10X55;
1139;A4;DIN 976 B;A4 DIN 976  Stud bolts Type B;10X60;40976B10X60;
1139;A4;DIN 976 B;A4 DIN 976  Stud bolts Type B;10X65;40976B10X65;
1139;A4;DIN 976 B;A4 DIN 976  Stud bolts Type B;10X70;40976B10X70;
1139;A4;DIN 976 B;A4 DIN 976  Stud bolts Type B;10X75;40976B10X75;
1139;A4;DIN 976 B;A4 DIN 976  Stud bolts Type B;10X80;40976B10X80;
1139;A4;DIN 976 B;A4 DIN 976  Stud bolts Type B;10X85;40976B10X85;
1139;A4;DIN 976 B;A4 DIN 976  Stud bolts Type B;10X90;40976B10X90;
1139;A4;DIN 976 B;A4 DIN 976  Stud bolts Type B;10X100;40976B10X100;
1139;A4;DIN 976 B;A4 DIN 976  Stud bolts Type B;10X110;40976B10X110;
1139;A4;DIN 976 B;A4 DIN 976  Stud bolts Type B;10X120;40976B10X120;
1139;A4;DIN 976 B;A4 DIN 976  Stud bolts Type B;10X130;40976B10X130;
1139;A4;DIN 976 B;A4 DIN 976  Stud bolts Type B;10X140;40976B10X140;
1139;A4;DIN 976 B;A4 DIN 976  Stud bolts Type B;10X150;40976B10X150;
1139;A4;DIN 976 B;A4 DIN 976  Stud bolts Type B;10X160;40976B10X160;
1139;A4;DIN 976 B;A4 DIN 976  Stud bolts Type B;10X170;40976B10X170;
1139;A4;DIN 976 B;A4 DIN 976  Stud bolts Type B;10X180;40976B10X180;
1139;A4;DIN 976 B;A4 DIN 976  Stud bolts Type B;10X190;40976B10X190;
1139;A4;DIN 976 B;A4 DIN 976  Stud bolts Type B;10X200;40976B10X200;
1139;A4;DIN 976 B;A4 DIN 976  Stud bolts Type B;10X250;40976B10X250;
1139;A4;DIN 976 B;A4 DIN 976  Stud bolts Type B;12X25;40976B12X25;
1139;A4;DIN 976 B;A4 DIN 976  Stud bolts Type B;12X30;40976B12X30;
1139;A4;DIN 976 B;A4 DIN 976  Stud bolts Type B;12X35;40976B12X35;
1139;A4;DIN 976 B;A4 DIN 976  Stud bolts Type B;12X40;40976B12X40;
1139;A4;DIN 976 B;A4 DIN 976  Stud bolts Type B;12X45;40976B12X45;
1139;A4;DIN 976 B;A4 DIN 976  Stud bolts Type B;12X50;40976B12X50;
1139;A4;DIN 976 B;A4 DIN 976  Stud bolts Type B;12X55;40976B12X55;
1139;A4;DIN 976 B;A4 DIN 976  Stud bolts Type B;12X60;40976B12X60;
1139;A4;DIN 976 B;A4 DIN 976  Stud bolts Type B;12X65;40976B12X65;
1139;A4;DIN 976 B;A4 DIN 976  Stud bolts Type B;12X70;40976B12X70;
1139;A4;DIN 976 B;A4 DIN 976  Stud bolts Type B;12X75;40976B12X75;
1139;A4;DIN 976 B;A4 DIN 976  Stud bolts Type B;12X80;40976B12X80;
1139;A4;DIN 976 B;A4 DIN 976  Stud bolts Type B;12X90;40976B12X90;
1139;A4;DIN 976 B;A4 DIN 976  Stud bolts Type B;12X100;40976B12X100;
1139;A4;DIN 976 B;A4 DIN 976  Stud bolts Type B;12X110;40976B12X110;
1139;A4;DIN 976 B;A4 DIN 976  Stud bolts Type B;12X120;40976B12X120;
1139;A4;DIN 976 B;A4 DIN 976  Stud bolts Type B;12X130;40976B12X130;
1139;A4;DIN 976 B;A4 DIN 976  Stud bolts Type B;12X140;40976B12X140;
1139;A4;DIN 976 B;A4 DIN 976  Stud bolts Type B;12X150;40976B12X150;
1139;A4;DIN 976 B;A4 DIN 976  Stud bolts Type B;12X160;40976B12X160;
1139;A4;DIN 976 B;A4 DIN 976  Stud bolts Type B;12X170;40976B12X170;
1139;A4;DIN 976 B;A4 DIN 976  Stud bolts Type B;12X180;40976B12X180;
1139;A4;DIN 976 B;A4 DIN 976  Stud bolts Type B;12X190;40976B12X190;
1139;A4;DIN 976 B;A4 DIN 976  Stud bolts Type B;12X200;40976B12X200;
1139;A4;DIN 976 B;A4 DIN 976  Stud bolts Type B;12X250;40976B12X250;
1139;A4;DIN 976 B;A4 DIN 976  Stud bolts Type B;16X40;40976B16X40;
1139;A4;DIN 976 B;A4 DIN 976  Stud bolts Type B;16X45;40976B16X45;
1139;A4;DIN 976 B;A4 DIN 976  Stud bolts Type B;16X50;40976B16X50;
1139;A4;DIN 976 B;A4 DIN 976  Stud bolts Type B;16X55;40976B16X55;
1139;A4;DIN 976 B;A4 DIN 976  Stud bolts Type B;16X60;40976B16X60;
1139;A4;DIN 976 B;A4 DIN 976  Stud bolts Type B;16X65;40976B16X65;
1139;A4;DIN 976 B;A4 DIN 976  Stud bolts Type B;16X70;40976B16X70;
1139;A4;DIN 976 B;A4 DIN 976  Stud bolts Type B;16X75;40976B16X75;
1139;A4;DIN 976 B;A4 DIN 976  Stud bolts Type B;16X80;40976B16X80;
1139;A4;DIN 976 B;A4 DIN 976  Stud bolts Type B;16X90;40976B16X90;
1139;A4;DIN 976 B;A4 DIN 976  Stud bolts Type B;16X100;40976B16X100;
1139;A4;DIN 976 B;A4 DIN 976  Stud bolts Type B;16X110;40976B16X110;
1139;A4;DIN 976 B;A4 DIN 976  Stud bolts Type B;16X120;40976B16X120;
1139;A4;DIN 976 B;A4 DIN 976  Stud bolts Type B;16X130;40976B16X130;
1139;A4;DIN 976 B;A4 DIN 976  Stud bolts Type B;16X140;40976B16X140;
1139;A4;DIN 976 B;A4 DIN 976  Stud bolts Type B;16X150;40976B16X150;
1139;A4;DIN 976 B;A4 DIN 976  Stud bolts Type B;16X160;40976B16X160;
1139;A4;DIN 976 B;A4 DIN 976  Stud bolts Type B;16X170;40976B16X170;
1139;A4;DIN 976 B;A4 DIN 976  Stud bolts Type B;16X180;40976B16X180;
1139;A4;DIN 976 B;A4 DIN 976  Stud bolts Type B;16X190;40976B16X190;
1139;A4;DIN 976 B;A4 DIN 976  Stud bolts Type B;16X200;40976B16X200;
1139;A4;DIN 976 B;A4 DIN 976  Stud bolts Type B;16X300;40976B16X300;
1139;A4;DIN 976 B;A4 DIN 976  Stud bolts Type B;16X500;40976B16X500;
1139;A4;DIN 976 B;A4 DIN 976  Stud bolts Type B;20X40;40976B20X40;
1139;A4;DIN 976 B;A4 DIN 976  Stud bolts Type B;20X45;40976B20X45;
1139;A4;DIN 976 B;A4 DIN 976  Stud bolts Type B;20X50;40976B20X50;
1139;A4;DIN 976 B;A4 DIN 976  Stud bolts Type B;20X55;40976B20X55;
1139;A4;DIN 976 B;A4 DIN 976  Stud bolts Type B;20X60;40976B20X60;
1139;A4;DIN 976 B;A4 DIN 976  Stud bolts Type B;20X65;40976B20X65;
1139;A4;DIN 976 B;A4 DIN 976  Stud bolts Type B;20X70;40976B20X70;
1139;A4;DIN 976 B;A4 DIN 976  Stud bolts Type B;20X75;40976B20X75;
1139;A4;DIN 976 B;A4 DIN 976  Stud bolts Type B;20X80;40976B20X80;
1139;A4;DIN 976 B;A4 DIN 976  Stud bolts Type B;20X90;40976B20X90;
1139;A4;DIN 976 B;A4 DIN 976  Stud bolts Type B;20X100;40976B20X100;
1139;A4;DIN 976 B;A4 DIN 976  Stud bolts Type B;20X110;40976B20X110;
1139;A4;DIN 976 B;A4 DIN 976  Stud bolts Type B;20X120;40976B20X120;
1139;A4;DIN 976 B;A4 DIN 976  Stud bolts Type B;20X130;40976B20X130;
1139;A4;DIN 976 B;A4 DIN 976  Stud bolts Type B;20X140;40976B20X140;
1139;A4;DIN 976 B;A4 DIN 976  Stud bolts Type B;20X150;40976B20X150;
1139;A4;DIN 976 B;A4 DIN 976  Stud bolts Type B;20X160;40976B20X160;
1139;A4;DIN 976 B;A4 DIN 976  Stud bolts Type B;20X170;40976B20X170;
1139;A4;DIN 976 B;A4 DIN 976  Stud bolts Type B;20X180;40976B20X180;
1139;A4;DIN 976 B;A4 DIN 976  Stud bolts Type B;20X190;40976B20X190;
1139;A4;DIN 976 B;A4 DIN 976  Stud bolts Type B;20X200;40976B20X200;
1139;A4;DIN 976 B;A4 DIN 976  Stud bolts Type B;20X250;40976B20X250;
1139;A4;DIN 982;A4 DIN 982  Prevailing torque hex nuts high type  white ring;3;409823;
1139;A4;DIN 982;A4 DIN 982  Prevailing torque hex nuts high type  white ring;22;4098222;
1139;A4;DIN 982;A4 DIN 982  Prevailing torque hex nuts high type  white ring;27;4098227;
1139;A4;DIN 982;A4 DIN 982  Prevailing torque hex nuts high type  white ring;30;4098230;
1139;A4;DIN 127 TYPE B;A4 DIN 127 TYPE B  Spring lock washers type B;3,5;40127B3,5;
1139;A4;DIN 127 TYPE B;A4 DIN 127 TYPE B  Spring lock washers type B;14;40127B14;
1139;A4;DIN 127 TYPE B;A4 DIN 127 TYPE B  Spring lock washers type B;18;40127B18;
1139;A4;DIN 127 TYPE B;A4 DIN 127 TYPE B  Spring lock washers type B;22;40127B22;
1139;A4;DIN 127 TYPE B;A4 DIN 127 TYPE B  Spring lock washers type B;24;40127B24;
1139;A4;DIN 127 TYPE B;A4 DIN 127 TYPE B  Spring lock washers type B;27;40127B27;
1139;A4;DIN 127 TYPE B;A4 DIN 127 TYPE B  Spring lock washers type B;30;40127B30;
1139;A4;DIN 127 TYPE B;A4 DIN 127 TYPE B  Spring lock washers type B;33;40127B33;
1139;A4;DIN 127 TYPE B;A4 DIN 127 TYPE B  Spring lock washers type B;36;40127B36;
1139;A4;DIN 127 TYPE B;A4 DIN 127 TYPE B  Spring lock washers type B;39;40127B39;
1139;A4;DIN 127 TYPE B;A4 DIN 127 TYPE B  Spring lock washers type B;42;40127B42;
1139;A4;DIN 127 TYPE B;A4 DIN 127 TYPE B  Spring lock washers type B;45;40127B45;
1139;A4;DIN 127 TYPE B;A4 DIN 127 TYPE B  Spring lock washers type B;48;40127B48;
1139;A4;sim.DIN 315 AF;A4 sim.DIN 315 AF  Wing nuts american type;3;403153;
1139;A4;sim.DIN 315 AF;A4 sim.DIN 315 AF  Wing nuts american type;4;403154;
1139;A4;sim.DIN 315 AF;A4 sim.DIN 315 AF  Wing nuts american type;5;403155;
1139;A4;sim.DIN 315 AF;A4 sim.DIN 315 AF  Wing nuts american type;6;403156;
1139;A4;sim.DIN 315 AF;A4 sim.DIN 315 AF  Wing nuts american type;8;403158;
1139;A4;sim.DIN 315 AF;A4 sim.DIN 315 AF  Wing nuts american type;10;4031510;
1139;A4;sim.DIN 315 AF;A4 sim.DIN 315 AF  Wing nuts american type;12;4031512;
1139;A4;sim.DIN 315 AF;A4 sim.DIN 315 AF  Wing nuts american type;14;4031514;
1139;A4;sim.DIN 315 AF;A4 sim.DIN 315 AF  Wing nuts american type;16;4031516;
1139;A4;sim.DIN 315 AF;A4 sim.DIN 315 AF  Wing nuts american type;20;4031520;
1139;A4;sim.DIN 316 AF;A4 sim.DIN 316 AF  Wing screws american type;3X10;403163X10;
1139;A4;sim.DIN 316 AF;A4 sim.DIN 316 AF  Wing screws american type;3X12;403163X12;
1139;A4;sim.DIN 316 AF;A4 sim.DIN 316 AF  Wing screws american type;3X16;403163X16;
1139;A4;sim.DIN 316 AF;A4 sim.DIN 316 AF  Wing screws american type;3X20;403163X20;
1139;A4;sim.DIN 316 AF;A4 sim.DIN 316 AF  Wing screws american type;3X25;403163X25;
1139;A4;sim.DIN 316 AF;A4 sim.DIN 316 AF  Wing screws american type;3X30;403163X30;
1139;A4;sim.DIN 316 AF;A4 sim.DIN 316 AF  Wing screws american type;4X10;403164X10;
1139;A4;sim.DIN 316 AF;A4 sim.DIN 316 AF  Wing screws american type;4X12;403164X12;
1139;A4;sim.DIN 316 AF;A4 sim.DIN 316 AF  Wing screws american type;4X16;403164X16;
1139;A4;sim.DIN 316 AF;A4 sim.DIN 316 AF  Wing screws american type;4X20;403164X20;
1139;A4;sim.DIN 316 AF;A4 sim.DIN 316 AF  Wing screws american type;4X25;403164X25;
1139;A4;sim.DIN 316 AF;A4 sim.DIN 316 AF  Wing screws american type;4X30;403164X30;
1139;A4;sim.DIN 316 AF;A4 sim.DIN 316 AF  Wing screws american type;5X10;403165X10;
1139;A4;sim.DIN 316 AF;A4 sim.DIN 316 AF  Wing screws american type;5X12;403165X12;
1139;A4;sim.DIN 316 AF;A4 sim.DIN 316 AF  Wing screws american type;5X16;403165X16;
1139;A4;sim.DIN 316 AF;A4 sim.DIN 316 AF  Wing screws american type;5X20;403165X20;
1139;A4;sim.DIN 316 AF;A4 sim.DIN 316 AF  Wing screws american type;5X25;403165X25;
1139;A4;sim.DIN 316 AF;A4 sim.DIN 316 AF  Wing screws american type;5X30;403165X30;
1139;A4;sim.DIN 316 AF;A4 sim.DIN 316 AF  Wing screws american type;5X35;403165X35;
1139;A4;sim.DIN 316 AF;A4 sim.DIN 316 AF  Wing screws american type;5X40;403165X40;
1139;A4;sim.DIN 316 AF;A4 sim.DIN 316 AF  Wing screws american type;6X10;403166X10;
1139;A4;sim.DIN 316 AF;A4 sim.DIN 316 AF  Wing screws american type;6X12;403166X12;
1139;A4;sim.DIN 316 AF;A4 sim.DIN 316 AF  Wing screws american type;6X16;403166X16;
1139;A4;sim.DIN 316 AF;A4 sim.DIN 316 AF  Wing screws american type;6X20;403166X20;
1139;A4;sim.DIN 316 AF;A4 sim.DIN 316 AF  Wing screws american type;6X25;403166X25;
1139;A4;sim.DIN 316 AF;A4 sim.DIN 316 AF  Wing screws american type;6X30;403166X30;
1139;A4;sim.DIN 316 AF;A4 sim.DIN 316 AF  Wing screws american type;6X35;403166X35;
1139;A4;sim.DIN 316 AF;A4 sim.DIN 316 AF  Wing screws american type;6X40;403166X40;
1139;A4;sim.DIN 316 AF;A4 sim.DIN 316 AF  Wing screws american type;8X12;403168X12;
1139;A4;sim.DIN 316 AF;A4 sim.DIN 316 AF  Wing screws american type;8X20;403168X20;
1139;A4;sim.DIN 316 AF;A4 sim.DIN 316 AF  Wing screws american type;8X25;403168X25;
1139;A4;sim.DIN 316 AF;A4 sim.DIN 316 AF  Wing screws american type;8X30;403168X30;
1139;A4;sim.DIN 316 AF;A4 sim.DIN 316 AF  Wing screws american type;8X35;403168X35;
1139;A4;sim.DIN 316 AF;A4 sim.DIN 316 AF  Wing screws american type;8X40;403168X40;
1139;A4;sim.DIN 316 AF;A4 sim.DIN 316 AF  Wing screws american type;8X45;403168X45;
1139;A4;sim.DIN 316 AF;A4 sim.DIN 316 AF  Wing screws american type;8X50;403168X50;
1139;A4;sim.DIN 316 AF;A4 sim.DIN 316 AF  Wing screws american type;10X20;4031610X20;
1139;A4;sim.DIN 316 AF;A4 sim.DIN 316 AF  Wing screws american type;10X25;4031610X25;
1139;A4;sim.DIN 316 AF;A4 sim.DIN 316 AF  Wing screws american type;10X30;4031610X30;
1139;A4;sim.DIN 316 AF;A4 sim.DIN 316 AF  Wing screws american type;10X40;4031610X40;
1139;A4;sim.DIN 316 AF;A4 sim.DIN 316 AF  Wing screws american type;10X45;4031610X45;
1139;A4;sim.DIN 316 AF;A4 sim.DIN 316 AF  Wing screws american type;10X50;4031610X50;
1139;A4;sim.DIN 316 AF;A4 sim.DIN 316 AF  Wing screws american type;12X40;4031612X40;
1139;A4;UNI 5587;A4 UNI 5587  Hexagon heavy nuts;3;455873;
1139;A4;UNI 5587;A4 UNI 5587  Hexagon heavy nuts;4;455874;
1139;A4;UNI 5587;A4 UNI 5587  Hexagon heavy nuts;5;455875;
1139;A4;UNI 5587;A4 UNI 5587  Hexagon heavy nuts;6;455876;
1139;A4;UNI 5587;A4 UNI 5587  Hexagon heavy nuts;8;455878;
1139;A4;UNI 5587;A4 UNI 5587  Hexagon heavy nuts;10;4558710;
1139;A4;UNI 5587;A4 UNI 5587  Hexagon heavy nuts;12;4558712;
1139;A4;UNI 5587;A4 UNI 5587  Hexagon heavy nuts;14;4558714;
1139;A4;UNI 5587;A4 UNI 5587  Hexagon heavy nuts;16;4558716;
1139;A4;UNI 5587;A4 UNI 5587  Hexagon heavy nuts;18;4558718;
1139;A4;UNI 5587;A4 UNI 5587  Hexagon heavy nuts;20;4558720;
1139;A4;UNI 5587;A4 UNI 5587  Hexagon heavy nuts;22;4558722;
1139;A4;UNI 5587;A4 UNI 5587  Hexagon heavy nuts;24;4558724;
1139;A4;UNI 5587;A4 UNI 5587  Hexagon heavy nuts;27;4558727;
1139;A4;UNI 5587;A4 UNI 5587  Hexagon heavy nuts;30;4558730;
1139;A4;UNI 5587;A4 UNI 5587  Hexagon heavy nuts;33;4558733;
1139;A4;UNI 5587;A4 UNI 5587  Hexagon heavy nuts;36;4558736;
1139;A4;UNI 5587;A4 UNI 5587  Hexagon heavy nuts;39;4558739;
1139;A4;UNI 5587;A4 UNI 5587  Hexagon heavy nuts;42;4558742;
1139;A4;UNI 5587;A4 UNI 5587  Hexagon heavy nuts;45;4558745;
1139;A4;UNI 5587;A4 UNI 5587  Hexagon heavy nuts;48;4558748;
1139;A4;UNI 5587;A4 UNI 5587  Hexagon heavy nuts;52;4558752;
1139;A4;DIN 934;A4 DIN 934  Hexagon full nuts;3,5-0,6;409343,5;
1139;A4;DIN 934;A4 DIN 934  Hexagon full nuts;56;4093456;
1139;A4;DIN 933;A4 DIN 933  Hexagon head screws full thread;27X220;4093327X220;
1139;A4;DIN 933;A4 DIN 933  Hexagon head screws full thread;27X240;4093327X240;
1139;A4;DIN 933;A4 DIN 933  Hexagon head screws full thread;27X250;4093327X250;
1139;A4;DIN 933;A4 DIN 933  Hexagon head screws full thread;27X260;4093327X260;
1139;A4;DIN 933;A4 DIN 933  Hexagon head screws full thread;27X280;4093327X280;
1139;A4;DIN 933;A4 DIN 933  Hexagon head screws full thread;27X300;4093327X300;
1139;A4;ISO 4026 EX DIN 913;A4 ISO 4026 EX DIN 913  Socket setscrews A - flat point;2X12;409132X12;
1139;A4;ISO 4026 EX DIN 913;A4 ISO 4026 EX DIN 913  Socket setscrews A - flat point;4X14;409134X14;
1139;A4;ISO 4026 EX DIN 913;A4 ISO 4026 EX DIN 913  Socket setscrews A - flat point;5X18;409135X18;
1139;A4;ISO 4026 EX DIN 913;A4 ISO 4026 EX DIN 913  Socket setscrews A - flat point;6X18;409136X18;
1139;A4;ISO 4026 EX DIN 913;A4 ISO 4026 EX DIN 913  Socket setscrews A - flat point;8X90;409138X90;
1139;A4;ISO 4026 EX DIN 913;A4 ISO 4026 EX DIN 913  Socket setscrews A - flat point;8X100;409138X100;
1139;A4;ISO 4026 EX DIN 913;A4 ISO 4026 EX DIN 913  Socket setscrews A - flat point;10X18;4091310X18;
1139;A4;ISO 4026 EX DIN 913;A4 ISO 4026 EX DIN 913  Socket setscrews A - flat point;16X12;4091316X12;
1139;A4;ISO 4026 EX DIN 913;A4 ISO 4026 EX DIN 913  Socket setscrews A - flat point;20x90;4091320X90;
1139;A4;ISO 4026 EX DIN 913;A4 ISO 4026 EX DIN 913  Socket setscrews A - flat point;24X60;4091324X60;
1139;A4;ISO 4026 EX DIN 913;A4 ISO 4026 EX DIN 913  Socket setscrews A - flat point;24X70;4091324X70;
1139;A4;ISO 4026 EX DIN 913;A4 ISO 4026 EX DIN 913  Socket setscrews A - flat point;24X80;4091324X80;
1139;A4;ISO 4026 EX DIN 913;A4 ISO 4026 EX DIN 913  Socket setscrews A - flat point;24x90;4091324X90;
1139;A4;ISO 4028 EX DIN 915;A4 ISO 4028 EX DIN 915  Socket setscrews B - dog point;4X25;409154X25;
1139;A4;ISO 4028 EX DIN 915;A4 ISO 4028 EX DIN 915  Socket setscrews B - dog point;16X20;4091516X20;
1139;A4;ISO 4028 EX DIN 915;A4 ISO 4028 EX DIN 915  Socket setscrews B - dog point;16X80;4091516X80;
1139;A4;ISO 4028 EX DIN 915;A4 ISO 4028 EX DIN 915  Socket setscrews B - dog point;16X90;4091516X90;
1139;A4;ISO 4028 EX DIN 915;A4 ISO 4028 EX DIN 915  Socket setscrews B - dog point;16X100;4091516X100;
1139;A4;ISO 4029 EX DIN 916;A4 ISO 4029 EX DIN 916  Socket setscrews E - cup point;3X30;409163X30;
1139;A4;ISO 4029 EX DIN 916;A4 ISO 4029 EX DIN 916  Socket setscrews E - cup point;6X4;409166X4;
1139;A4;ISO 4029 EX DIN 916;A4 ISO 4029 EX DIN 916  Socket setscrews E - cup point;10X18;4091610X18;
1139;A4;ISO 4029 EX DIN 916;A4 ISO 4029 EX DIN 916  Socket setscrews E - cup point;16X90;4091616X90;
1139;A4;ISO 4029 EX DIN 916;A4 ISO 4029 EX DIN 916  Socket setscrews E - cup point;20X25;4091620X25;
1139;A4;ISO 4029 EX DIN 916;A4 ISO 4029 EX DIN 916  Socket setscrews E - cup point;24X25;4091624X25;
1139;A4;ISO 10642;A4 ISO 10642  Contersunk Socket Screws full thread;2X4;4106422X4;
1139;A4;ISO 10642;A4 ISO 10642  Contersunk Socket Screws full thread;2X5;4106422X5;
1139;A4;ISO 10642;A4 ISO 10642  Contersunk Socket Screws full thread;2X6;4106422X6;
1139;A4;ISO 10642;A4 ISO 10642  Contersunk Socket Screws full thread;2X8;4106422X8;
1139;A4;ISO 10642;A4 ISO 10642  Contersunk Socket Screws full thread;2X10;4106422X10;
1139;A4;ISO 10642;A4 ISO 10642  Contersunk Socket Screws full thread;2X12;4106422X12;
1139;A4;ISO 10642;A4 ISO 10642  Contersunk Socket Screws full thread;2,5X4;4106422,5X4;
1139;A4;ISO 10642;A4 ISO 10642  Contersunk Socket Screws full thread;2,5X5;4106422,5X5;
1139;A4;ISO 10642;A4 ISO 10642  Contersunk Socket Screws full thread;2,5X8;4106422,5X8;
1139;A4;ISO 10642;A4 ISO 10642  Contersunk Socket Screws full thread;2,5X12;4106422,5X12;
1139;A4;ISO 10642;A4 ISO 10642  Contersunk Socket Screws full thread;2,5X16;4106422,5X16;
1139;A4;ISO 10642;A4 ISO 10642  Contersunk Socket Screws full thread;2,5X20;4106422,5X20;
1139;A4;ISO 10642;A4 ISO 10642  Contersunk Socket Screws full thread;3X4;4106423X4;
1139;A4;ISO 10642;A4 ISO 10642  Contersunk Socket Screws full thread;3X5;4106423X5;
1139;A4;ISO 10642;A4 ISO 10642  Contersunk Socket Screws full thread;3X22;4106423X22;
1139;A4;ISO 10642;A4 ISO 10642  Contersunk Socket Screws full thread;3X50;4106423X50;
1139;A4;ISO 10642;A4 ISO 10642  Contersunk Socket Screws full thread;4X5;4106424X5;
1139;A4;ISO 10642;A4 ISO 10642  Contersunk Socket Screws full thread;6X110;4106426X110;
1139;A4;ISO 10642;A4 ISO 10642  Contersunk Socket Screws full thread;6X130;4106426X130;
1139;A4;ISO 10642;A4 ISO 10642  Contersunk Socket Screws full thread;6X140;4106426X140;
1139;A4;ISO 10642;A4 ISO 10642  Contersunk Socket Screws full thread;6X150;4106426X150;
1139;A4;ISO 10642;A4 ISO 10642  Contersunk Socket Screws full thread;8X110;4106428X110;
1139;A4;ISO 10642;A4 ISO 10642  Contersunk Socket Screws full thread;8X130;4106428X130;
1139;A4;ISO 10642;A4 ISO 10642  Contersunk Socket Screws full thread;8X140;4106428X140;
1139;A4;ISO 10642;A4 ISO 10642  Contersunk Socket Screws full thread;8X150;4106428X150;
1139;A4;ISO 10642;A4 ISO 10642  Contersunk Socket Screws full thread;8X180;4106428X180;
1139;A4;ISO 10642;A4 ISO 10642  Contersunk Socket Screws full thread;10X140;41064210X140;
1139;A4;ISO 10642;A4 ISO 10642  Contersunk Socket Screws full thread;10X150;41064210X150;
1139;A4;ISO 10642;A4 ISO 10642  Contersunk Socket Screws full thread;10X170;41064210X170;
1139;A4;ISO 10642;A4 ISO 10642  Contersunk Socket Screws full thread;10X180;41064210X180;
1139;A4;ISO 10642;A4 ISO 10642  Contersunk Socket Screws full thread;10X190;41064210X190;
1139;A4;ISO 10642;A4 ISO 10642  Contersunk Socket Screws full thread;12X130;41064212X130;
1139;A4;ISO 10642;A4 ISO 10642  Contersunk Socket Screws full thread;12x160;41064212x160;
1139;A4;ISO 10642;A4 ISO 10642  Contersunk Socket Screws full thread;12X170;41064212X170;
1139;A4;ISO 10642;A4 ISO 10642  Contersunk Socket Screws full thread;12X180;41064212X180;
1139;A4;ISO 10642;A4 ISO 10642  Contersunk Socket Screws full thread;12X190;41064212X190;
1139;A4;ISO 10642;A4 ISO 10642  Contersunk Socket Screws full thread;12X200;41064212X200;
1139;A4;ISO 10642;A4 ISO 10642  Contersunk Socket Screws full thread;14X30;41064214X30;
1139;A4;ISO 10642;A4 ISO 10642  Contersunk Socket Screws full thread;14X35;41064214X35;
1139;A4;ISO 10642;A4 ISO 10642  Contersunk Socket Screws full thread;14X40;41064214X40;
1139;A4;ISO 10642;A4 ISO 10642  Contersunk Socket Screws full thread;14X45;41064214X45;
1139;A4;ISO 10642;A4 ISO 10642  Contersunk Socket Screws full thread;14X50;41064214X50;
1139;A4;ISO 10642;A4 ISO 10642  Contersunk Socket Screws full thread;14X55;41064214X55;
1139;A4;ISO 10642;A4 ISO 10642  Contersunk Socket Screws full thread;14X60;41064214X60;
1139;A4;ISO 10642;A4 ISO 10642  Contersunk Socket Screws full thread;14X70;41064214X70;
1139;A4;ISO 10642;A4 ISO 10642  Contersunk Socket Screws full thread;14X80;41064214X80;
1139;A4;ISO 10642;A4 ISO 10642  Contersunk Socket Screws full thread;14X90;41064214X90;
1139;A4;ISO 10642;A4 ISO 10642  Contersunk Socket Screws full thread;14X100;41064214X100;
1139;A4;ISO 10642;A4 ISO 10642  Contersunk Socket Screws full thread;14X110;41064214X110;
1139;A4;ISO 10642;A4 ISO 10642  Contersunk Socket Screws full thread;14X130;41064214X130;
1139;A4;ISO 10642;A4 ISO 10642  Contersunk Socket Screws full thread;14X150;41064214X150;
1139;A4;ISO 10642;A4 ISO 10642  Contersunk Socket Screws full thread;18X60;41064218X60;
1139;A4;ISO 10642;A4 ISO 10642  Contersunk Socket Screws full thread;20x30;41064220x30;
1139;A4;DIN 433;A4 DIN 433  Washers for cheese head screws;14;4043314;
1139;A4;DIN 125;A4 DIN 125  Plain washers;56;4012556;
1139;A4;DIN 125;A4 DIN 125  Plain washers;64;4012564;
1139;A4;Penny washer ART. 6594;A4 ART. 6594  Penny washers 4 tires diameter;3X12X0,8;465943X12;
1139;A4;Penny washer ART. 6594;A4 ART. 6594  Penny washers 4 tires diameter;4X16X1;465944X16;
1139;A4;Penny washer ART. 6594;A4 ART. 6594  Penny washers 4 tires diameter;5X20X1,2;465945X20;
1139;A4;Penny washer ART. 6594;A4 ART. 6594  Penny washers 4 tires diameter;6X24X1,6;465946X24;
1139;A4;Penny washer ART. 6594;A4 ART. 6594  Penny washers 4 tires diameter;8X32X2;465948X32;
1139;A4;Penny washer ART. 6594;A4 ART. 6594  Penny washers 4 tires diameter;10X40X2;4659410X40;
1139;A4;Penny washer ART. 6594;A4 ART. 6594  Penny washers 4 tires diameter;12X48X2,5;4659412X48;
1139;A4;Penny washer ART. 6594;A4 ART. 6594  Penny washers 4 tires diameter;14X56X2,5;4659414X56;
1139;A4;Penny washer ART. 6594;A4 ART. 6594  Penny washers 4 tires diameter;16X64X2,5;4659416X64;
1139;A4;Penny washer ART. 6594;A4 ART. 6594  Penny washers 4 tires diameter;18X72X3;4659418X72;
1139;A4;Penny washer ART. 6594;A4 ART. 6594  Penny washers 4 tires diameter;20X80X3;4659420X80;
1139;A4;DIN 6798A;A4 DIN 6798A  Serrated lock washers type A;18;46798A18;
1139;A4;DIN 6798A;A4 DIN 6798A  Serrated lock washers type A;22;46798A22;
1139;A4;DIN 6798A;A4 DIN 6798A  Serrated lock washers type A;27;46798A27;
1139;A4;DIN 6798A;A4 DIN 6798A  Serrated lock washers type A;30;46798A30;
1139;A4;DIN 6798J;A4 DIN 6798J  Serrated lock washers type J;2,5;46798J2,5;
1139;A4;DIN 6798J;A4 DIN 6798J  Serrated lock washers type J;14;46798J14;
1139;A4;DIN 6798J;A4 DIN 6798J  Serrated lock washers type J;18;46798J18;
1139;A4;DIN 6798J;A4 DIN 6798J  Serrated lock washers type J;30;46798J30;
1139;A4;ISO 7380;A4 ISO 7380  Hexagon socket button head screws F.T.;2X5;473802X5;
1139;A4;ISO 7380;A4 ISO 7380  Hexagon socket button head screws F.T.;2X6;473802X6;
1139;A4;ISO 7380;A4 ISO 7380  Hexagon socket button head screws F.T.;2X8;473802X8;
1139;A4;ISO 7380;A4 ISO 7380  Hexagon socket button head screws F.T.;2X10;473802X10;
1139;A4;ISO 7380;A4 ISO 7380  Hexagon socket button head screws F.T.;2X12;473802X12;
1139;A4;ISO 7380;A4 ISO 7380  Hexagon socket button head screws F.T.;2X16;473802X16;
1139;A4;ISO 7380;A4 ISO 7380  Hexagon socket button head screws F.T.;2,5X5;473802,5X5;
1139;A4;ISO 7380;A4 ISO 7380  Hexagon socket button head screws F.T.;2,5X6;473802,5X6;
1139;A4;ISO 7380;A4 ISO 7380  Hexagon socket button head screws F.T.;2,5X8;473802,5X8;
1139;A4;ISO 7380;A4 ISO 7380  Hexagon socket button head screws F.T.;2,5X10;473802,5X10;
1139;A4;ISO 7380;A4 ISO 7380  Hexagon socket button head screws F.T.;2,5X12;473802,5X12;
1139;A4;ISO 7380;A4 ISO 7380  Hexagon socket button head screws F.T.;2,5X16;473802,5X16;
1139;A4;ISO 7380;A4 ISO 7380  Hexagon socket button head screws F.T.;2,5X20;473802,5X20;
1139;A4;ISO 7380;A4 ISO 7380  Hexagon socket button head screws F.T.;3X4;473803X4;
1139;A4;ISO 7380;A4 ISO 7380  Hexagon socket button head screws F.T.;3X5;473803X5;
1139;A4;ISO 7380;A4 ISO 7380  Hexagon socket button head screws F.T.;3X16;473803X16;
1139;A4;ISO 7380;A4 ISO 7380  Hexagon socket button head screws F.T.;3X18;473803X18;
1139;A4;ISO 7380;A4 ISO 7380  Hexagon socket button head screws F.T.;3X20;473803X20;
1139;A4;ISO 7380;A4 ISO 7380  Hexagon socket button head screws F.T.;3X25;473803X25;
1139;A4;ISO 7380;A4 ISO 7380  Hexagon socket button head screws F.T.;3X30;473803X30;
1139;A4;ISO 7380;A4 ISO 7380  Hexagon socket button head screws F.T.;3X35;473803X35;
1139;A4;ISO 7380;A4 ISO 7380  Hexagon socket button head screws F.T.;3X40;473803X40;
1139;A4;ISO 7380;A4 ISO 7380  Hexagon socket button head screws F.T.;3X45;473803X45;
1139;A4;ISO 7380;A4 ISO 7380  Hexagon socket button head screws F.T.;4X5;473804X5;
1139;A4;ISO 7380;A4 ISO 7380  Hexagon socket button head screws F.T.;4X18;473804X18;
1139;A4;ISO 7380;A4 ISO 7380  Hexagon socket button head screws F.T.;4X20;473804X20;
1139;A4;ISO 7380;A4 ISO 7380  Hexagon socket button head screws F.T.;4X25;473804X25;
1139;A4;ISO 7380;A4 ISO 7380  Hexagon socket button head screws F.T.;4X30;473804X30;
1139;A4;ISO 7380;A4 ISO 7380  Hexagon socket button head screws F.T.;4X35;473804X35;
1139;A4;ISO 7380;A4 ISO 7380  Hexagon socket button head screws F.T.;4X40;473804X40;
1139;A4;ISO 7380;A4 ISO 7380  Hexagon socket button head screws F.T.;4X45;473804X45;
1139;A4;ISO 7380;A4 ISO 7380  Hexagon socket button head screws F.T.;4X50;473804X50;
1139;A4;ISO 7380;A4 ISO 7380  Hexagon socket button head screws F.T.;5X5;473805X5;
1139;A4;ISO 7380;A4 ISO 7380  Hexagon socket button head screws F.T.;5X6;473805X6;
1139;A4;ISO 7380;A4 ISO 7380  Hexagon socket button head screws F.T.;5X8;473805X8;
1139;A4;ISO 7380;A4 ISO 7380  Hexagon socket button head screws F.T.;5X14;473805X14;
1139;A4;ISO 7380;A4 ISO 7380  Hexagon socket button head screws F.T.;5X18;473805X18;
1139;A4;ISO 7380;A4 ISO 7380  Hexagon socket button head screws F.T.;5X30;473805X30;
1139;A4;ISO 7380;A4 ISO 7380  Hexagon socket button head screws F.T.;5X35;473805X35;
1139;A4;ISO 7380;A4 ISO 7380  Hexagon socket button head screws F.T.;5X40;473805X40;
1139;A4;ISO 7380;A4 ISO 7380  Hexagon socket button head screws F.T.;5X50;473805X50;
1139;A4;ISO 7380;A4 ISO 7380  Hexagon socket button head screws F.T.;5X60;473805X60;
1139;A4;ISO 7380;A4 ISO 7380  Hexagon socket button head screws F.T.;6X35;473806X35;
1139;A4;ISO 7380;A4 ISO 7380  Hexagon socket button head screws F.T.;6X50;473806X50;
1139;A4;ISO 7380;A4 ISO 7380  Hexagon socket button head screws F.T.;6X60;473806X60;
1139;A4;ISO 7380;A4 ISO 7380  Hexagon socket button head screws F.T.;6x70;473806X70;
1139;A4;ISO 7380;A4 ISO 7380  Hexagon socket button head screws F.T.;6X80;473806X80;
1139;A4;ISO 7380;A4 ISO 7380  Hexagon socket button head screws F.T.;6X90;473806X90;
1139;A4;ISO 7380;A4 ISO 7380  Hexagon socket button head screws F.T.;6X100;473806X100;
1139;A4;ISO 7380;A4 ISO 7380  Hexagon socket button head screws F.T.;10X12;4738010X12;
1139;A4;ISO 7380;A4 ISO 7380  Hexagon socket button head screws F.T.;10X16;4738010X16;
1139;A4;ISO 7380;A4 ISO 7380  Hexagon socket button head screws F.T.;10X35;4738010X35;
1139;A4;ISO 7380;A4 ISO 7380  Hexagon socket button head screws F.T.;10X50;4738010X50;
1139;A4;ISO 7380;A4 ISO 7380  Hexagon socket button head screws F.T.;10X55;4738010X55;
1139;A4;ISO 7380;A4 ISO 7380  Hexagon socket button head screws F.T.;10X60;4738010X60;
1139;A4;ISO 7380;A4 ISO 7380  Hexagon socket button head screws F.T.;10X65;4738010X65;
1139;A4;ISO 7380;A4 ISO 7380  Hexagon socket button head screws F.T.;10X75;4738010X75;
1139;A4;ISO 7380;A4 ISO 7380  Hexagon socket button head screws F.T.;10X80;4738010X80;
1139;A4;ISO 7380;A4 ISO 7380  Hexagon socket button head screws F.T.;10X90;4738010X90;
1139;A4;ISO 7380;A4 ISO 7380  Hexagon socket button head screws F.T.;12X20;4738012X20;
1139;A4;ISO 7380;A4 ISO 7380  Hexagon socket button head screws F.T.;12X25;4738012X25;
1139;A4;ISO 7380;A4 ISO 7380  Hexagon socket button head screws F.T.;12x35;4738012X35;
1139;A4;ISO 7380;A4 ISO 7380  Hexagon socket button head screws F.T.;12X40;4738012X40;
1139;A4;ISO 7380;A4 ISO 7380  Hexagon socket button head screws F.T.;12x45;4738012X45;
1139;A4;ISO 7380;A4 ISO 7380  Hexagon socket button head screws F.T.;12x50;4738012X50;
1139;A4;ISO 7380;A4 ISO 7380  Hexagon socket button head screws F.T.;12X55;4738012X55;
1139;A4;ISO 7380;A4 ISO 7380  Hexagon socket button head screws F.T.;12X60;4738012X60;
1139;A4;ISO 7380;A4 ISO 7380  Hexagon socket button head screws F.T.;12X70;4738012X70;
1139;A4;ISO 7380;A4 ISO 7380  Hexagon socket button head screws F.T.;12X75;4738012X75;
1139;A4;ISO 7380;A4 ISO 7380  Hexagon socket button head screws F.T.;12X80;4738012X80;
1139;A4;ISO 7380;A4 ISO 7380  Hexagon socket button head screws F.T.;12X90;4738012X90;
1139;A4;ISO 7380;A4 ISO 7380  Hexagon socket button head screws F.T.;12X100;4738012X100;
1139;A4;DIN 7982;A4 DIN 7982  Tapping screws countersunk H;4,2X90;479824,2X90;
1139;A4;DIN 7983;A4 DIN 7983  Tapping screws raised countersunk H;2,2X13;479832,2X13;
1139;A4;DIN 7983;A4 DIN 7983  Tapping screws raised countersunk H;2,9X6,5;479832,9X6,5;
1139;A4;DIN 7983;A4 DIN 7983  Tapping screws raised countersunk H;2,9X9,5;479832,9X9,5;
1139;A4;DIN 7983;A4 DIN 7983  Tapping screws raised countersunk H;2,9X13;479832,9X13;
1139;A4;DIN 7983;A4 DIN 7983  Tapping screws raised countersunk H;2,9X16;479832,9X16;
1139;A4;DIN 7983;A4 DIN 7983  Tapping screws raised countersunk H;2,9X19;479832,9X19;
1139;A4;DIN 7983;A4 DIN 7983  Tapping screws raised countersunk H;2,9X22;479832,9X22;
1139;A4;DIN 7983;A4 DIN 7983  Tapping screws raised countersunk H;2,9X25;479832,9X25;
1139;A4;DIN 7983;A4 DIN 7983  Tapping screws raised countersunk H;2,9X32;479832,9X32;
1139;A4;DIN 7983;A4 DIN 7983  Tapping screws raised countersunk H;2,9X38;479832,9X38;
1139;A4;DIN 7983;A4 DIN 7983  Tapping screws raised countersunk H;3,5X6,5;479833,5X6,5;
1139;A4;DIN 7983;A4 DIN 7983  Tapping screws raised countersunk H;3,5X9,5;479833,5X9,5;
1139;A4;DIN 7983;A4 DIN 7983  Tapping screws raised countersunk H;3,5X13;479833,5X13;
1139;A4;DIN 7983;A4 DIN 7983  Tapping screws raised countersunk H;3,5X16;479833,5X16;
1139;A4;DIN 7983;A4 DIN 7983  Tapping screws raised countersunk H;3,5X19;479833,5X19;
1139;A4;DIN 7983;A4 DIN 7983  Tapping screws raised countersunk H;3,5X22;479833,5X22;
1139;A4;DIN 7983;A4 DIN 7983  Tapping screws raised countersunk H;3,5X25;479833,5X25;
1139;A4;DIN 7983;A4 DIN 7983  Tapping screws raised countersunk H;3,5X32;479833,5X32;
1139;A4;DIN 7983;A4 DIN 7983  Tapping screws raised countersunk H;3,5X38;479833,5X38;
1139;A4;DIN 7983;A4 DIN 7983  Tapping screws raised countersunk H;3,5X45;479833,5X45;
1139;A4;DIN 7983;A4 DIN 7983  Tapping screws raised countersunk H;3,9X6,5;479833,9X6,5;
1139;A4;DIN 7983;A4 DIN 7983  Tapping screws raised countersunk H;3,9X9,5;479833,9X9,5;
1139;A4;DIN 7983;A4 DIN 7983  Tapping screws raised countersunk H;3,9X13;479833,9X13;
1139;A4;DIN 7983;A4 DIN 7983  Tapping screws raised countersunk H;3,9X16;479833,9X16;
1139;A4;DIN 7983;A4 DIN 7983  Tapping screws raised countersunk H;3,9X19;479833,9X19;
1139;A4;DIN 7983;A4 DIN 7983  Tapping screws raised countersunk H;3,9X22;479833,9X22;
1139;A4;DIN 7983;A4 DIN 7983  Tapping screws raised countersunk H;3,9X25;479833,9X25;
1139;A4;DIN 7983;A4 DIN 7983  Tapping screws raised countersunk H;3,9X32;479833,9X32;
1139;A4;DIN 7983;A4 DIN 7983  Tapping screws raised countersunk H;3,9X38;479833,9X38;
1139;A4;DIN 7983;A4 DIN 7983  Tapping screws raised countersunk H;3,9X45;479833,9X45;
1139;A4;DIN 7983;A4 DIN 7983  Tapping screws raised countersunk H;3,9X50;479833,9X50;
1139;A4;DIN 7983;A4 DIN 7983  Tapping screws raised countersunk H;4,2X9,5;479834,2X9,5;
1139;A4;DIN 7983;A4 DIN 7983  Tapping screws raised countersunk H;4,2X13;479834,2X13;
1139;A4;DIN 7983;A4 DIN 7983  Tapping screws raised countersunk H;4,2X16;479834,2X16;
1139;A4;DIN 7983;A4 DIN 7983  Tapping screws raised countersunk H;4,2X19;479834,2X19;
1139;A4;DIN 7983;A4 DIN 7983  Tapping screws raised countersunk H;4,2X22;479834,2X22;
1139;A4;DIN 7983;A4 DIN 7983  Tapping screws raised countersunk H;4,2X25;479834,2X25;
1139;A4;DIN 7983;A4 DIN 7983  Tapping screws raised countersunk H;4,2X32;479834,2X32;
1139;A4;DIN 7983;A4 DIN 7983  Tapping screws raised countersunk H;4,2X38;479834,2X38;
1139;A4;DIN 7983;A4 DIN 7983  Tapping screws raised countersunk H;4,2X45;479834,2X45;
1139;A4;DIN 7983;A4 DIN 7983  Tapping screws raised countersunk H;4,2X50;479834,2X50;
1139;A4;DIN 7983;A4 DIN 7983  Tapping screws raised countersunk H;4,2X60;479834,2X60;
1139;A4;DIN 7983;A4 DIN 7983  Tapping screws raised countersunk H;4,8X9,5;479834,8X9,5;
1139;A4;DIN 7983;A4 DIN 7983  Tapping screws raised countersunk H;4,8X13;479834,8X13;
1139;A4;DIN 7983;A4 DIN 7983  Tapping screws raised countersunk H;4,8X16;479834,8X16;
1139;A4;DIN 7983;A4 DIN 7983  Tapping screws raised countersunk H;4,8X19;479834,8X19;
1139;A4;DIN 7983;A4 DIN 7983  Tapping screws raised countersunk H;4,8X22;479834,8X22;
1139;A4;DIN 7983;A4 DIN 7983  Tapping screws raised countersunk H;4,8X25;479834,8X25;
1139;A4;DIN 7983;A4 DIN 7983  Tapping screws raised countersunk H;4,8X32;479834,8X32;
1139;A4;DIN 7983;A4 DIN 7983  Tapping screws raised countersunk H;4,8X38;479834,8X38;
1139;A4;DIN 7983;A4 DIN 7983  Tapping screws raised countersunk H;4,8X45;479834,8X45;
1139;A4;DIN 7983;A4 DIN 7983  Tapping screws raised countersunk H;4,8X50;479834,8X50;
1139;A4;DIN 7983;A4 DIN 7983  Tapping screws raised countersunk H;4,8X60;479834,8X60;
1139;A4;DIN 7983;A4 DIN 7983  Tapping screws raised countersunk H;4,8X70;479834,8X70;
1139;A4;DIN 7983;A4 DIN 7983  Tapping screws raised countersunk H;4,8X80;479834,8X80;
1139;A4;DIN 7983;A4 DIN 7983  Tapping screws raised countersunk H;5,5X13;479835,5X13;
1139;A4;DIN 7983;A4 DIN 7983  Tapping screws raised countersunk H;5,5X16;479835,5X16;
1139;A4;DIN 7983;A4 DIN 7983  Tapping screws raised countersunk H;5,5X19;479835,5X19;
1139;A4;DIN 7983;A4 DIN 7983  Tapping screws raised countersunk H;5,5X22;479835,5X22;
1139;A4;DIN 7983;A4 DIN 7983  Tapping screws raised countersunk H;5,5X25;479835,5X25;
1139;A4;DIN 7983;A4 DIN 7983  Tapping screws raised countersunk H;5,5X32;479835,5X32;
1139;A4;DIN 7983;A4 DIN 7983  Tapping screws raised countersunk H;5,5X38;479835,5X38;
1139;A4;DIN 7983;A4 DIN 7983  Tapping screws raised countersunk H;5,5X45;479835,5X45;
1139;A4;DIN 7983;A4 DIN 7983  Tapping screws raised countersunk H;5,5X50;479835,5X50;
1139;A4;DIN 7983;A4 DIN 7983  Tapping screws raised countersunk H;5,5X60;479835,5X60;
1139;A4;DIN 7983;A4 DIN 7983  Tapping screws raised countersunk H;5,5X70;479835,5X70;
1139;A4;DIN 7983;A4 DIN 7983  Tapping screws raised countersunk H;5,5X80;479835,5X80;
1139;A4;DIN 7983;A4 DIN 7983  Tapping screws raised countersunk H;6,3X13;479836,3X13;
1139;A4;DIN 7983;A4 DIN 7983  Tapping screws raised countersunk H;6,3X16;479836,3X16;
1139;A4;DIN 7983;A4 DIN 7983  Tapping screws raised countersunk H;6,3X19;479836,3X19;
1139;A4;DIN 7983;A4 DIN 7983  Tapping screws raised countersunk H;6,3X22;479836,3X22;
1139;A4;DIN 7983;A4 DIN 7983  Tapping screws raised countersunk H;6,3X25;479836,3X25;
1139;A4;DIN 7983;A4 DIN 7983  Tapping screws raised countersunk H;6,3X32;479836,3X32;
1139;A4;DIN 7983;A4 DIN 7983  Tapping screws raised countersunk H;6,3X38;479836,3X38;
1139;A4;DIN 7983;A4 DIN 7983  Tapping screws raised countersunk H;6,3X45;479836,3X45;
1139;A4;DIN 7983;A4 DIN 7983  Tapping screws raised countersunk H;6,3X50;479836,3X50;
1139;A4;DIN 7983;A4 DIN 7983  Tapping screws raised countersunk H;6,3X60;479836,3X60;
1139;A4;DIN 7983;A4 DIN 7983  Tapping screws raised countersunk H;6,3X70;479836,3X70;
1139;A2;SIM. NFE 27-128;A2 ART. 27128  Slotted mushroom head screws;3X6;2271283X6;
1139;A2;SIM. NFE 27-128;A2 ART. 27128  Slotted mushroom head screws;3X8;2271283X8;
1139;A2;SIM. NFE 27-128;A2 ART. 27128  Slotted mushroom head screws;3X10;2271283X10;
1139;A2;SIM. NFE 27-128;A2 ART. 27128  Slotted mushroom head screws;3X12;2271283X12;
1139;A2;SIM. NFE 27-128;A2 ART. 27128  Slotted mushroom head screws;3X16;2271283X16;
1139;A2;SIM. NFE 27-128;A2 ART. 27128  Slotted mushroom head screws;3X20;2271283X20;
1139;A2;SIM. NFE 27-128;A2 ART. 27128  Slotted mushroom head screws;3X25;2271283X25;
1139;A2;SIM. NFE 27-128;A2 ART. 27128  Slotted mushroom head screws;3X30;2271283X30;
1139;A2;SIM. NFE 27-128;A2 ART. 27128  Slotted mushroom head screws;3X35;2271283X35;
1139;A2;SIM. NFE 27-128;A2 ART. 27128  Slotted mushroom head screws;3X40;2271283X40;
1139;A2;SIM. NFE 27-128;A2 ART. 27128  Slotted mushroom head screws;3X45;2271283X45;
1139;A2;SIM. NFE 27-128;A2 ART. 27128  Slotted mushroom head screws;3X50;2271283X50;
1139;A2;SIM. NFE 27-128;A2 ART. 27128  Slotted mushroom head screws;4X6;2271284X6;
1139;A2;SIM. NFE 27-128;A2 ART. 27128  Slotted mushroom head screws;4X8;2271284X8;
1139;A2;SIM. NFE 27-128;A2 ART. 27128  Slotted mushroom head screws;4X10;2271284X10;
1139;A2;SIM. NFE 27-128;A2 ART. 27128  Slotted mushroom head screws;4X12;2271284X12;
1139;A2;SIM. NFE 27-128;A2 ART. 27128  Slotted mushroom head screws;4X16;2271284X16;
1139;A2;SIM. NFE 27-128;A2 ART. 27128  Slotted mushroom head screws;4X20;2271284X20;
1139;A2;SIM. NFE 27-128;A2 ART. 27128  Slotted mushroom head screws;4X25;2271284X25;
1139;A2;SIM. NFE 27-128;A2 ART. 27128  Slotted mushroom head screws;4X30;2271284X30;
1139;A2;SIM. NFE 27-128;A2 ART. 27128  Slotted mushroom head screws;4X35;2271284X35;
1139;A2;SIM. NFE 27-128;A2 ART. 27128  Slotted mushroom head screws;4X40;2271284X40;
1139;A2;SIM. NFE 27-128;A2 ART. 27128  Slotted mushroom head screws;4X45;2271284X45;
1139;A2;SIM. NFE 27-128;A2 ART. 27128  Slotted mushroom head screws;4X50;2271284X50;
1139;A2;SIM. NFE 27-128;A2 ART. 27128  Slotted mushroom head screws;4X60;2271284X60;
1139;A2;SIM. NFE 27-128;A2 ART. 27128  Slotted mushroom head screws;4X70;2271284X70;
1139;A2;SIM. NFE 27-128;A2 ART. 27128  Slotted mushroom head screws;5X8;2271285X8;
1139;A2;SIM. NFE 27-128;A2 ART. 27128  Slotted mushroom head screws;5X10;2271285X10;
1139;A2;SIM. NFE 27-128;A2 ART. 27128  Slotted mushroom head screws;5X12;2271285X12;
1139;A2;SIM. NFE 27-128;A2 ART. 27128  Slotted mushroom head screws;5X16;2271285X16;
1139;A2;SIM. NFE 27-128;A2 ART. 27128  Slotted mushroom head screws;5X20;2271285X20;
1139;A2;SIM. NFE 27-128;A2 ART. 27128  Slotted mushroom head screws;5X25;2271285X25;
1139;A2;SIM. NFE 27-128;A2 ART. 27128  Slotted mushroom head screws;5X30;2271285X30;
1139;A2;SIM. NFE 27-128;A2 ART. 27128  Slotted mushroom head screws;5X35;2271285X35;
1139;A2;SIM. NFE 27-128;A2 ART. 27128  Slotted mushroom head screws;5X40;2271285X40;
1139;A2;SIM. NFE 27-128;A2 ART. 27128  Slotted mushroom head screws;5X45;2271285X45;
1139;A2;SIM. NFE 27-128;A2 ART. 27128  Slotted mushroom head screws;5X50;2271285X50;
1139;A2;SIM. NFE 27-128;A2 ART. 27128  Slotted mushroom head screws;5X60;2271285X60;
1139;A2;SIM. NFE 27-128;A2 ART. 27128  Slotted mushroom head screws;5X70;2271285X70;
1139;A2;SIM. NFE 27-128;A2 ART. 27128  Slotted mushroom head screws;5X80;2271285X80;
1139;A2;SIM. NFE 27-128;A2 ART. 27128  Slotted mushroom head screws;5X90;2271285X90;
1139;A2;SIM. NFE 27-128;A2 ART. 27128  Slotted mushroom head screws;5X100;2271285X100;
1139;A2;SIM. NFE 27-128;A2 ART. 27128  Slotted mushroom head screws;6X10;2271286X10;
1139;A2;SIM. NFE 27-128;A2 ART. 27128  Slotted mushroom head screws;6X12;2271286X12;
1139;A2;SIM. NFE 27-128;A2 ART. 27128  Slotted mushroom head screws;6X16;2271286X16;
1139;A2;SIM. NFE 27-128;A2 ART. 27128  Slotted mushroom head screws;6X20;2271286X20;
1139;A2;SIM. NFE 27-128;A2 ART. 27128  Slotted mushroom head screws;6X25;2271286X25;
1139;A2;SIM. NFE 27-128;A2 ART. 27128  Slotted mushroom head screws;6X30;2271286X30;
1139;A2;SIM. NFE 27-128;A2 ART. 27128  Slotted mushroom head screws;6X35;2271286X35;
1139;A2;SIM. NFE 27-128;A2 ART. 27128  Slotted mushroom head screws;6X40;2271286X40;
1139;A2;SIM. NFE 27-128;A2 ART. 27128  Slotted mushroom head screws;6X45;2271286X45;
1139;A2;SIM. NFE 27-128;A2 ART. 27128  Slotted mushroom head screws;6X50;2271286X50;
1139;A2;SIM. NFE 27-128;A2 ART. 27128  Slotted mushroom head screws;6X60;2271286X60;
1139;A2;SIM. NFE 27-128;A2 ART. 27128  Slotted mushroom head screws;6X70;2271286X70;
1139;A2;SIM. NFE 27-128;A2 ART. 27128  Slotted mushroom head screws;6X80;2271286X80;
1139;A2;SIM. NFE 27-128;A2 ART. 27128  Slotted mushroom head screws;8X12;2271288X12;
1139;A2;SIM. NFE 27-128;A2 ART. 27128  Slotted mushroom head screws;8X16;2271288X16;
1139;A2;SIM. NFE 27-128;A2 ART. 27128  Slotted mushroom head screws;8X20;2271288X20;
1139;A2;SIM. NFE 27-128;A2 ART. 27128  Slotted mushroom head screws;8X25;2271288X25;
1139;A2;SIM. NFE 27-128;A2 ART. 27128  Slotted mushroom head screws;8X30;2271288X30;
1139;A2;SIM. NFE 27-128;A2 ART. 27128  Slotted mushroom head screws;8X35;2271288X35;
1139;A2;SIM. NFE 27-128;A2 ART. 27128  Slotted mushroom head screws;8X40;2271288X40;
1139;A2;SIM. NFE 27-128;A2 ART. 27128  Slotted mushroom head screws;8X45;2271288X45;
1139;A2;SIM. NFE 27-128;A2 ART. 27128  Slotted mushroom head screws;8X50;2271288X50;
1139;A2;SIM. NFE 27-128;A2 ART. 27128  Slotted mushroom head screws;8X60;2271288X60;
1139;A2;SIM. NFE 27-128;A2 ART. 27128  Slotted mushroom head screws;8X70;2271288X70;
1139;A2;SIM. NFE 27-128;A2 ART. 27128  Slotted mushroom head screws;8X80;2271288X80;
1139;A2;SIM. NFE 27-128;A2 ART. 27128  Slotted mushroom head screws;8X90;2271288X90;
1139;A2;SIM. NFE 27-128;A2 ART. 27128  Slotted mushroom head screws;8X100;2271288X100;
1139;A2;sim. DIN 912;A2 sim. DIN 912  Self tapping socket capscrews;4,8X13;20912ST4,8X13;
1139;A2;sim. DIN 912;A2 sim. DIN 912  Self tapping socket capscrews;4,8X16;20912ST4,8X16;
1139;A2;sim. DIN 912;A2 sim. DIN 912  Self tapping socket capscrews;4,8X19;20912ST4,8X19;
1139;A2;sim. DIN 912;A2 sim. DIN 912  Self tapping socket capscrews;4,8X22;20912ST4,8X22;
1139;A2;sim. DIN 912;A2 sim. DIN 912  Self tapping socket capscrews;4,8X25;20912ST4,8X25;
1139;A2;sim. DIN 912;A2 sim. DIN 912  Self tapping socket capscrews;4,8X32;20912ST4,8X32;
1139;A2;sim. DIN 912;A2 sim. DIN 912  Self tapping socket capscrews;4,8X38;20912ST4,8X38;
1139;A2;sim. DIN 912;A2 sim. DIN 912  Self tapping socket capscrews;4,8X42;20912ST4,8X42;
1139;A2;sim. DIN 912;A2 sim. DIN 912  Self tapping socket capscrews;4,8X45;20912ST4,8X45;
1139;A2;sim. DIN 912;A2 sim. DIN 912  Self tapping socket capscrews;4,8X50;20912ST4,8X50;
1139;A2;sim. DIN 912;A2 sim. DIN 912  Self tapping socket capscrews;4,8X55;20912ST4,8X55;
1139;A2;sim. DIN 912;A2 sim. DIN 912  Self tapping socket capscrews;4,8X60;20912ST4,8X60;
1139;A2;sim. DIN 912;A2 sim. DIN 912  Self tapping socket capscrews;4,8X70;20912ST4,8X70;
1139;A2;sim. DIN 912;A2 sim. DIN 912  Self tapping socket capscrews;4,8X80;20912ST4,8X80;
1139;A2;sim. DIN 912;A2 sim. DIN 912  Self tapping socket capscrews;4,8x90;20912ST4,8X90;
1139;A2;sim. DIN 912;A2 sim. DIN 912  Self tapping socket capscrews;5,5X13;20912ST5,5X13;
1139;A2;sim. DIN 912;A2 sim. DIN 912  Self tapping socket capscrews;5,5X16;20912ST5,5X16;
1139;A2;sim. DIN 912;A2 sim. DIN 912  Self tapping socket capscrews;5,5X19;20912ST5,5X19;
1139;A2;sim. DIN 912;A2 sim. DIN 912  Self tapping socket capscrews;5,5X22;20912ST5,5X22;
1139;A2;sim. DIN 912;A2 sim. DIN 912  Self tapping socket capscrews;5,5X25;20912ST5,5X25;
1139;A2;sim. DIN 912;A2 sim. DIN 912  Self tapping socket capscrews;5,5X32;20912ST5,5X32;
1139;A2;sim. DIN 912;A2 sim. DIN 912  Self tapping socket capscrews;5,5X38;20912ST5,5X38;
1139;A2;sim. DIN 912;A2 sim. DIN 912  Self tapping socket capscrews;5,5X42;20912ST5,5X42;
1139;A2;sim. DIN 912;A2 sim. DIN 912  Self tapping socket capscrews;5,5X45;20912ST5,5X45;
1139;A2;sim. DIN 912;A2 sim. DIN 912  Self tapping socket capscrews;5,5X50;20912ST5,5X50;
1139;A2;sim. DIN 912;A2 sim. DIN 912  Self tapping socket capscrews;5,5X55;20912ST5,5X55;
1139;A2;sim. DIN 912;A2 sim. DIN 912  Self tapping socket capscrews;5,5X60;20912ST5,5X60;
1139;A2;sim. DIN 912;A2 sim. DIN 912  Self tapping socket capscrews;5,5X70;20912ST5,5X70;
1139;A2;sim. DIN 912;A2 sim. DIN 912  Self tapping socket capscrews;5,5X80;20912ST5,5X80;
1139;A2;sim. DIN 912;A2 sim. DIN 912  Self tapping socket capscrews;5,5x90;20912ST5,5X90;
1139;A2;sim. DIN 912;A2 sim. DIN 912  Self tapping socket capscrews;5,5X100;20912ST5,5X100;
1139;A2;sim. DIN 912;A2 sim. DIN 912  Self tapping socket capscrews;6,3X13;20912ST6,3X13;
1139;A2;sim. DIN 912;A2 sim. DIN 912  Self tapping socket capscrews;6,3X16;20912ST6,3X16;
1139;A2;sim. DIN 912;A2 sim. DIN 912  Self tapping socket capscrews;6,3X19;20912ST6,3X19;
1139;A2;sim. DIN 912;A2 sim. DIN 912  Self tapping socket capscrews;6,3X22;20912ST6,3X22;
1139;A2;sim. DIN 912;A2 sim. DIN 912  Self tapping socket capscrews;6,3X25;20912ST6,3X25;
1139;A2;sim. DIN 912;A2 sim. DIN 912  Self tapping socket capscrews;6,3X32;20912ST6,3X32;
1139;A2;sim. DIN 912;A2 sim. DIN 912  Self tapping socket capscrews;6,3X38;20912ST6,3X38;
1139;A2;sim. DIN 912;A2 sim. DIN 912  Self tapping socket capscrews;6,3X45;20912ST6,3X45;
1139;A2;sim. DIN 912;A2 sim. DIN 912  Self tapping socket capscrews;6,3X50;20912ST6,3X50;
1139;A2;sim. DIN 912;A2 sim. DIN 912  Self tapping socket capscrews;6,3X55;20912ST6,3X55;
1139;A2;sim. DIN 912;A2 sim. DIN 912  Self tapping socket capscrews;6,3X60;20912ST6,3X60;
1139;A2;sim. DIN 912;A2 sim. DIN 912  Self tapping socket capscrews;6,3X65;20912ST6,3X65;
1139;A2;sim. DIN 912;A2 sim. DIN 912  Self tapping socket capscrews;6,3X70;20912ST6,3X70;
1139;A2;sim. DIN 912;A2 sim. DIN 912  Self tapping socket capscrews;6,3X80;20912ST6,3X80;
1139;A2;sim. DIN 912;A2 sim. DIN 912  Self tapping socket capscrews;6,3X90;20912ST6,3X90;
1139;A2;sim. DIN 912;A2 sim. DIN 912  Self tapping socket capscrews;6,3X100;20912ST6,3X100;
1139;A2;UNI 5587 LH;A2 UNI 5587  Hexagon heavy nuts Left;6;25587LH6;
1139;A2;ISO 7380 TX;A2 ISO 7380  Button head witn TX F.T.;2X4;27380TX2X4;
1139;A2;ISO 7380 TX;A2 ISO 7380  Button head witn TX F.T.;2X5;27380TX2X5;
1139;A2;ISO 7380 TX;A2 ISO 7380  Button head witn TX F.T.;2X6;27380TX2X6;
1139;A2;ISO 7380 TX;A2 ISO 7380  Button head witn TX F.T.;2X8;27380TX2X8;
1139;A2;ISO 7380 TX;A2 ISO 7380  Button head witn TX F.T.;2X10;27380TX2X10;
1139;A2;ISO 7380 TX;A2 ISO 7380  Button head witn TX F.T.;2X12;27380TX2X12;
1139;A2;ISO 7380 TX;A2 ISO 7380  Button head witn TX F.T.;3X3;27380TX3X3;
1139;A2;ISO 7380 TX;A2 ISO 7380  Button head witn TX F.T.;3X4;27380TX3X4;
1139;A2;ISO 7380 TX;A2 ISO 7380  Button head witn TX F.T.;3x5;27380TX3X5;
1139;A2;ISO 7380 TX;A2 ISO 7380  Button head witn TX F.T.;3X6;27380TX3X6;
1139;A2;ISO 7380 TX;A2 ISO 7380  Button head witn TX F.T.;3X8;27380TX3X8;
1139;A2;ISO 7380 TX;A2 ISO 7380  Button head witn TX F.T.;3X10;27380TX3X10;
1139;A2;ISO 7380 TX;A2 ISO 7380  Button head witn TX F.T.;3X12;27380TX3X12;
1139;A2;ISO 7380 TX;A2 ISO 7380  Button head witn TX F.T.;3X14;27380TX3X14;
1139;A2;ISO 7380 TX;A2 ISO 7380  Button head witn TX F.T.;3X16;27380TX3X16;
1139;A2;ISO 7380 TX;A2 ISO 7380  Button head witn TX F.T.;3X18;27380TX3X18;
1139;A2;ISO 7380 TX;A2 ISO 7380  Button head witn TX F.T.;3X20;27380TX3X20;
1139;A2;ISO 7380 TX;A2 ISO 7380  Button head witn TX F.T.;3x25;27380TX3X25;
1139;A2;ISO 7380 TX;A2 ISO 7380  Button head witn TX F.T.;3X30;27380TX3X30;
1139;A2;ISO 7380 TX;A2 ISO 7380  Button head witn TX F.T.;3X35;27380TX3X35;
1139;A2;ISO 7380 TX;A2 ISO 7380  Button head witn TX F.T.;3X40;27380TX3X40;
1139;A2;ISO 7380 TX;A2 ISO 7380  Button head witn TX F.T.;4X4;27380TX4X4;
1139;A2;ISO 7380 TX;A2 ISO 7380  Button head witn TX F.T.;4X5;27380TX4X5;
1139;A2;ISO 7380 TX;A2 ISO 7380  Button head witn TX F.T.;4x6;27380TX4X6;
1139;A2;ISO 7380 TX;A2 ISO 7380  Button head witn TX F.T.;4X8;27380TX4X8;
1139;A2;ISO 7380 TX;A2 ISO 7380  Button head witn TX F.T.;4X10;27380TX4X10;
1139;A2;ISO 7380 TX;A2 ISO 7380  Button head witn TX F.T.;4X12;27380TX4X12;
1139;A2;ISO 7380 TX;A2 ISO 7380  Button head witn TX F.T.;4X14;27380TX4X14;
1139;A2;ISO 7380 TX;A2 ISO 7380  Button head witn TX F.T.;4X16;27380TX4X16;
1139;A2;ISO 7380 TX;A2 ISO 7380  Button head witn TX F.T.;4X18;27380TX4X18;
1139;A2;ISO 7380 TX;A2 ISO 7380  Button head witn TX F.T.;4X20;27380TX4X20;
1139;A2;ISO 7380 TX;A2 ISO 7380  Button head witn TX F.T.;4X25;27380TX4X25;
1139;A2;ISO 7380 TX;A2 ISO 7380  Button head witn TX F.T.;4X30;27380TX4X30;
1139;A2;ISO 7380 TX;A2 ISO 7380  Button head witn TX F.T.;4X35;27380TX4X35;
1139;A2;ISO 7380 TX;A2 ISO 7380  Button head witn TX F.T.;4X40;27380TX4X40;
1139;A2;ISO 7380 TX;A2 ISO 7380  Button head witn TX F.T.;4X50;27380TX4X50;
1139;A2;ISO 7380 TX;A2 ISO 7380  Button head witn TX F.T.;4X60;27380TX4X60;
1139;A2;ISO 7380 TX;A2 ISO 7380  Button head witn TX F.T.;5X5;27380TX5X5;
1139;A2;ISO 7380 TX;A2 ISO 7380  Button head witn TX F.T.;5x6;27380TX5X6;
1139;A2;ISO 7380 TX;A2 ISO 7380  Button head witn TX F.T.;5X8;27380TX5X8;
1139;A2;ISO 7380 TX;A2 ISO 7380  Button head witn TX F.T.;5X10;27380TX5X10;
1139;A2;ISO 7380 TX;A2 ISO 7380  Button head witn TX F.T.;5X12;27380TX5X12;
1139;A2;ISO 7380 TX;A2 ISO 7380  Button head witn TX F.T.;5X14;27380TX5X14;
1139;A2;ISO 7380 TX;A2 ISO 7380  Button head witn TX F.T.;5X16;27380TX5X16;
1139;A2;ISO 7380 TX;A2 ISO 7380  Button head witn TX F.T.;5X18;27380TX5X18;
1139;A2;ISO 7380 TX;A2 ISO 7380  Button head witn TX F.T.;5X20;27380TX5X20;
1139;A2;ISO 7380 TX;A2 ISO 7380  Button head witn TX F.T.;5X22;27380TX5X22;
1139;A2;ISO 7380 TX;A2 ISO 7380  Button head witn TX F.T.;5X25;27380TX5X25;
1139;A2;ISO 7380 TX;A2 ISO 7380  Button head witn TX F.T.;5X30;27380TX5X30;
1139;A2;ISO 7380 TX;A2 ISO 7380  Button head witn TX F.T.;5X35;27380TX5X35;
1139;A2;ISO 7380 TX;A2 ISO 7380  Button head witn TX F.T.;5X40;27380TX5X40;
1139;A2;ISO 7380 TX;A2 ISO 7380  Button head witn TX F.T.;5X45;27380TX5X45;
1139;A2;ISO 7380 TX;A2 ISO 7380  Button head witn TX F.T.;5X50;27380TX5X50;
1139;A2;ISO 7380 TX;A2 ISO 7380  Button head witn TX F.T.;5X60;27380TX5X60;
1139;A2;ISO 7380 TX;A2 ISO 7380  Button head witn TX F.T.;6X6;27380TX6X6;
1139;A2;ISO 7380 TX;A2 ISO 7380  Button head witn TX F.T.;6x8;27380TX6X8;
1139;A2;ISO 7380 TX;A2 ISO 7380  Button head witn TX F.T.;6X10;27380TX6X10;
1139;A2;ISO 7380 TX;A2 ISO 7380  Button head witn TX F.T.;6X12;27380TX6X12;
1139;A2;ISO 7380 TX;A2 ISO 7380  Button head witn TX F.T.;6x14;27380TX6X14;
1139;A2;ISO 7380 TX;A2 ISO 7380  Button head witn TX F.T.;6X16;27380TX6X16;
1139;A2;ISO 7380 TX;A2 ISO 7380  Button head witn TX F.T.;6x18;27380TX6X18;
1139;A2;ISO 7380 TX;A2 ISO 7380  Button head witn TX F.T.;6X20;27380TX6X20;
1139;A2;ISO 7380 TX;A2 ISO 7380  Button head witn TX F.T.;6X22;27380TX6X22;
1139;A2;ISO 7380 TX;A2 ISO 7380  Button head witn TX F.T.;6X25;27380TX6X25;
1139;A2;ISO 7380 TX;A2 ISO 7380  Button head witn TX F.T.;6X30;27380TX6X30;
1139;A2;ISO 7380 TX;A2 ISO 7380  Button head witn TX F.T.;6X35;27380TX6X35;
1139;A2;ISO 7380 TX;A2 ISO 7380  Button head witn TX F.T.;6X40;27380TX6X40;
1139;A2;ISO 7380 TX;A2 ISO 7380  Button head witn TX F.T.;6X45;27380TX6X45;
1139;A2;ISO 7380 TX;A2 ISO 7380  Button head witn TX F.T.;6X50;27380TX6X50;
1139;A2;ISO 7380 TX;A2 ISO 7380  Button head witn TX F.T.;6X60;27380TX6X60;
1139;A2;ISO 7380 TX;A2 ISO 7380  Button head witn TX F.T.;6X70;27380TX6X70;
1139;A2;ISO 7380 TX;A2 ISO 7380  Button head witn TX F.T.;6X80;27380TX6X80;
1139;A2;ISO 7380 TX;A2 ISO 7380  Button head witn TX F.T.;6X90;27380TX6X90;
1139;A2;ISO 7380 TX;A2 ISO 7380  Button head witn TX F.T.;8X8;27380TX8X8;
1139;A2;ISO 7380 TX;A2 ISO 7380  Button head witn TX F.T.;8X10;27380TX8X10;
1139;A2;ISO 7380 TX;A2 ISO 7380  Button head witn TX F.T.;8X12;27380TX8X12;
1139;A2;ISO 7380 TX;A2 ISO 7380  Button head witn TX F.T.;8X14;27380TX8X14;
1139;A2;ISO 7380 TX;A2 ISO 7380  Button head witn TX F.T.;8X16;27380TX8X16;
1139;A2;ISO 7380 TX;A2 ISO 7380  Button head witn TX F.T.;8X18;27380TX8X18;
1139;A2;ISO 7380 TX;A2 ISO 7380  Button head witn TX F.T.;8X20;27380TX8X20;
1139;A2;ISO 7380 TX;A2 ISO 7380  Button head witn TX F.T.;8X22;27380TX8X22;
1139;A2;ISO 7380 TX;A2 ISO 7380  Button head witn TX F.T.;8X25;27380TX8X25;
1139;A2;ISO 7380 TX;A2 ISO 7380  Button head witn TX F.T.;8X30;27380TX8X30;
1139;A2;ISO 7380 TX;A2 ISO 7380  Button head witn TX F.T.;8X35;27380TX8X35;
1139;A2;ISO 7380 TX;A2 ISO 7380  Button head witn TX F.T.;8X40;27380TX8X40;
1139;A2;ISO 7380 TX;A2 ISO 7380  Button head witn TX F.T.;8x45;27380TX8X45;
1139;A2;ISO 7380 TX;A2 ISO 7380  Button head witn TX F.T.;8X50;27380TX8X50;
1139;A2;ISO 7380 TX;A2 ISO 7380  Button head witn TX F.T.;8x55;27380TX8X55;
1139;A2;ISO 7380 TX;A2 ISO 7380  Button head witn TX F.T.;8X60;27380TX8X60;
1139;A2;ISO 7380 TX;A2 ISO 7380  Button head witn TX F.T.;8X65;27380TX8X65;
1139;A2;ISO 7380 TX;A2 ISO 7380  Button head witn TX F.T.;8X70;27380TX8X70;
1139;A2;ISO 7380 TX;A2 ISO 7380  Button head witn TX F.T.;10X12;27380TX10X12;
1139;A2;ISO 7380 TX;A2 ISO 7380  Button head witn TX F.T.;10X16;27380TX10X16;
1139;A2;ISO 7380 TX;A2 ISO 7380  Button head witn TX F.T.;10X20;27380TX10X20;
1139;A2;ISO 7380 TX;A2 ISO 7380  Button head witn TX F.T.;10X25;27380TX10X25;
1139;A2;ISO 7380 TX;A2 ISO 7380  Button head witn TX F.T.;10X30;27380TX10X30;
1139;A2;ISO 7380 TX;A2 ISO 7380  Button head witn TX F.T.;10X35;27380TX10X35;
1139;A2;ISO 7380 TX;A2 ISO 7380  Button head witn TX F.T.;10X40;27380TX10X40;
1139;A2;ISO 7380 TX;A2 ISO 7380  Button head witn TX F.T.;10X45;27380TX10X45;
1139;A2;ISO 7380 TX;A2 ISO 7380  Button head witn TX F.T.;10X50;27380TX10X50;
1139;A2;ISO 7380 TX;A2 ISO 7380  Button head witn TX F.T.;10X60;27380TX10X60;
1139;A2;ISO 7380 TX;A2 ISO 7380  Button head witn TX F.T.;10X70;27380TX10X70;
1139;A2;ISO 7380 TX;A2 ISO 7380  Button head witn TX F.T.;10X80;27380TX10X80;
1139;A2;ISO 7380 TX;A2 ISO 7380  Button head witn TX F.T.;10X90;27380TX10X90;
1139;A2;ISO 7380 TX;A2 ISO 7380  Button head witn TX F.T.;10X100;27380TX10X100;
1139;A2;ISO 7380 TX;A2 ISO 7380  Button head witn TX F.T.;12X20;27380TX12X20;
1139;A2;ISO 7380 TX;A2 ISO 7380  Button head witn TX F.T.;12X25;27380TX12X25;
1139;A2;ISO 7380 TX;A2 ISO 7380  Button head witn TX F.T.;12X30;27380TX12X30;
1139;A2;ISO 7380 TX;A2 ISO 7380  Button head witn TX F.T.;12X35;27380TX12X35;
1139;A2;ISO 7380 TX;A2 ISO 7380  Button head witn TX F.T.;12X40;27380TX12X40;
1139;A2;DIN 7981 TX;A2 DIN 7981  Tapping screws pan head with TX;2,2X6,5;27981TX2,2x6,5;
1139;A2;DIN 7981 TX;A2 DIN 7981  Tapping screws pan head with TX;2,2X9,5;27981TX2,2X9,5;
1139;A2;DIN 7981 TX;A2 DIN 7981  Tapping screws pan head with TX;2,2X13;27981TX2,2X13;
1139;A2;DIN 7981 TX;A2 DIN 7981  Tapping screws pan head with TX;2,2X16;27981TX2,2X16;
1139;A2;DIN 7981 TX;A2 DIN 7981  Tapping screws pan head with TX;2,2X19;27981TX2,2X19;
1139;A2;DIN 7981 TX;A2 DIN 7981  Tapping screws pan head with TX;2,9X6,5;27981TX2,9X6,5;
1139;A2;DIN 7981 TX;A2 DIN 7981  Tapping screws pan head with TX;2,9X9,5;27981TX2,9X9,5;
1139;A2;DIN 7981 TX;A2 DIN 7981  Tapping screws pan head with TX;2,9X13;27981TX2,9X13;
1139;A2;DIN 7981 TX;A2 DIN 7981  Tapping screws pan head with TX;2,9X16;27981TX2,9X16;
1139;A2;DIN 7981 TX;A2 DIN 7981  Tapping screws pan head with TX;2,9X19;27981TX2,9X19;
1139;A2;DIN 7981 TX;A2 DIN 7981  Tapping screws pan head with TX;2,9X22;27981TX2,9X22;
1139;A2;DIN 7981 TX;A2 DIN 7981  Tapping screws pan head with TX;2,9X25;27981TX2,9X25;
1139;A2;DIN 7981 TX;A2 DIN 7981  Tapping screws pan head with TX;2,9X32;27981TX2,9X32;
1139;A2;DIN 7981 TX;A2 DIN 7981  Tapping screws pan head with TX;3,5X6,5;27981TX3,5X6,5;
1139;A2;DIN 7981 TX;A2 DIN 7981  Tapping screws pan head with TX;3,5X9,5;27981TX3,5X9,5;
1139;A2;DIN 7981 TX;A2 DIN 7981  Tapping screws pan head with TX;3,5X13;27981TX3,5X13;
1139;A2;DIN 7981 TX;A2 DIN 7981  Tapping screws pan head with TX;3,5X16;27981TX3,5X16;
1139;A2;DIN 7981 TX;A2 DIN 7981  Tapping screws pan head with TX;3,5X19;27981TX3,5X19;
1139;A2;DIN 7981 TX;A2 DIN 7981  Tapping screws pan head with TX;3,5X22;27981TX3,5X22;
1139;A2;DIN 7981 TX;A2 DIN 7981  Tapping screws pan head with TX;3,5X25;27981TX3,5X25;
1139;A2;DIN 7981 TX;A2 DIN 7981  Tapping screws pan head with TX;3,5X32;27981TX3,5X32;
1139;A2;DIN 7981 TX;A2 DIN 7981  Tapping screws pan head with TX;3,5X38;27981TX3,5X38;
1139;A2;DIN 7981 TX;A2 DIN 7981  Tapping screws pan head with TX;3,5X45;27981TX3,5X45;
1139;A2;DIN 7981 TX;A2 DIN 7981  Tapping screws pan head with TX;3,9x6,5;27981TX3,9X6,5;
1139;A2;DIN 7981 TX;A2 DIN 7981  Tapping screws pan head with TX;3,9X9,5;27981TX3,9X9,5;
1139;A2;DIN 7981 TX;A2 DIN 7981  Tapping screws pan head with TX;3,9X13;27981TX3,9X13;
1139;A2;DIN 7981 TX;A2 DIN 7981  Tapping screws pan head with TX;3,9X16;27981TX3,9X16;
1139;A2;DIN 7981 TX;A2 DIN 7981  Tapping screws pan head with TX;3,9X19;27981TX3,9X19;
1139;A2;DIN 7981 TX;A2 DIN 7981  Tapping screws pan head with TX;3,9X22;27981TX3,9X22;
1139;A2;DIN 7981 TX;A2 DIN 7981  Tapping screws pan head with TX;3,9X25;27981TX3,9X25;
1139;A2;DIN 7981 TX;A2 DIN 7981  Tapping screws pan head with TX;3,9X32;27981TX3,9X32;
1139;A2;DIN 7981 TX;A2 DIN 7981  Tapping screws pan head with TX;3,9X38;27981TX3,9X38;
1139;A2;DIN 7981 TX;A2 DIN 7981  Tapping screws pan head with TX;3,9X45;27981TX3,9X45;
1139;A2;DIN 7981 TX;A2 DIN 7981  Tapping screws pan head with TX;4,2X9,5;27981TX4,2X9,5;
1139;A2;DIN 7981 TX;A2 DIN 7981  Tapping screws pan head with TX;4,2X13;27981TX4,2X13;
1139;A2;DIN 7981 TX;A2 DIN 7981  Tapping screws pan head with TX;4,2X16;27981TX4,2X16;
1139;A2;DIN 7981 TX;A2 DIN 7981  Tapping screws pan head with TX;4,2X19;27981TX4,2X19;
1139;A2;DIN 7981 TX;A2 DIN 7981  Tapping screws pan head with TX;4,2X22;27981TX4,2X22;
1139;A2;DIN 7981 TX;A2 DIN 7981  Tapping screws pan head with TX;4,2X25;27981TX4,2X25;
1139;A2;DIN 7981 TX;A2 DIN 7981  Tapping screws pan head with TX;4,2X32;27981TX4,2X32;
1139;A2;DIN 7981 TX;A2 DIN 7981  Tapping screws pan head with TX;4,2X38;27981TX4,2X38;
1139;A2;DIN 7981 TX;A2 DIN 7981  Tapping screws pan head with TX;4,2X45;27981TX4,2X45;
1139;A2;DIN 7981 TX;A2 DIN 7981  Tapping screws pan head with TX;4,2X50;27981TX4,2X50;
1139;A2;DIN 7981 TX;A2 DIN 7981  Tapping screws pan head with TX;4,2x60;27981TX4,2X60;
1139;A2;DIN 7981 TX;A2 DIN 7981  Tapping screws pan head with TX;4,8X9,5;27981TX4,8X9,5;
1139;A2;DIN 7981 TX;A2 DIN 7981  Tapping screws pan head with TX;4,8X13;27981TX4,8X13;
1139;A2;DIN 7981 TX;A2 DIN 7981  Tapping screws pan head with TX;4,8X16;27981TX4,8X16;
1139;A2;DIN 7981 TX;A2 DIN 7981  Tapping screws pan head with TX;4,8X19;27981TX4,8X19;
1139;A2;DIN 7981 TX;A2 DIN 7981  Tapping screws pan head with TX;4,8X22;27981TX4,8X22;
1139;A2;DIN 7981 TX;A2 DIN 7981  Tapping screws pan head with TX;4,8x25;27981TX4,8X25;
1139;A2;DIN 7981 TX;A2 DIN 7981  Tapping screws pan head with TX;4,8X32;27981TX4,8X32;
1139;A2;DIN 7981 TX;A2 DIN 7981  Tapping screws pan head with TX;4,8X38;27981TX4,8X38;
1139;A2;DIN 7981 TX;A2 DIN 7981  Tapping screws pan head with TX;4,8X45;27981TX4,8X45;
1139;A2;DIN 7981 TX;A2 DIN 7981  Tapping screws pan head with TX;4,8X50;27981TX4,8X50;
1139;A2;DIN 7981 TX;A2 DIN 7981  Tapping screws pan head with TX;4,8X60;27981TX4,8X60;
1139;A2;DIN 7981 TX;A2 DIN 7981  Tapping screws pan head with TX;4,8x70;27981TX4,8X70;
1139;A2;DIN 7981 TX;A2 DIN 7981  Tapping screws pan head with TX;4,8X80;27981TX4,8X80;
1139;A2;DIN 7981 TX;A2 DIN 7981  Tapping screws pan head with TX;5,5X13;27981TX5,5X13;
1139;A2;DIN 7981 TX;A2 DIN 7981  Tapping screws pan head with TX;5,5X16;27981TX5,5X16;
1139;A2;DIN 7981 TX;A2 DIN 7981  Tapping screws pan head with TX;5,5X19;27981TX5,5X19;
1139;A2;DIN 7981 TX;A2 DIN 7981  Tapping screws pan head with TX;5,5X22;27981TX5,5X22;
1139;A2;DIN 7981 TX;A2 DIN 7981  Tapping screws pan head with TX;5,5X25;27981TX5,5X25;
1139;A2;DIN 7981 TX;A2 DIN 7981  Tapping screws pan head with TX;5,5X32;27981TX5,5X32;
1139;A2;DIN 7981 TX;A2 DIN 7981  Tapping screws pan head with TX;5,5X38;27981TX5,5X38;
1139;A2;DIN 7981 TX;A2 DIN 7981  Tapping screws pan head with TX;5,5X45;27981TX5,5X45;
1139;A2;DIN 7981 TX;A2 DIN 7981  Tapping screws pan head with TX;5,5X50;27981TX5,5X50;
1139;A2;DIN 7981 TX;A2 DIN 7981  Tapping screws pan head with TX;5,5x60;27981TX5,5X60;
1139;A2;DIN 7981 TX;A2 DIN 7981  Tapping screws pan head with TX;5,5x70;27981TX5,5X70;
1139;A2;DIN 7981 TX;A2 DIN 7981  Tapping screws pan head with TX;5,5X80;27981TX5,5X80;
1139;A2;DIN 7981 TX;A2 DIN 7981  Tapping screws pan head with TX;6,3X13;27981TX6,3X13;
1139;A2;DIN 7981 TX;A2 DIN 7981  Tapping screws pan head with TX;6,3X16;27981TX6,3X16;
1139;A2;DIN 7981 TX;A2 DIN 7981  Tapping screws pan head with TX;6,3X19;27981TX6,3X19;
1139;A2;DIN 7981 TX;A2 DIN 7981  Tapping screws pan head with TX;6,3X22;27981TX6,3X22;
1139;A2;DIN 7981 TX;A2 DIN 7981  Tapping screws pan head with TX;6,3X25;27981TX6,3X25;
1139;A2;DIN 7981 TX;A2 DIN 7981  Tapping screws pan head with TX;6,3X32;27981TX6,3X32;
1139;A2;DIN 7981 TX;A2 DIN 7981  Tapping screws pan head with TX;6,3X38;27981TX6,3X38;
1139;A2;DIN 7981 TX;A2 DIN 7981  Tapping screws pan head with TX;6,3X45;27981TX6,3X45;
1139;A2;DIN 7981 TX;A2 DIN 7981  Tapping screws pan head with TX;6,3X50;27981TX6,3X50;
1139;A2;DIN 7981 TX;A2 DIN 7981  Tapping screws pan head with TX;6,3X60;27981TX6,3X60;
1139;A2;DIN 7981 TX;A2 DIN 7981  Tapping screws pan head with TX;6,3X70;27981TX6,3X70;
1139;A2;DIN 7981 TX;A2 DIN 7981  Tapping screws pan head with TX;6,3X100;27981TX6,3X100;
1139;A2;DIN 7982 TX;A2 DIN 7982  Tapping screws countersunk with TX;2,2x6,5;27982TX2,2X6,5;
1139;A2;DIN 7982 TX;A2 DIN 7982  Tapping screws countersunk with TX;2,2X9,5;27982TX2,2X9,5;
1139;A2;DIN 7982 TX;A2 DIN 7982  Tapping screws countersunk with TX;2,2X13;27982TX2,2X13;
1139;A2;DIN 7982 TX;A2 DIN 7982  Tapping screws countersunk with TX;2,2X16;27982TX2,2X16;
1139;A2;DIN 7982 TX;A2 DIN 7982  Tapping screws countersunk with TX;2,2X19;27982TX2,2X19;
1139;A2;DIN 7982 TX;A2 DIN 7982  Tapping screws countersunk with TX;2,9x6,5;27982TX2,9X6,5;
1139;A2;DIN 7982 TX;A2 DIN 7982  Tapping screws countersunk with TX;2,9X9,5;27982TX2,9X9,5;
1139;A2;DIN 7982 TX;A2 DIN 7982  Tapping screws countersunk with TX;2,9X13;27982TX2,9X13;
1139;A2;DIN 7982 TX;A2 DIN 7982  Tapping screws countersunk with TX;2,9X16;27982TX2,9X16;
1139;A2;DIN 7982 TX;A2 DIN 7982  Tapping screws countersunk with TX;2,9X19;27982TX2,9X19;
1139;A2;DIN 7982 TX;A2 DIN 7982  Tapping screws countersunk with TX;2,9X22;27982TX2,9X22;
1139;A2;DIN 7982 TX;A2 DIN 7982  Tapping screws countersunk with TX;2,9X25;27982TX2,9X25;
1139;A2;DIN 7982 TX;A2 DIN 7982  Tapping screws countersunk with TX;3,5x9,5;27982TX3,5X9,5;
1139;A2;DIN 7982 TX;A2 DIN 7982  Tapping screws countersunk with TX;3,5X13;27982TX3,5X13;
1139;A2;DIN 7982 TX;A2 DIN 7982  Tapping screws countersunk with TX;3,5X16;27982TX3,5X16;
1139;A2;DIN 7982 TX;A2 DIN 7982  Tapping screws countersunk with TX;3,5X19;27982TX3,5X19;
1139;A2;DIN 7982 TX;A2 DIN 7982  Tapping screws countersunk with TX;3,5X22;27982TX3,5X22;
1139;A2;DIN 7982 TX;A2 DIN 7982  Tapping screws countersunk with TX;3,5X25;27982TX3,5X25;
1139;A2;DIN 7982 TX;A2 DIN 7982  Tapping screws countersunk with TX;3,5X32;27982TX3,5X32;
1139;A2;DIN 7982 TX;A2 DIN 7982  Tapping screws countersunk with TX;3,5X38;27982TX3,5X38;
1139;A2;DIN 7982 TX;A2 DIN 7982  Tapping screws countersunk with TX;3,5X45;27982TX3,5X45;
1139;A2;DIN 7982 TX;A2 DIN 7982  Tapping screws countersunk with TX;3,5X50;27982TX3,5X50;
1139;A2;DIN 7982 TX;A2 DIN 7982  Tapping screws countersunk with TX;3,9X9,5;27982TX3,9X9,5;
1139;A2;DIN 7982 TX;A2 DIN 7982  Tapping screws countersunk with TX;3,9X13;27982TX3,9X13;
1139;A2;DIN 7982 TX;A2 DIN 7982  Tapping screws countersunk with TX;3,9X16;27982TX3,9X16;
1139;A2;DIN 7982 TX;A2 DIN 7982  Tapping screws countersunk with TX;3,9X19;27982TX3,9X19;
1139;A2;DIN 7982 TX;A2 DIN 7982  Tapping screws countersunk with TX;3,9X22;27982TX3,9X22;
1139;A2;DIN 7982 TX;A2 DIN 7982  Tapping screws countersunk with TX;3,9X25;27982TX3,9X25;
1139;A2;DIN 7982 TX;A2 DIN 7982  Tapping screws countersunk with TX;3,9X32;27982TX3,9X32;
1139;A2;DIN 7982 TX;A2 DIN 7982  Tapping screws countersunk with TX;3,9X38;27982TX3,9X38;
1139;A2;DIN 7982 TX;A2 DIN 7982  Tapping screws countersunk with TX;3,9X45;27982TX3,9X45;
1139;A2;DIN 7982 TX;A2 DIN 7982  Tapping screws countersunk with TX;3,9x50;27982TX3,9X50;
1139;A2;DIN 7982 TX;A2 DIN 7982  Tapping screws countersunk with TX;4,2X13;27982TX4,2X13;
1139;A2;DIN 7982 TX;A2 DIN 7982  Tapping screws countersunk with TX;4,2X16;27982TX4,2X16;
1139;A2;DIN 7982 TX;A2 DIN 7982  Tapping screws countersunk with TX;4,2X19;27982TX4,2X19;
1139;A2;DIN 7982 TX;A2 DIN 7982  Tapping screws countersunk with TX;4,2x22;27982TX4,2X22;
1139;A2;DIN 7982 TX;A2 DIN 7982  Tapping screws countersunk with TX;4,2X25;27982TX4,2X25;
1139;A2;DIN 7982 TX;A2 DIN 7982  Tapping screws countersunk with TX;4,2x32;27982TX4,2X32;
1139;A2;DIN 7982 TX;A2 DIN 7982  Tapping screws countersunk with TX;4,2x38;27982TX4,2X38;
1139;A2;DIN 7982 TX;A2 DIN 7982  Tapping screws countersunk with TX;4,2X45;27982TX4,2X45;
1139;A2;DIN 7982 TX;A2 DIN 7982  Tapping screws countersunk with TX;4,2X50;27982TX4,2X50;
1139;A2;DIN 7982 TX;A2 DIN 7982  Tapping screws countersunk with TX;4,8X13;27982TX4,8X13;
1139;A2;DIN 7982 TX;A2 DIN 7982  Tapping screws countersunk with TX;4,8X16;27982TX4,8X16;
1139;A2;DIN 7982 TX;A2 DIN 7982  Tapping screws countersunk with TX;4,8X19;27982TX4,8X19;
1139;A2;DIN 7982 TX;A2 DIN 7982  Tapping screws countersunk with TX;4,8X22;27982TX4,8X22;
1139;A2;DIN 7982 TX;A2 DIN 7982  Tapping screws countersunk with TX;4,8X25;27982TX4,8X25;
1139;A2;DIN 7982 TX;A2 DIN 7982  Tapping screws countersunk with TX;4,8X32;27982TX4,8X32;
1139;A2;DIN 7982 TX;A2 DIN 7982  Tapping screws countersunk with TX;4,8X38;27982TX4,8X38;
1139;A2;DIN 7982 TX;A2 DIN 7982  Tapping screws countersunk with TX;4,8X45;27982TX4,8X45;
1139;A2;DIN 7982 TX;A2 DIN 7982  Tapping screws countersunk with TX;4,8X50;27982TX4,8X50;
1139;A2;DIN 7982 TX;A2 DIN 7982  Tapping screws countersunk with TX;4,8X60;27982TX4,8X60;
1139;A2;DIN 7982 TX;A2 DIN 7982  Tapping screws countersunk with TX;5,5X16;27982TX5,5X16;
1139;A2;DIN 7982 TX;A2 DIN 7982  Tapping screws countersunk with TX;5,5X19;27982TX5,5X19;
1139;A2;DIN 7982 TX;A2 DIN 7982  Tapping screws countersunk with TX;5,5X22;27982TX5,5X22;
1139;A2;DIN 7982 TX;A2 DIN 7982  Tapping screws countersunk with TX;5,5X25;27982TX5,5X25;
1139;A2;DIN 7982 TX;A2 DIN 7982  Tapping screws countersunk with TX;5,5X32;27982TX5,5X32;
1139;A2;DIN 7982 TX;A2 DIN 7982  Tapping screws countersunk with TX;5,5X38;27982TX5,5X38;
1139;A2;DIN 7982 TX;A2 DIN 7982  Tapping screws countersunk with TX;5,5X45;27982TX5,5X45;
1139;A2;DIN 7982 TX;A2 DIN 7982  Tapping screws countersunk with TX;5,5X50;27982TX5,5X50;
1139;A2;DIN 7982 TX;A2 DIN 7982  Tapping screws countersunk with TX;5,5x60;27982TX5,5X60;
1139;A2;DIN 7982 TX;A2 DIN 7982  Tapping screws countersunk with TX;5,5x70;27982TX5,5X70;
1139;A2;DIN 7982 TX;A2 DIN 7982  Tapping screws countersunk with TX;5,5x80;27982TX5,5X80;
1139;A2;DIN 7982 TX;A2 DIN 7982  Tapping screws countersunk with TX;6,3x16;27982TX6,3X16;
1139;A2;DIN 7982 TX;A2 DIN 7982  Tapping screws countersunk with TX;6,3x19;27982TX6,3X19;
1139;A2;DIN 7982 TX;A2 DIN 7982  Tapping screws countersunk with TX;6,3x25;27982TX6,3X25;
1139;A2;DIN 7982 TX;A2 DIN 7982  Tapping screws countersunk with TX;6,3x32;27982TX6,3X32;
1139;A2;DIN 7982 TX;A2 DIN 7982  Tapping screws countersunk with TX;6,3x38;27982TX6,3X38;
1139;A2;DIN 7982 TX;A2 DIN 7982  Tapping screws countersunk with TX;6,3x45;27982TX6,3X45;
1139;A2;DIN 7982 TX;A2 DIN 7982  Tapping screws countersunk with TX;6,3x50;27982TX6,3X50;
1139;A2;DIN 7982 TX;A2 DIN 7982  Tapping screws countersunk with TX;6,3X60;27982TX6,3X60;
1139;A2;DIN 7982 TX;A2 DIN 7982  Tapping screws countersunk with TX;6,3x70;27982TX6,3X70;
1139;A2;DIN 7982 TX;A2 DIN 7982  Tapping screws countersunk with TX;6,3X80;27982TX6,3X80;
1139;A2;DIN 7985 TX;A2 DIN 7985  Pan head screws with TX;2X3;27985TX2X3;
1139;A2;DIN 7985 TX;A2 DIN 7985  Pan head screws with TX;2X4;27985TX2X4;
1139;A2;DIN 7985 TX;A2 DIN 7985  Pan head screws with TX;2X5;27985TX2X5;
1139;A2;DIN 7985 TX;A2 DIN 7985  Pan head screws with TX;2X6;27985TX2X6;
1139;A2;DIN 7985 TX;A2 DIN 7985  Pan head screws with TX;2X8;27985TX2X8;
1139;A2;DIN 7985 TX;A2 DIN 7985  Pan head screws with TX;2X10;27985TX2X10;
1139;A2;DIN 7985 TX;A2 DIN 7985  Pan head screws with TX;2X12;27985TX2X12;
1139;A2;DIN 7985 TX;A2 DIN 7985  Pan head screws with TX;2X16;27985TX2X16;
1139;A2;DIN 7985 TX;A2 DIN 7985  Pan head screws with TX;2X20;27985TX2X20;
1139;A2;DIN 7985 TX;A2 DIN 7985  Pan head screws with TX;2,5X3;27985TX2,5X3;
1139;A2;DIN 7985 TX;A2 DIN 7985  Pan head screws with TX;2,5X4;27985TX2,5X4;
1139;A2;DIN 7985 TX;A2 DIN 7985  Pan head screws with TX;2,5X5;27985TX2,5X5;
1139;A2;DIN 7985 TX;A2 DIN 7985  Pan head screws with TX;2,5X6;27985TX2,5X6;
1139;A2;DIN 7985 TX;A2 DIN 7985  Pan head screws with TX;2,5X8;27985TX2,5X8;
1139;A2;DIN 7985 TX;A2 DIN 7985  Pan head screws with TX;2,5X10;27985TX2,5X10;
1139;A2;DIN 7985 TX;A2 DIN 7985  Pan head screws with TX;2,5X12;27985TX2,5X12;
1139;A2;DIN 7985 TX;A2 DIN 7985  Pan head screws with TX;2,5X14;27985TX2,5X14;
1139;A2;DIN 7985 TX;A2 DIN 7985  Pan head screws with TX;2,5X16;27985TX2,5X16;
1139;A2;DIN 7985 TX;A2 DIN 7985  Pan head screws with TX;2,5X20;27985TX2,5X20;
1139;A2;DIN 7985 TX;A2 DIN 7985  Pan head screws with TX;3X4;27985TX3X4;
1139;A2;DIN 7985 TX;A2 DIN 7985  Pan head screws with TX;3X5;27985TX3X5;
1139;A2;DIN 7985 TX;A2 DIN 7985  Pan head screws with TX;3X6;27985TX3X6;
1139;A2;DIN 7985 TX;A2 DIN 7985  Pan head screws with TX;3X8;27985TX3X8;
1139;A2;DIN 7985 TX;A2 DIN 7985  Pan head screws with TX;3X10;27985TX3X10;
1139;A2;DIN 7985 TX;A2 DIN 7985  Pan head screws with TX;3X12;27985TX3X12;
1139;A2;DIN 7985 TX;A2 DIN 7985  Pan head screws with TX;3X16;27985TX3X16;
1139;A2;DIN 7985 TX;A2 DIN 7985  Pan head screws with TX;3X20;27985TX3X20;
1139;A2;DIN 7985 TX;A2 DIN 7985  Pan head screws with TX;3X25;27985TX3X25;
1139;A2;DIN 7985 TX;A2 DIN 7985  Pan head screws with TX;3X30;27985TX3X30;
1139;A2;DIN 7985 TX;A2 DIN 7985  Pan head screws with TX;4X5;27985TX4X5;
1139;A2;DIN 7985 TX;A2 DIN 7985  Pan head screws with TX;4X6;27985TX4X6;
1139;A2;DIN 7985 TX;A2 DIN 7985  Pan head screws with TX;4X8;27985TX4X8;
1139;A2;DIN 7985 TX;A2 DIN 7985  Pan head screws with TX;4X10;27985TX4X10;
1139;A2;DIN 7985 TX;A2 DIN 7985  Pan head screws with TX;4X12;27985TX4X12;
1139;A2;DIN 7985 TX;A2 DIN 7985  Pan head screws with TX;4X16;27985TX4X16;
1139;A2;DIN 7985 TX;A2 DIN 7985  Pan head screws with TX;4X20;27985TX4X20;
1139;A2;DIN 7985 TX;A2 DIN 7985  Pan head screws with TX;4X25;27985TX4X25;
1139;A2;DIN 7985 TX;A2 DIN 7985  Pan head screws with TX;4X30;27985TX4X30;
1139;A2;DIN 7985 TX;A2 DIN 7985  Pan head screws with TX;4X35;27985TX4X35;
1139;A2;DIN 7985 TX;A2 DIN 7985  Pan head screws with TX;4X40;27985TX4X40;
1139;A2;DIN 7985 TX;A2 DIN 7985  Pan head screws with TX;4X45;27985TX4X45;
1139;A2;DIN 7985 TX;A2 DIN 7985  Pan head screws with TX;4X50;27985TX4X50;
1139;A2;DIN 7985 TX;A2 DIN 7985  Pan head screws with TX;5x6;27985TX5X6;
1139;A2;DIN 7985 TX;A2 DIN 7985  Pan head screws with TX;5X8;27985TX5X8;
1139;A2;DIN 7985 TX;A2 DIN 7985  Pan head screws with TX;5X10;27985TX5X10;
1139;A2;DIN 7985 TX;A2 DIN 7985  Pan head screws with TX;5X12;27985TX5X12;
1139;A2;DIN 7985 TX;A2 DIN 7985  Pan head screws with TX;5X14;27985TX5X14;
1139;A2;DIN 7985 TX;A2 DIN 7985  Pan head screws with TX;5X16;27985TX5X16;
1139;A2;DIN 7985 TX;A2 DIN 7985  Pan head screws with TX;5X20;27985TX5X20;
1139;A2;DIN 7985 TX;A2 DIN 7985  Pan head screws with TX;5X25;27985TX5X25;
1139;A2;DIN 7985 TX;A2 DIN 7985  Pan head screws with TX;5X30;27985TX5X30;
1139;A2;DIN 7985 TX;A2 DIN 7985  Pan head screws with TX;5X35;27985TX5X35;
1139;A2;DIN 7985 TX;A2 DIN 7985  Pan head screws with TX;5X40;27985TX5X40;
1139;A2;DIN 7985 TX;A2 DIN 7985  Pan head screws with TX;5x45;27985TX5X45;
1139;A2;DIN 7985 TX;A2 DIN 7985  Pan head screws with TX;5X50;27985TX5X50;
1139;A2;DIN 7985 TX;A2 DIN 7985  Pan head screws with TX;6x8;27985TX6X8;
1139;A2;DIN 7985 TX;A2 DIN 7985  Pan head screws with TX;6X10;27985TX6X10;
1139;A2;DIN 7985 TX;A2 DIN 7985  Pan head screws with TX;6X12;27985TX6X12;
1139;A2;DIN 7985 TX;A2 DIN 7985  Pan head screws with TX;6X14;27985TX6X14;
1139;A2;DIN 7985 TX;A2 DIN 7985  Pan head screws with TX;6X16;27985TX6X16;
1139;A2;DIN 7985 TX;A2 DIN 7985  Pan head screws with TX;6X20;27985TX6X20;
1139;A2;DIN 7985 TX;A2 DIN 7985  Pan head screws with TX;6X25;27985TX6X25;
1139;A2;DIN 7985 TX;A2 DIN 7985  Pan head screws with TX;6X30;27985TX6X30;
1139;A2;DIN 7985 TX;A2 DIN 7985  Pan head screws with TX;6X35;27985TX6X35;
1139;A2;DIN 7985 TX;A2 DIN 7985  Pan head screws with TX;6X40;27985TX6X40;
1139;A2;DIN 7985 TX;A2 DIN 7985  Pan head screws with TX;6X45;27985TX6X45;
1139;A2;DIN 7985 TX;A2 DIN 7985  Pan head screws with TX;6X50;27985TX6X50;
1139;A2;DIN 7985 TX;A2 DIN 7985  Pan head screws with TX;8X10;27985TX8X10;
1139;A2;DIN 7985 TX;A2 DIN 7985  Pan head screws with TX;8X12;27985TX8X12;
1139;A2;DIN 7985 TX;A2 DIN 7985  Pan head screws with TX;8x16;27985TX8X16;
1139;A2;DIN 7985 TX;A2 DIN 7985  Pan head screws with TX;8X20;27985TX8X20;
1139;A2;DIN 7985 TX;A2 DIN 7985  Pan head screws with TX;8X25;27985TX8X25;
1139;A2;DIN 7985 TX;A2 DIN 7985  Pan head screws with TX;8X30;27985TX8X30;
1139;A2;DIN 7985 TX;A2 DIN 7985  Pan head screws with TX;8X35;27985TX8X35;
1139;A2;DIN 7985 TX;A2 DIN 7985  Pan head screws with TX;8X50;27985TX8X50;
1139;A2;DIN 7985 TX;A2 DIN 7985  Pan head screws with TX;8X60;27985TX8X60;
1139;A4;DIN 94;A4 DIN 94  Split pins;1,6X6;400941,6X6;
1139;A4;DIN 94;A4 DIN 94  Split pins;2X8;400942X8;
1139;A4;DIN 94;A4 DIN 94  Split pins;2X50;400942X50;
1139;A4;DIN 94;A4 DIN 94  Split pins;3,2X12;400943,2X12;
1139;A4;DIN 94;A4 DIN 94  Split pins;4X100;400944X100;
1139;A4;DIN 94;A4 DIN 94  Split pins;5X20;400945X20;
1139;A4;DIN 94;A4 DIN 94  Split pins;10X63;4009410X63;
1139;AISI 420;DIN 6799;AISI 420 S/S DIN 6799  Retaining washers for shafts;1,2;267991,2;
1139;AISI 420;DIN 6799;AISI 420 S/S DIN 6799  Retaining washers for shafts;1,5;267991,5;
1139;AISI 420;DIN 6799;AISI 420 S/S DIN 6799  Retaining washers for shafts;1,9;267991,9;
1139;AISI 420;DIN 6799;AISI 420 S/S DIN 6799  Retaining washers for shafts;2,3;267992,3;
1139;AISI 420;DIN 6799;AISI 420 S/S DIN 6799  Retaining washers for shafts;3,2;267993,2;
1139;AISI 420;DIN 6799;AISI 420 S/S DIN 6799  Retaining washers for shafts;4;267994;
1139;AISI 420;DIN 6799;AISI 420 S/S DIN 6799  Retaining washers for shafts;5;267995;
1139;AISI 420;DIN 6799;AISI 420 S/S DIN 6799  Retaining washers for shafts;6;267996;
1139;AISI 420;DIN 6799;AISI 420 S/S DIN 6799  Retaining washers for shafts;7;267997;
1139;AISI 420;DIN 6799;AISI 420 S/S DIN 6799  Retaining washers for shafts;8;267998;
1139;AISI 420;DIN 6799;AISI 420 S/S DIN 6799  Retaining washers for shafts;9;267999;
1139;AISI 420;DIN 6799;AISI 420 S/S DIN 6799  Retaining washers for shafts;10;2679910;
1139;AISI 420;DIN 6799;AISI 420 S/S DIN 6799  Retaining washers for shafts;12;2679912;
1139;AISI 420;DIN 6799;AISI 420 S/S DIN 6799  Retaining washers for shafts;15;2679915;
1139;AISI 420;DIN 6799;AISI 420 S/S DIN 6799  Retaining washers for shafts;19;2679919;
1139;AISI 304;ART. 999;AISI 304 ART. 999  Shear nuts;6 key 10;209996X10;
1139;AISI 304;ART. 999;AISI 304 ART. 999  Shear nuts;8 key 13;209998X13;
1139;AISI 304;ART. 999;AISI 304 ART. 999  Shear nuts;8 key 17;209998X17;
1139;AISI 304;ART. 999;AISI 304 ART. 999  Shear nuts;10 key 17;2099910X17;
1139;AISI 304;ART. 999;AISI 304 ART. 999  Shear nuts;10 key 19;2099910X19;
1139;AISI 304;ART. 999;AISI 304 ART. 999  Shear nuts;12 key 19;2099912X19;
1139;AISI 304;ART. 999;AISI 304 ART. 999  Shear nuts;16 key 24;2099916X24;
1139;A4;SIM. DIN 980;A4 sim. DIN 980  Prev.torque sim. DIN 980 basis DIN 934;3;409803;
1139;A4;SIM. DIN 980;A4 sim. DIN 980  Prev.torque sim. DIN 980 basis DIN 934;4;409804;
1139;A4;SIM. DIN 980;A4 sim. DIN 980  Prev.torque sim. DIN 980 basis DIN 934;5;409805;
1139;A4;SIM. DIN 980;A4 sim. DIN 980  Prev.torque sim. DIN 980 basis DIN 934;6;409806;
1139;A4;SIM. DIN 980;A4 sim. DIN 980  Prev.torque sim. DIN 980 basis DIN 934;8;409808;
1139;A4;SIM. DIN 980;A4 sim. DIN 980  Prev.torque sim. DIN 980 basis DIN 934;10;4098010;
1139;A4;SIM. DIN 980;A4 sim. DIN 980  Prev.torque sim. DIN 980 basis DIN 934;12;4098012;
1139;A4;SIM. DIN 980;A4 sim. DIN 980  Prev.torque sim. DIN 980 basis DIN 934;14;4098014;
1139;A4;SIM. DIN 980;A4 sim. DIN 980  Prev.torque sim. DIN 980 basis DIN 934;16;4098016;
1139;A4;SIM. DIN 980;A4 sim. DIN 980  Prev.torque sim. DIN 980 basis DIN 934;20;4098020;
1139;A2;UNI 5587;A2 UNI 5587  Hexagon heavy nuts;2,5;255872,5;
1139;A2;UNI 5587;A2 UNI 5587  Hexagon heavy nuts;3;255873;
1139;A2;UNI 5587;A2 UNI 5587  Hexagon heavy nuts;4;255874;
1139;A2;UNI 5587;A2 UNI 5587  Hexagon heavy nuts;5;255875;
1139;A2;UNI 5587;A2 UNI 5587  Hexagon heavy nuts;6;255876;
1139;A2;UNI 5587;A2 UNI 5587  Hexagon heavy nuts;8;255878;
1139;A2;UNI 5587;A2 UNI 5587  Hexagon heavy nuts;10;2558710;
1139;A2;UNI 5587;A2 UNI 5587  Hexagon heavy nuts;12;2558712;
1139;A2;UNI 5587;A2 UNI 5587  Hexagon heavy nuts;14;2558714;
1139;A2;UNI 5587;A2 UNI 5587  Hexagon heavy nuts;16;2558716;
1139;A2;UNI 5587;A2 UNI 5587  Hexagon heavy nuts;18;2558718;
1139;A2;UNI 5587;A2 UNI 5587  Hexagon heavy nuts;20;2558720;
1139;A2;UNI 5587;A2 UNI 5587  Hexagon heavy nuts;22;2558722;
1139;A2;UNI 5587;A2 UNI 5587  Hexagon heavy nuts;24;2558724;
1139;A2;UNI 5587;A2 UNI 5587  Hexagon heavy nuts;27;2558727;
1139;A2;UNI 5587;A2 UNI 5587  Hexagon heavy nuts;30;2558730;
1139;A2;UNI 5587;A2 UNI 5587  Hexagon heavy nuts;33;2558733;
1139;A2;UNI 5587;A2 UNI 5587  Hexagon heavy nuts;36;2558736;
1139;A2;UNI 5587;A2 UNI 5587  Hexagon heavy nuts;39;2558739;
1139;A2;UNI 5587;A2 UNI 5587  Hexagon heavy nuts;42;2558742;
1139;A2;UNI 5587;A2 UNI 5587  Hexagon heavy nuts;45;2558745;
1139;A2;UNI 5587;A2 UNI 5587  Hexagon heavy nuts;48;2558748;
1139;A2;UNI 5587;A2 UNI 5587  Hexagon heavy nuts;52;2558752;
1139;A2;DIN 934;A2 DIN 934  Hexagon full nuts;56;2093456;
1139;A4;Penny Washer ART. 6593;A4 ART. 6593  Penny washers 3 tires diameter;10X30X2;4659310X30;
1139;A4;Penny Washer ART. 6593;A4 ART. 6593  Penny washers 3 tires diameter;12X36X2;4659312X36;
1139;A4;Penny Washer ART. 6593;A4 ART. 6593  Penny washers 3 tires diameter;14X42X2,5;4659314X42;
1139;A4;Penny Washer ART. 6593;A4 ART. 6593  Penny washers 3 tires diameter;16X48X2,5;4659316X48;
1139;A4;Penny Washer ART. 6593;A4 ART. 6593  Penny washers 3 tires diameter;18X54X3;4659318X54;
1139;A4;Penny Washer ART. 6593;A4 ART. 6593  Penny washers 3 tires diameter;20X60X3;4659320X60;
1139;A1;DIN 7980;1.4310 DIN 7980  Spring lock washers;3;279803;
1139;A1;DIN 7980;1.4310 DIN 7980  Spring lock washers;4;279804;
1139;A1;DIN 7980;1.4310 DIN 7980  Spring lock washers;5;279805;
1139;A1;DIN 7980;1.4310 DIN 7980  Spring lock washers;6;279806;
1139;A1;DIN 7980;1.4310 DIN 7980  Spring lock washers;8;279808;
1139;A1;DIN 7980;1.4310 DIN 7980  Spring lock washers;10;2798010;
1139;A1;DIN 7980;1.4310 DIN 7980  Spring lock washers;12;2798012;
1139;A1;DIN 7980;1.4310 DIN 7980  Spring lock washers;14;2798014;
1139;A1;DIN 7980;1.4310 DIN 7980  Spring lock washers;16;2798016;
1139;A1;DIN 7980;1.4310 DIN 7980  Spring lock washers;18;2798018;
1139;A1;DIN 7980;1.4310 DIN 7980  Spring lock washers;20;2798020;
1139;A1;DIN 7980;1.4310 DIN 7980  Spring lock washers;22;2798022;
1139;A1;DIN 7980;1.4310 DIN 7980  Spring lock washers;24;2798024;
1139;A1;DIN 7980;1.4310 DIN 7980  Spring lock washers;27;2798027;
1139;A1;DIN 7980;1.4310 DIN 7980  Spring lock washers;30;2798030;
1139;A1;DIN 1;1.4305 DIN 1  Taper pins;2X10;200012X10;
1139;A1;DIN 1;1.4305 DIN 1  Taper pins;2X12;200012X12;
1139;A1;DIN 1;1.4305 DIN 1  Taper pins;2X14;200012X14;
1139;A1;DIN 1;1.4305 DIN 1  Taper pins;3X12;200013X12;
1139;A1;DIN 1;1.4305 DIN 1  Taper pins;3X32;200013X32;
1139;A1;DIN 1;1.4305 DIN 1  Taper pins;3X40;200013X40;
1139;A1;DIN 1;1.4305 DIN 1  Taper pins;4X18;200014X18;
1139;A1;DIN 1;1.4305 DIN 1  Taper pins;6X32;200016X32;
1139;A1;DIN 1;1.4305 DIN 1  Taper pins;6X45;200016X45;
1139;A1;DIN 1;1.4305 DIN 1  Taper pins;6X90;200016X90;
1139;A1;DIN 1;1.4305 DIN 1  Taper pins;6X100;200016X100;
1139;A1;DIN 1;1.4305 DIN 1  Taper pins;8X28;200018X28;
1139;A1;DIN 1;1.4305 DIN 1  Taper pins;8X32;200018X32;
1139;A1;DIN 1;1.4305 DIN 1  Taper pins;8X70;200018X70;
1139;A1;DIN 1;1.4305 DIN 1  Taper pins;8X80;200018X80;
1139;A1;DIN 7;1.4305 DIN 7  Parallel pins m6;1,5X24;200071,5X24;
1139;A1;DIN 7;1.4305 DIN 7  Parallel pins m6;5X70;200075X70;
1139;A1;DIN 7;1.4305 DIN 7  Parallel pins m6;6X100;200076X100;
1139;A1;DIN 7;1.4305 DIN 7  Parallel pins m6;8X100;200078X100;
1139;A1;DIN 7;1.4305 DIN 7  Parallel pins m6;10X25;2000710X25;
1139;A1;DIN 7;1.4305 DIN 7  Parallel pins m6;12X10;2000712X10;
1139;A1;DIN 7;1.4305 DIN 7  Parallel pins m6;12X12;2000712X12;
1139;A1;DIN 7;1.4305 DIN 7  Parallel pins m6;12X14;2000712X14;
1139;A1;DIN 7;1.4305 DIN 7  Parallel pins m6;20x24;2000720X24;
1139;A1;DIN 7;1.4305 DIN 7  Parallel pins m6;20X40;2000720X40;
1139;A1;DIN 7;1.4305 DIN 7  Parallel pins m6;20X45;2000720X45;
1139;A1;DIN 7;1.4305 DIN 7  Parallel pins m6;20X80;2000720X80;
1139;A1;DIN 7;1.4305 DIN 7  Parallel pins m6;20X90;2000720X90;
1139;A2;DIN 6921;A2 DIN 6921  Hexagon bolt with flange full thread;5X14;269215X14;
1139;A2;DIN 6921;A2 DIN 6921  Hexagon bolt with flange full thread;6X14;269216X14;
1139;A2;DIN 6921;A2 DIN 6921  Hexagon bolt with flange full thread;8X10;269218X10;
1139;A2;DIN 439 LH;A2 DIN 439  Hexagon thin nuts left hand type B;6;20439LH6;
1139;A2;DIN 439 LH;A2 DIN 439  Hexagon thin nuts left hand type B;8;20439LH8;
1139;A2;DIN 439 LH;A2 DIN 439  Hexagon thin nuts left hand type B;10;20439LH10;
1139;A2;DIN 439 LH;A2 DIN 439  Hexagon thin nuts left hand type B;12;20439LH12;
1139;A2;DIN 439 LH;A2 DIN 439  Hexagon thin nuts left hand type B;14;20439LH14;
1139;A2;DIN 439 LH;A2 DIN 439  Hexagon thin nuts left hand type B;16;20439LH16;
1139;A2;DIN 439 LH;A2 DIN 439  Hexagon thin nuts left hand type B;20;20439LH20;
1139;A2;DIN 439 LH;A2 DIN 439  Hexagon thin nuts left hand type B;22;20439LH22;
1139;A2;DIN 439 LH;A2 DIN 439  Hexagon thin nuts left hand type B;24;20439LH24;
1139;A2;DIN 934 LH;A2 DIN 934  Hexagon nuts with left hand thread;4;20934LH4;
1139;A2;DIN 934 LH;A2 DIN 934  Hexagon nuts with left hand thread;5;20934LH5;
1139;A2;DIN 934 LH;A2 DIN 934  Hexagon nuts with left hand thread;6;20934LH6;
1139;A2;DIN 934 LH;A2 DIN 934  Hexagon nuts with left hand thread;8;20934LH8;
1139;A2;DIN 934 LH;A2 DIN 934  Hexagon nuts with left hand thread;10;20934LH10;
1139;A2;DIN 934 LH;A2 DIN 934  Hexagon nuts with left hand thread;12;20934LH12;
1139;A2;DIN 934 LH;A2 DIN 934  Hexagon nuts with left hand thread;14;20934LH14;
1139;A2;DIN 934 LH;A2 DIN 934  Hexagon nuts with left hand thread;16;20934LH16;
1139;A2;DIN 934 LH;A2 DIN 934  Hexagon nuts with left hand thread;18;20934LH18;
1139;A2;DIN 934 LH;A2 DIN 934  Hexagon nuts with left hand thread;20;20934LH20;
1139;A2;DIN 934 LH;A2 DIN 934  Hexagon nuts with left hand thread;22;20934LH22;
1139;A2;DIN 934 LH;A2 DIN 934  Hexagon nuts with left hand thread;24;20934LH24;
1139;A2;DIN 934 LH;A2 DIN 934  Hexagon nuts with left hand thread;27;20934LH27;
1139;A2;DIN 934 LH;A2 DIN 934  Hexagon nuts with left hand thread;30;20934LH30;
1139;A4;DIN 444 FORM B;A4 DIN 444 FORM B  Eye bolts type B;6X70;404446X70;
1139;A4;DIN 7980;A4 DIN 7980  Spring lock washers;24;4798024;
1139;A4;DIN 7980;A4 DIN 7980  Spring lock washers;27;4798027;
1139;A4;DIN 439;A4 DIN 439  Hexagon thin nuts type B;56;4043956;
1139;A2;DIN 7981 F;A2 DIN 7981  Pan head w/cross recess H w/dog point F;2,2X6,5;27981F2,2X6,5;
1139;A2;DIN 7981 F;A2 DIN 7981  Pan head w/cross recess H w/dog point F;2,2X9,5;27981F2,2X9,5;
1139;A2;DIN 7981 F;A2 DIN 7981  Pan head w/cross recess H w/dog point F;2,9X22;27981F2,9X22;
1139;A2;DIN 7981 F;A2 DIN 7981  Pan head w/cross recess H w/dog point F;3,5X19;27981F3,5X19;
1139;A2;DIN 7981 F;A2 DIN 7981  Pan head w/cross recess H w/dog point F;3,5X22;27981F3,5X22;
1139;A2;DIN 7981 F;A2 DIN 7981  Pan head w/cross recess H w/dog point F;3,5X25;27981F3,5X25;
1139;A2;DIN 7981 F;A2 DIN 7981  Pan head w/cross recess H w/dog point F;3,9X16;27981F3,9X16;
1139;A2;DIN 7981 F;A2 DIN 7981  Pan head w/cross recess H w/dog point F;3,9X19;27981F3,9X19;
1139;A2;DIN 7981 F;A2 DIN 7981  Pan head w/cross recess H w/dog point F;3,9X22;27981F3,9X22;
1139;A2;DIN 7981 F;A2 DIN 7981  Pan head w/cross recess H w/dog point F;3,9X32;27981F3,9X32;
1139;A2;DIN 7981 F;A2 DIN 7981  Pan head w/cross recess H w/dog point F;4,2X13;27981F4,2X13;
1139;A2;DIN 7981 F;A2 DIN 7981  Pan head w/cross recess H w/dog point F;4,2X16;27981F4,2X16;
1139;A2;DIN 7981 F;A2 DIN 7981  Pan head w/cross recess H w/dog point F;4,2X25;27981F4,2X25;
1139;A2;DIN 7981 F;A2 DIN 7981  Pan head w/cross recess H w/dog point F;4,2X32;27981F4,2X32;
1139;A2;DIN 7981 F;A2 DIN 7981  Pan head w/cross recess H w/dog point F;4,8X13;27981F4,8X13;
1139;A2;DIN 7981 F;A2 DIN 7981  Pan head w/cross recess H w/dog point F;4,8X16;27981F4,8X16;
1139;A2;DIN 7981 F;A2 DIN 7981  Pan head w/cross recess H w/dog point F;4,8X19;27981F4,8X19;
1139;A2;DIN 7981 F;A2 DIN 7981  Pan head w/cross recess H w/dog point F;4,8X22;27981F4,8X22;
1139;A2;DIN 7981 F;A2 DIN 7981  Pan head w/cross recess H w/dog point F;4,8X25;27981F4,8X25;
1139;A2;DIN 7981 F;A2 DIN 7981  Pan head w/cross recess H w/dog point F;4,8X32;27981F4,8X32;
1139;A2;DIN 939;A2 DIN 939  Studs metal end - 1,25xd;5X16;209395X16;
1139;A2;DIN 939;A2 DIN 939  Studs metal end - 1,25xd;5X20;209395X20;
1139;A2;DIN 939;A2 DIN 939  Studs metal end - 1,25xd;5X25;209395X25;
1139;A2;DIN 939;A2 DIN 939  Studs metal end - 1,25xd;5X30;209395X30;
1139;A2;DIN 939;A2 DIN 939  Studs metal end - 1,25xd;6X45;209396X45;
1139;A2;DIN 939;A2 DIN 939  Studs metal end - 1,25xd;6X50;209396X50;
1139;A2;DIN 939;A2 DIN 939  Studs metal end - 1,25xd;6X60;209396X60;
1139;A2;DIN 939;A2 DIN 939  Studs metal end - 1,25xd;6X70;209396X70;
1139;A2;DIN 939;A2 DIN 939  Studs metal end - 1,25xd;6X80;209396X80;
1139;A2;DIN 939;A2 DIN 939  Studs metal end - 1,25xd;8X65;209398X65;
1139;A2;DIN 939;A2 DIN 939  Studs metal end - 1,25xd;8X70;209398X70;
1139;A2;DIN 939;A2 DIN 939  Studs metal end - 1,25xd;8X75;209398X75;
1139;A2;DIN 939;A2 DIN 939  Studs metal end - 1,25xd;8X80;209398X80;
1139;A2;DIN 939;A2 DIN 939  Studs metal end - 1,25xd;8X90;209398X90;
1139;A2;DIN 939;A2 DIN 939  Studs metal end - 1,25xd;10X65;2093910X65;
1139;A2;DIN 939;A2 DIN 939  Studs metal end - 1,25xd;10X75;2093910X75;
1139;A2;DIN 939;A2 DIN 939  Studs metal end - 1,25xd;10X80;2093910X80;
1139;A2;DIN 939;A2 DIN 939  Studs metal end - 1,25xd;10X90;2093910X90;
1139;A2;DIN 939;A2 DIN 939  Studs metal end - 1,25xd;10X100;2093910X100;
1139;A2;DIN 939;A2 DIN 939  Studs metal end - 1,25xd;10X110;2093910X110;
1139;A2;DIN 939;A2 DIN 939  Studs metal end - 1,25xd;10X120;2093910X120;
1139;A2;DIN 939;A2 DIN 939  Studs metal end - 1,25xd;12X20;2093912X20;
1139;A2;DIN 939;A2 DIN 939  Studs metal end - 1,25xd;12X85;2093912X85;
1139;A2;DIN 939;A2 DIN 939  Studs metal end - 1,25xd;12X120;2093912X120;
1139;A2;DIN 939;A2 DIN 939  Studs metal end - 1,25xd;12X150;2093912X150;
1139;A2;DIN 939;A2 DIN 939  Studs metal end - 1,25xd;16X25;2093916X25;
1139;A2;DIN 939;A2 DIN 939  Studs metal end - 1,25xd;16X130;2093916X130;
1139;A2;DIN 939;A2 DIN 939  Studs metal end - 1,25xd;20X40;2093920X40;
1139;A2;DIN 939;A2 DIN 939  Studs metal end - 1,25xd;24X55;2093924X55;
1139;A2;DIN 939;A2 DIN 939  Studs metal end - 1,25xd;24X80;2093924X80;
1139;A2;DIN 7985 Z;A2 DIN 7985  Machine screws pan head POZY;6X25;27985Z6X25;
1139;A2;DIN 7985 Z;A2 DIN 7985  Machine screws pan head POZY;6X40;27985Z6X40;
1139;A2;DIN 7985 Z;A2 DIN 7985  Machine screws pan head POZY;6X50;27985Z6X50;
1139;A4;DIN 6799;A4 DIN 6799  Retaining washers for shafts;1,9;467991,9;
1139;A4;DIN 6799;A4 DIN 6799  Retaining washers for shafts;2,3;467992,3;
1139;A4;DIN 6799;A4 DIN 6799  Retaining washers for shafts;3,2;467993,2;
1139;A4;DIN 6799;A4 DIN 6799  Retaining washers for shafts;4;467994;
1139;A4;DIN 6799;A4 DIN 6799  Retaining washers for shafts;5;467995;
1139;A4;DIN 6799;A4 DIN 6799  Retaining washers for shafts;6;467996;
1139;A4;DIN 6799;A4 DIN 6799  Retaining washers for shafts;7;467997;
1139;A4;DIN 6799;A4 DIN 6799  Retaining washers for shafts;8;467998;
1139;A4;DIN 6799;A4 DIN 6799  Retaining washers for shafts;9;467999;
1139;A4;DIN 6799;A4 DIN 6799  Retaining washers for shafts;10;4679910;
1139;A4;DIN 6799;A4 DIN 6799  Retaining washers for shafts;12;4679912;
1139;A4;DIN 6799;A4 DIN 6799  Retaining washers for shafts;15;4679915;
1139;A2;ISO 4032;A2 ISO 4032  Hex nuts;5 sw 8;240325;
1139;A2;ISO 4032;A2 ISO 4032  Hex nuts;6 sw 10;240326;
1139;A2;ISO 4032;A2 ISO 4032  Hex nuts;8 sw 13;240328;
1139;A2;ISO 4032;A2 ISO 4032  Hex nuts;10 sw 16;2403210;
1139;A2;ISO 4032;A2 ISO 4032  Hex nuts;12 sw 18;2403212;
1139;A2;ISO 4032;A2 ISO 4032  Hex nuts;14 sw 21;2403214;
1139;A2;ISO 4032;A2 ISO 4032  Hex nuts;16 sw 24;2403216;
1139;A2;ISO 4032;A2 ISO 4032  Hex nuts;20 sw 30;2403220;
1139;A2;ISO 4032;A2 ISO 4032  Hex nuts;24 sw 36;2403224;
1139;A2;ISO 10642 TXP;A2 ISO 10642  Countersunk screws full thread TX +Pin;3X6;210642TXP3X6;
1139;A2;ISO 10642 TXP;A2 ISO 10642  Countersunk screws full thread TX +Pin;3X8;210642TXP3X8;
1139;A2;ISO 10642 TXP;A2 ISO 10642  Countersunk screws full thread TX +Pin;3X10;210642TXP3X10;
1139;A2;ISO 10642 TXP;A2 ISO 10642  Countersunk screws full thread TX +Pin;3X12;210642TXP3X12;
1139;A2;ISO 10642 TXP;A2 ISO 10642  Countersunk screws full thread TX +Pin;3X16;210642TXP3X16;
1139;A2;ISO 10642 TXP;A2 ISO 10642  Countersunk screws full thread TX +Pin;3X20;210642TXP3X20;
1139;A2;ISO 10642 TXP;A2 ISO 10642  Countersunk screws full thread TX +Pin;4X8;210642TXP4X8;
1139;A2;ISO 10642 TXP;A2 ISO 10642  Countersunk screws full thread TX +Pin;4X10;210642TXP4X10;
1139;A2;ISO 10642 TXP;A2 ISO 10642  Countersunk screws full thread TX +Pin;4X12;210642TXP4X12;
1139;A2;ISO 10642 TXP;A2 ISO 10642  Countersunk screws full thread TX +Pin;4X16;210642TXP4X16;
1139;A2;ISO 10642 TXP;A2 ISO 10642  Countersunk screws full thread TX +Pin;4X20;210642TXP4X20;
1139;A2;ISO 10642 TXP;A2 ISO 10642  Countersunk screws full thread TX +Pin;4X25;210642TXP4X25;
1139;A2;ISO 10642 TXP;A2 ISO 10642  Countersunk screws full thread TX +Pin;4X30;210642TXP4X30;
1139;A2;ISO 10642 TXP;A2 ISO 10642  Countersunk screws full thread TX +Pin;5X8;210642TXP5X8;
1139;A2;ISO 10642 TXP;A2 ISO 10642  Countersunk screws full thread TX +Pin;5X10;210642TXP5X10;
1139;A2;ISO 10642 TXP;A2 ISO 10642  Countersunk screws full thread TX +Pin;5X12;210642TXP5X12;
1139;A2;ISO 10642 TXP;A2 ISO 10642  Countersunk screws full thread TX +Pin;5X16;210642TXP5X16;
1139;A2;ISO 10642 TXP;A2 ISO 10642  Countersunk screws full thread TX +Pin;5X20;210642TXP5X20;
1139;A2;ISO 10642 TXP;A2 ISO 10642  Countersunk screws full thread TX +Pin;5X25;210642TXP5X25;
1139;A2;ISO 10642 TXP;A2 ISO 10642  Countersunk screws full thread TX +Pin;5X30;210642TXP5X30;
1139;A2;ISO 10642 TXP;A2 ISO 10642  Countersunk screws full thread TX +Pin;5X35;210642TXP5X35;
1139;A2;ISO 10642 TXP;A2 ISO 10642  Countersunk screws full thread TX +Pin;5X40;210642TXP5X40;
1139;A2;ISO 10642 TXP;A2 ISO 10642  Countersunk screws full thread TX +Pin;5X50;210642TXP5X50;
1139;A2;ISO 10642 TXP;A2 ISO 10642  Countersunk screws full thread TX +Pin;6X10;210642TXP6X10;
1139;A2;ISO 10642 TXP;A2 ISO 10642  Countersunk screws full thread TX +Pin;6X12;210642TXP6X12;
1139;A2;ISO 10642 TXP;A2 ISO 10642  Countersunk screws full thread TX +Pin;6X16;210642TXP6X16;
1139;A2;ISO 10642 TXP;A2 ISO 10642  Countersunk screws full thread TX +Pin;6X20;210642TXP6X20;
1139;A2;ISO 10642 TXP;A2 ISO 10642  Countersunk screws full thread TX +Pin;6X25;210642TXP6X25;
1139;A2;ISO 10642 TXP;A2 ISO 10642  Countersunk screws full thread TX +Pin;6X30;210642TXP6X30;
1139;A2;ISO 10642 TXP;A2 ISO 10642  Countersunk screws full thread TX +Pin;6X35;210642TXP6X35;
1139;A2;ISO 10642 TXP;A2 ISO 10642  Countersunk screws full thread TX +Pin;6X40;210642TXP6X40;
1139;A2;ISO 10642 TXP;A2 ISO 10642  Countersunk screws full thread TX +Pin;6X50;210642TXP6X50;
1139;A2;DIN 6923 NS;A2 DIN 6923  Hexagon flange nuts WITHOUT serration;4;26923NS4;
1139;A2;DIN 6923 NS;A2 DIN 6923  Hexagon flange nuts WITHOUT serration;5;26923NS5;
1139;A2;DIN 6923 NS;A2 DIN 6923  Hexagon flange nuts WITHOUT serration;6;26923NS6;
1139;A2;DIN 6923 NS;A2 DIN 6923  Hexagon flange nuts WITHOUT serration;8;26923NS8;
1139;A2;DIN 6923 NS;A2 DIN 6923  Hexagon flange nuts WITHOUT serration;10;26923NS10;
1139;A2;DIN 6923 NS;A2 DIN 6923  Hexagon flange nuts WITHOUT serration;12;26923NS12;
1139;A2;DIN 6923 NS;A2 DIN 6923  Hexagon flange nuts WITHOUT serration;16;26923NS16;
1139;A4;ISO 15983;A4 ISO 15983  Blind rivets A4/A4 grooved mandrel;3X6;473373X6;
1139;A4;ISO 15983;A4 ISO 15983  Blind rivets A4/A4 grooved mandrel;3X8;473373X8;
1139;A4;ISO 15983;A4 ISO 15983  Blind rivets A4/A4 grooved mandrel;3X10;473373X10;
1139;A4;ISO 15983;A4 ISO 15983  Blind rivets A4/A4 grooved mandrel;3X12;473373X12;
1139;A4;ISO 15983;A4 ISO 15983  Blind rivets A4/A4 grooved mandrel;3X14;473373X14;
1139;A4;ISO 15983;A4 ISO 15983  Blind rivets A4/A4 grooved mandrel;3X16;473373X16;
1139;A4;ISO 15983;A4 ISO 15983  Blind rivets A4/A4 grooved mandrel;3,2X6;473373,2X6;
1139;A4;ISO 15983;A4 ISO 15983  Blind rivets A4/A4 grooved mandrel;3,2X8;473373,2X8;
1139;A4;ISO 15983;A4 ISO 15983  Blind rivets A4/A4 grooved mandrel;3,2X10;473373,2X10;
1139;A4;ISO 15983;A4 ISO 15983  Blind rivets A4/A4 grooved mandrel;3,2X12;473373,2X12;
1139;A4;ISO 15983;A4 ISO 15983  Blind rivets A4/A4 grooved mandrel;4X6;473374X6;
1139;A4;ISO 15983;A4 ISO 15983  Blind rivets A4/A4 grooved mandrel;4X8;473374X8;
1139;A4;ISO 15983;A4 ISO 15983  Blind rivets A4/A4 grooved mandrel;4X10;473374X10;
1139;A4;ISO 15983;A4 ISO 15983  Blind rivets A4/A4 grooved mandrel;4X12;473374X12;
1139;A4;ISO 15983;A4 ISO 15983  Blind rivets A4/A4 grooved mandrel;4X14;473374X14;
1139;A4;ISO 15983;A4 ISO 15983  Blind rivets A4/A4 grooved mandrel;4X16;473374X16;
1139;A4;ISO 15983;A4 ISO 15983  Blind rivets A4/A4 grooved mandrel;4X18;473374X18;
1139;A4;ISO 15983;A4 ISO 15983  Blind rivets A4/A4 grooved mandrel;4X20;473374X20;
1139;A4;ISO 15983;A4 ISO 15983  Blind rivets A4/A4 grooved mandrel;4X25;473374X25;
1139;A4;ISO 15983;A4 ISO 15983  Blind rivets A4/A4 grooved mandrel;4,8X10;473374,8X10;
1139;A4;ISO 15983;A4 ISO 15983  Blind rivets A4/A4 grooved mandrel;4,8X12;473374,8X12;
1139;A4;ISO 15983;A4 ISO 15983  Blind rivets A4/A4 grooved mandrel;4,8X14;473374,8X14;
1139;A4;ISO 15983;A4 ISO 15983  Blind rivets A4/A4 grooved mandrel;4,8X16;473374,8X16;
1139;A4;ISO 15983;A4 ISO 15983  Blind rivets A4/A4 grooved mandrel;4,8x20;473374,8x20;
1139;A4;ISO 15983;A4 ISO 15983  Blind rivets A4/A4 grooved mandrel;4,8X24;473374,8X24;
1139;A4;ISO 15983;A4 ISO 15983  Blind rivets A4/A4 grooved mandrel;4,8X25;473374,8X25;
1139;A4;ISO 15983;A4 ISO 15983  Blind rivets A4/A4 grooved mandrel;5X8;473375X8;
1139;A4;ISO 15983;A4 ISO 15983  Blind rivets A4/A4 grooved mandrel;5X10;473375X10;
1139;A4;ISO 15983;A4 ISO 15983  Blind rivets A4/A4 grooved mandrel;5X12;473375X12;
1139;A4;ISO 15983;A4 ISO 15983  Blind rivets A4/A4 grooved mandrel;5X14;473375X14;
1139;A4;ISO 15983;A4 ISO 15983  Blind rivets A4/A4 grooved mandrel;5X16;473375X16;
1139;A4;ISO 15983;A4 ISO 15983  Blind rivets A4/A4 grooved mandrel;5X18;473375X18;
1139;A4;ISO 15983;A4 ISO 15983  Blind rivets A4/A4 grooved mandrel;5X20;473375X20;
1139;A4;ISO 15983;A4 ISO 15983  Blind rivets A4/A4 grooved mandrel;5X22;473375X22;
1139;A4;ISO 15983;A4 ISO 15983  Blind rivets A4/A4 grooved mandrel;5X25;473375X25;
1139;A4;ISO 15983;A4 ISO 15983  Blind rivets A4/A4 grooved mandrel;6,4X12;473376,4X12;
1139;A2;DIN 7981 Z;A2 DIN 7981  Recessed pan head self tapping screws Z;2,2X6,5;27981Z2,2X6,5;
1139;A2;DIN 7981 Z;A2 DIN 7981  Recessed pan head self tapping screws Z;2,2X9,5;27981Z2,2X9,5;
1139;A2;DIN 7981 Z;A2 DIN 7981  Recessed pan head self tapping screws Z;2,2X16;27981Z2,2X16;
1139;A2;DIN 7981 Z;A2 DIN 7981  Recessed pan head self tapping screws Z;2,2X19;27981Z2,2X19;
1139;A2;DIN 7981 Z;A2 DIN 7981  Recessed pan head self tapping screws Z;2,2X22;27981Z2,2X22;
1139;A2;DIN 7981 Z;A2 DIN 7981  Recessed pan head self tapping screws Z;2,2X25;27981Z2,2X25;
1139;A2;DIN 7981 Z;A2 DIN 7981  Recessed pan head self tapping screws Z;2,9X6,5;27981Z2,9X6,5;
1139;A2;DIN 7981 Z;A2 DIN 7981  Recessed pan head self tapping screws Z;2,9X9,5;27981Z2,9X9,5;
1139;A2;DIN 7981 Z;A2 DIN 7981  Recessed pan head self tapping screws Z;2,9X13;27981Z2,9X13;
1139;A2;DIN 7981 Z;A2 DIN 7981  Recessed pan head self tapping screws Z;2,9X16;27981Z2,9X16;
1139;A2;DIN 7981 Z;A2 DIN 7981  Recessed pan head self tapping screws Z;2,9X19;27981Z2,9X19;
1139;A2;DIN 7981 Z;A2 DIN 7981  Recessed pan head self tapping screws Z;2,9X22;27981Z2,9X22;
1139;A2;DIN 7981 Z;A2 DIN 7981  Recessed pan head self tapping screws Z;2,9X25;27981Z2,9X25;
1139;A2;DIN 7981 Z;A2 DIN 7981  Recessed pan head self tapping screws Z;2,9X32;27981Z2,9X32;
1139;A2;DIN 7981 Z;A2 DIN 7981  Recessed pan head self tapping screws Z;3,5X16;27981Z3,5X16;
1139;A2;DIN 7981 Z;A2 DIN 7981  Recessed pan head self tapping screws Z;3,5X19;27981Z3,5X19;
1139;A2;DIN 7981 Z;A2 DIN 7981  Recessed pan head self tapping screws Z;3,5X22;27981Z3,5X22;
1139;A2;DIN 7981 Z;A2 DIN 7981  Recessed pan head self tapping screws Z;3,5X25;27981Z3,5X25;
1139;A2;DIN 7981 Z;A2 DIN 7981  Recessed pan head self tapping screws Z;3,5X32;27981Z3,5X32;
1139;A2;DIN 7981 Z;A2 DIN 7981  Recessed pan head self tapping screws Z;3,5X38;27981Z3,5X38;
1139;A2;DIN 7981 Z;A2 DIN 7981  Recessed pan head self tapping screws Z;3,9X6,5;27981Z3,9X6,5;
1139;A2;DIN 7981 Z;A2 DIN 7981  Recessed pan head self tapping screws Z;3,9X9,5;27981Z3,9X9,5;
1139;A2;DIN 7981 Z;A2 DIN 7981  Recessed pan head self tapping screws Z;3,9X16;27981Z3,9X16;
1139;A2;DIN 7981 Z;A2 DIN 7981  Recessed pan head self tapping screws Z;3,9X19;27981Z3,9X19;
1139;A2;DIN 7981 Z;A2 DIN 7981  Recessed pan head self tapping screws Z;3,9X22;27981Z3,9X22;
1139;A2;DIN 7981 Z;A2 DIN 7981  Recessed pan head self tapping screws Z;3,9X25;27981Z3,9X25;
1139;A2;DIN 7981 Z;A2 DIN 7981  Recessed pan head self tapping screws Z;3,9X32;27981Z3,9X32;
1139;A2;DIN 7981 Z;A2 DIN 7981  Recessed pan head self tapping screws Z;3,9X45;27981Z3,9X45;
1139;A2;DIN 7981 Z;A2 DIN 7981  Recessed pan head self tapping screws Z;4,2X13;27981Z4,2X13;
1139;A2;DIN 7981 Z;A2 DIN 7981  Recessed pan head self tapping screws Z;4,2X16;27981Z4,2X16;
1139;A2;DIN 7981 Z;A2 DIN 7981  Recessed pan head self tapping screws Z;4,2X19;27981Z4,2X19;
1139;A2;DIN 7981 Z;A2 DIN 7981  Recessed pan head self tapping screws Z;4,2X22;27981Z4,2X22;
1139;A2;DIN 7981 Z;A2 DIN 7981  Recessed pan head self tapping screws Z;4,2X25;27981Z4,2X25;
1139;A2;DIN 7981 Z;A2 DIN 7981  Recessed pan head self tapping screws Z;4,2X32;27981Z4,2X32;
1139;A2;DIN 7981 Z;A2 DIN 7981  Recessed pan head self tapping screws Z;4,2X38;27981Z4,2X38;
1139;A2;DIN 7981 Z;A2 DIN 7981  Recessed pan head self tapping screws Z;4,2X50;27981Z4,2X50;
1139;A2;DIN 7981 Z;A2 DIN 7981  Recessed pan head self tapping screws Z;4,2X60;27981Z4,2X60;
1139;A2;DIN 7981 Z;A2 DIN 7981  Recessed pan head self tapping screws Z;4,8X9,5;27981Z4,8X9,5;
1139;A2;DIN 7981 Z;A2 DIN 7981  Recessed pan head self tapping screws Z;4,8X13;27981Z4,8X13;
1139;A2;DIN 7981 Z;A2 DIN 7981  Recessed pan head self tapping screws Z;4,8X16;27981Z4,8X16;
1139;A2;DIN 7981 Z;A2 DIN 7981  Recessed pan head self tapping screws Z;4,8X19;27981Z4,8X19;
1139;A2;DIN 7981 Z;A2 DIN 7981  Recessed pan head self tapping screws Z;4,8X22;27981Z4,8X22;
1139;A2;DIN 7981 Z;A2 DIN 7981  Recessed pan head self tapping screws Z;4,8X25;27981Z4,8X25;
1139;A2;DIN 7981 Z;A2 DIN 7981  Recessed pan head self tapping screws Z;4,8X32;27981Z4,8X32;
1139;A2;DIN 7981 Z;A2 DIN 7981  Recessed pan head self tapping screws Z;4,8X38;27981Z4,8X38;
1139;A2;DIN 7981 Z;A2 DIN 7981  Recessed pan head self tapping screws Z;4,8X45;27981Z4,8X45;
1139;A2;DIN 7981 Z;A2 DIN 7981  Recessed pan head self tapping screws Z;4,8X50;27981Z4,8X50;
1139;A2;DIN 7981 Z;A2 DIN 7981  Recessed pan head self tapping screws Z;4,8X60;27981Z4,8X60;
1139;A2;DIN 7981 Z;A2 DIN 7981  Recessed pan head self tapping screws Z;4,8X70;27981Z4,8X70;
1139;A2;DIN 7981 Z;A2 DIN 7981  Recessed pan head self tapping screws Z;5,5X13;27981Z5,5X13;
1139;A2;DIN 7981 Z;A2 DIN 7981  Recessed pan head self tapping screws Z;5,5X16;27981Z5,5X16;
1139;A2;DIN 7981 Z;A2 DIN 7981  Recessed pan head self tapping screws Z;5,5X19;27981Z5,5X19;
1139;A2;DIN 7981 Z;A2 DIN 7981  Recessed pan head self tapping screws Z;5,5X22;27981Z5,5X22;
1139;A2;DIN 7981 Z;A2 DIN 7981  Recessed pan head self tapping screws Z;5,5X25;27981Z5,5X25;
1139;A2;DIN 7981 Z;A2 DIN 7981  Recessed pan head self tapping screws Z;5,5X32;27981Z5,5X32;
1139;A2;DIN 7981 Z;A2 DIN 7981  Recessed pan head self tapping screws Z;5,5X38;27981Z5,5X38;
1139;A2;DIN 7981 Z;A2 DIN 7981  Recessed pan head self tapping screws Z;5,5X45;27981Z5,5X45;
1139;A2;DIN 7981 Z;A2 DIN 7981  Recessed pan head self tapping screws Z;5,5X50;27981Z5,5X50;
1139;A2;DIN 7981 Z;A2 DIN 7981  Recessed pan head self tapping screws Z;5,5X60;27981Z5,5X60;
1139;A2;DIN 7981 Z;A2 DIN 7981  Recessed pan head self tapping screws Z;5,5X80;27981Z5,5X80;
1139;A2;DIN 7981 Z;A2 DIN 7981  Recessed pan head self tapping screws Z;6,3X13;27981Z6,3X13;
1139;A2;DIN 7981 Z;A2 DIN 7981  Recessed pan head self tapping screws Z;6,3X16;27981Z6,3X16;
1139;A2;DIN 7981 Z;A2 DIN 7981  Recessed pan head self tapping screws Z;6,3X19;27981Z6,3X19;
1139;A2;DIN 7981 Z;A2 DIN 7981  Recessed pan head self tapping screws Z;6,3X22;27981Z6,3X22;
1139;A2;DIN 7981 Z;A2 DIN 7981  Recessed pan head self tapping screws Z;6,3X25;27981Z6,3X25;
1139;A2;DIN 7981 Z;A2 DIN 7981  Recessed pan head self tapping screws Z;6,3X32;27981Z6,3X32;
1139;A2;DIN 7981 Z;A2 DIN 7981  Recessed pan head self tapping screws Z;6,3X38;27981Z6,3X38;
1139;A2;DIN 7981 Z;A2 DIN 7981  Recessed pan head self tapping screws Z;6,3X45;27981Z6,3X45;
1139;A2;DIN 7981 Z;A2 DIN 7981  Recessed pan head self tapping screws Z;6,3X50;27981Z6,3X50;
1139;A2;DIN 7981 Z;A2 DIN 7981  Recessed pan head self tapping screws Z;6,3X60;27981Z6,3X60;
1139;A2;DIN 7981 Z;A2 DIN 7981  Recessed pan head self tapping screws Z;6,3X70;27981Z6,3X70;
1139;A2;DIN 7981 Z;A2 DIN 7981  Recessed pan head self tapping screws Z;6,3X80;27981Z6,3X80;
1139;A2;DIN 3017;A2 DIN 3017  Hose clamps type A;10-16/9;2301710-16/9;
1139;A2;DIN 3017;A2 DIN 3017  Hose clamps type A;12-22/9;2301712-22/9;
1139;A2;DIN 3017;A2 DIN 3017  Hose clamps type A;12-22/12;2301712-22/12;
1139;A2;DIN 3017;A2 DIN 3017  Hose clamps type A;16-27/12;2301716-27/12;
1139;A2;DIN 3017;A2 DIN 3017  Hose clamps type A;16-27/9;2301716-27/9;
1139;A2;DIN 3017;A2 DIN 3017  Hose clamps type A;20-32/12;2301720-32/12;
1139;A2;DIN 3017;A2 DIN 3017  Hose clamps type A;20-32/9;2301720-32/9;
1139;A2;DIN 3017;A2 DIN 3017  Hose clamps type A;25-40/12;2301725-40/12;
1139;A2;DIN 3017;A2 DIN 3017  Hose clamps type A;25-40/9;2301725-40/9;
1139;A2;DIN 3017;A2 DIN 3017  Hose clamps type A;30-45/12;2301730-45/12;
1139;A2;DIN 3017;A2 DIN 3017  Hose clamps type A;30-45/9;2301730-45/9;
1139;A2;DIN 3017;A2 DIN 3017  Hose clamps type A;35-50/12;2301735-50/12;
1139;A2;DIN 3017;A2 DIN 3017  Hose clamps type A;35-50/9;2301735-50/9;
1139;A2;DIN 3017;A2 DIN 3017  Hose clamps type A;40-60/9;2301740-60/9;
1139;A2;DIN 3017;A2 DIN 3017  Hose clamps type A;40-60/12;2301740-60/12;
1139;A2;DIN 3017;A2 DIN 3017  Hose clamps type A;50-70/9;2301750-70/9;
1139;A2;DIN 3017;A2 DIN 3017  Hose clamps type A;50-70/12;2301750-70/12;
1139;A2;DIN 3017;A2 DIN 3017  Hose clamps type A;60-85/12;2301760-85/12;
1139;A2;DIN 3017;A2 DIN 3017  Hose clamps type A;60-80/9;2301760-80/9;
1139;A2;DIN 3017;A2 DIN 3017  Hose clamps type A;60-80/12;2301760-80/12;
1139;A2;DIN 3017;A2 DIN 3017  Hose clamps type A;70-90/12;2301770-90/12;
1139;A2;DIN 3017;A2 DIN 3017  Hose clamps type A;70-90/9;2301770-90/9;
1139;A2;DIN 3017;A2 DIN 3017  Hose clamps type A;80-100/12;2301780-100/12;
1139;A2;DIN 3017;A2 DIN 3017  Hose clamps type A;80-100/9;2301780-100/9;
1139;A2;DIN 3017;A2 DIN 3017  Hose clamps type A;90-110/9;2301790-110/9;
1139;A2;DIN 3017;A2 DIN 3017  Hose clamps type A;90-110/12;2301790-110/12;
1139;A2;DIN 3017;A2 DIN 3017  Hose clamps type A;100-120/9;23017100-120/9;
1139;A2;DIN 3017;A2 DIN 3017  Hose clamps type A;100-120/12;23017100-120/12;
1139;A2;DIN 3017;A2 DIN 3017  Hose clamps type A;110-130/9;23017110-130/9;
1139;A2;DIN 3017;A2 DIN 3017  Hose clamps type A;110-130/12;23017110-130/12;
1139;A2;DIN 3017;A2 DIN 3017  Hose clamps type A;120-140/9;23017120-140/9;
1139;A2;DIN 3017;A2 DIN 3017  Hose clamps type A;120-140/12;23017120-140/12;
1139;A2;DIN 3017;A2 DIN 3017  Hose clamps type A;130-150/9;23017130-150/9;
1139;A2;DIN 3017;A2 DIN 3017  Hose clamps type A;130-150/12;23017130-150/12;
1139;A2;DIN 3017;A2 DIN 3017  Hose clamps type A;140-160/9;23017140-160/9;
1139;A2;DIN 3017;A2 DIN 3017  Hose clamps type A;140-160/12;23017140-160/12;
1139;A2;DIN 3017;A2 DIN 3017  Hose clamps type A;150-170/12;23017150-170/12;
1139;A2;DIN 3017;A2 DIN 3017  Hose clamps type A;150-170/9;23017150-170/9;
1139;A2;DIN 3017;A2 DIN 3017  Hose clamps type A;160-180/12;23017160-180/12;
1139;A2;DIN 3017;A2 DIN 3017  Hose clamps type A;160-180/9;23017160-180/9;
1139;A2;DIN 3017;A2 DIN 3017  Hose clamps type A;170-190/12;23017170-190/12;
1139;A2;DIN 3017;A2 DIN 3017  Hose clamps type A;170-190/9;23017170-190/9;
1139;A2;DIN 3017;A2 DIN 3017  Hose clamps type A;180-200/12;23017180-200/12;
1139;A2;DIN 3017;A2 DIN 3017  Hose clamps type A;180-200/9;23017180-200/9;
1139;A2;DIN 3017;A2 DIN 3017  Hose clamps type A;190-210/12;23017190-210/12;
1139;A2;DIN 3017;A2 DIN 3017  Hose clamps type A;190-210/9;23017190-210/9;
1139;A2;DIN 3017;A2 DIN 3017  Hose clamps type A;200-220/9;23017200-220/9;
1139;A2;DIN 3017;A2 DIN 3017  Hose clamps type A;200-220/12;23017200-220/12;
1139;A2;DIN 3017;A2 DIN 3017  Hose clamps type A;210-230/9;23017210-230/9;
1139;A2;DIN 3017;A2 DIN 3017  Hose clamps type A;210-230/12;23017210-230/12;
1139;A2;DIN 3017;A2 DIN 3017  Hose clamps type A;220-240/12;23017220-240/12;
1139;A2;DIN 3017;A2 DIN 3017  Hose clamps type A;220-240/9;23017220-240/9;
1139;A2;DIN 3017;A2 DIN 3017  Hose clamps type A;230-250/12;23017230-250/12;
1139;A2;DIN 3017;A2 DIN 3017  Hose clamps type A;230-250/9;23017230-250/9;
1139;A2;DIN 3017;A2 DIN 3017  Hose clamps type A;240-260/9;23017240-260/9;
1139;A2;DIN 3017;A2 DIN 3017  Hose clamps type A;240-260/12;23017240-260/12;
1139;A2;DIN 3017;A2 DIN 3017  Hose clamps type A;250-270/12;23017250-270/12;
1139;A2;DIN 3017;A2 DIN 3017  Hose clamps type A;250-270/9;23017250-270/9;
1139;A2;DIN 3017;A2 DIN 3017  Hose clamps type A;260-280/12;23017260-280/12;
1139;A2;DIN 3017;A2 DIN 3017  Hose clamps type A;260-280/9;23017260-280/9;
1139;A2;DIN 3017;A2 DIN 3017  Hose clamps type A;270-290/12;23017270-290/12;
1139;A2;DIN 3017;A2 DIN 3017  Hose clamps type A;270-290/9;23017270-290/9;
1139;A2;DIN 3017;A2 DIN 3017  Hose clamps type A;280-300/12;23017280-300/12;
1139;A2;DIN 3017;A2 DIN 3017  Hose clamps type A;280-300/9;23017280-300/9;
1139;A2;ISO 7380 F;A2 ISO 7380-2  Hexagon socket button head screws F.T.  With flange;3X4;27380F3X4;
1139;A2;ISO 7380 F;A2 ISO 7380-2  Hexagon socket button head screws F.T.  With flange;3X18;27380F3X18;
1139;A2;ISO 7380 F;A2 ISO 7380-2  Hexagon socket button head screws F.T.  With flange;3X22;27380F3X22;
1139;A2;ISO 7380 F;A2 ISO 7380-2  Hexagon socket button head screws F.T.  With flange;3X25;27380F3X25;
1139;A2;ISO 7380 F;A2 ISO 7380-2  Hexagon socket button head screws F.T.  With flange;5X5;27380F5X5;
1139;A2;ISO 7380 F;A2 ISO 7380-2  Hexagon socket button head screws F.T.  With flange;5X45;27380F5X45;
1139;A2;ISO 7380 F;A2 ISO 7380-2  Hexagon socket button head screws F.T.  With flange;5X50;27380F5X50;
1139;A2;ISO 7380 F;A2 ISO 7380-2  Hexagon socket button head screws F.T.  With flange;6X22;27380F6X22;
1139;A2;ISO 7380 F;A2 ISO 7380-2  Hexagon socket button head screws F.T.  With flange;6X70;27380F6X70;
1139;A2;ISO 7380 F;A2 ISO 7380-2  Hexagon socket button head screws F.T.  With flange;8x22;27380F8X22;
1139;A2;ISO 7380 F;A2 ISO 7380-2  Hexagon socket button head screws F.T.  With flange;8X65;27380F8X65;
1139;A2;ISO 7380 F;A2 ISO 7380-2  Hexagon socket button head screws F.T.  With flange;8X90;27380F8X90;
1139;A2;ISO 7380 F;A2 ISO 7380-2  Hexagon socket button head screws F.T.  With flange;8X100;27380F8X100;
1139;A2;ISO 7380 F;A2 ISO 7380-2  Hexagon socket button head screws F.T.  With flange;10X12;27380F10X12;
1139;A2;ISO 7380 F;A2 ISO 7380-2  Hexagon socket button head screws F.T.  With flange;12X35;27380F12X35;
1139;A2;DIN 557;A2 DIN 557  Square nuts;4;205574;
1139;A2;ART. 6335 SIM DIN 6334;A2   Hexagon coupler nuts sim. DIN 6334;6X20;263356X20;
1139;A2;ART. 6335 SIM DIN 6334;A2   Hexagon coupler nuts sim. DIN 6334;6X25;263356X25;
1139;A2;ART. 6335 SIM DIN 6334;A2   Hexagon coupler nuts sim. DIN 6334;6X30;263356X30;
1139;A2;ART. 6335 SIM DIN 6334;A2   Hexagon coupler nuts sim. DIN 6334;8X20;263358X20;
1139;A2;ART. 6335 SIM DIN 6334;A2   Hexagon coupler nuts sim. DIN 6334;8X25;263358X25;
1139;A2;ART. 6335 SIM DIN 6334;A2   Hexagon coupler nuts sim. DIN 6334;8X30;263358X30;
1139;A2;ART. 6335 SIM DIN 6334;A2   Hexagon coupler nuts sim. DIN 6334;8X40;263358X40;
1139;A2;ART. 6335 SIM DIN 6334;A2   Hexagon coupler nuts sim. DIN 6334;8X50;263358X50;
1139;A2;ART. 6335 SIM DIN 6334;A2   Hexagon coupler nuts sim. DIN 6334;10X20;2633510X20;
1139;A2;ART. 6335 SIM DIN 6334;A2   Hexagon coupler nuts sim. DIN 6334;10X25;2633510X25;
1139;A2;ART. 6335 SIM DIN 6334;A2   Hexagon coupler nuts sim. DIN 6334;10X40;2633510X40;
1139;A2;ART. 6335 SIM DIN 6334;A2   Hexagon coupler nuts sim. DIN 6334;12X30;2633512X30;
1139;A2;ART. 6335 SIM DIN 6334;A2   Hexagon coupler nuts sim. DIN 6334;12X40;2633512X40;
1139;A2;ART. 6335 SIM DIN 6334;A2   Hexagon coupler nuts sim. DIN 6334;12X50;2633512X50;
1139;A2;ART. 6335 SIM DIN 6334;A2   Hexagon coupler nuts sim. DIN 6334;16X40;2633516X40;
1139;A2;ART. 6335 SIM DIN 6334;A2   Hexagon coupler nuts sim. DIN 6334;16X50;2633516X50;
1139;A2;ART. 6335 SIM DIN 6334;A2   Hexagon coupler nuts sim. DIN 6334;20X50;2633520X50;
1139;A2;ART. 6335 SIM DIN 6334;A2   Hexagon coupler nuts sim. DIN 6334;30X60;2633530X60;
1139;A2;ART. 125 S;"A2   Locking washers  type ""S""";2,5;20125S2,5;
1139;A2;ART. 125 S;"A2   Locking washers  type ""S""";3;20125S3;
1139;A2;ART. 125 S;"A2   Locking washers  type ""S""";4;20125S4;
1139;A2;ART. 125 S;"A2   Locking washers  type ""S""";5;20125S5;
1139;A2;ART. 125 S;"A2   Locking washers  type ""S""";6;20125S6;
1139;A2;ART. 125 S;"A2   Locking washers  type ""S""";8;20125S8;
1139;A2;ART. 125 S;"A2   Locking washers  type ""S""";10;20125S10;
1139;A2;ART. 125 S;"A2   Locking washers  type ""S""";12;20125S12;
1139;A2;ART. 125 S;"A2   Locking washers  type ""S""";14;20125S14;
1139;A2;ART. 125 S;"A2   Locking washers  type ""S""";16;20125S16;
1139;A2;ART. 125 S;"A2   Locking washers  type ""S""";18;20125S18;
1139;A2;ART. 125 S;"A2   Locking washers  type ""S""";20;20125S20;
1139;A2;ART. 125 S;"A2   Locking washers  type ""S""";24;20125S24;
1139;A2;ART. 125 S;"A2   Locking washers  type ""S""";27;20125S27;
1139;A2;ART. 125 S;"A2   Locking washers  type ""S""";30;20125S30;
1139;A2;DIN 7504 N TX;A2 DIN 7504N  Self drilling screws pan head with Tx;2,9X13;27504NTX2,9X13;
1139;A2;DIN 7504 N TX;A2 DIN 7504N  Self drilling screws pan head with Tx;2,9X16;27504NTX2,9X16;
1139;A2;DIN 7504 N TX;A2 DIN 7504N  Self drilling screws pan head with Tx;2,9X19;27504NTX2,9X19;
1139;A2;DIN 7504 N TX;A2 DIN 7504N  Self drilling screws pan head with Tx;3,5X9,5;27504NTX3,5X9,5;
1139;A2;DIN 7504 N TX;A2 DIN 7504N  Self drilling screws pan head with Tx;3,5x13;27504NTX3,5X13;
1139;A2;DIN 7504 N TX;A2 DIN 7504N  Self drilling screws pan head with Tx;3,5x16;27504NTX3,5X16;
1139;A2;DIN 7504 N TX;A2 DIN 7504N  Self drilling screws pan head with Tx;3,5x19;27504NTX3,5X19;
1139;A2;DIN 7504 N TX;A2 DIN 7504N  Self drilling screws pan head with Tx;3,5x22;27504NTX3,5X22;
1139;A2;DIN 7504 N TX;A2 DIN 7504N  Self drilling screws pan head with Tx;3,5x25;27504NTX3,5X25;
1139;A2;DIN 7504 N TX;A2 DIN 7504N  Self drilling screws pan head with Tx;3,9X13;27504NTX3,9X13;
1139;A2;DIN 7504 N TX;A2 DIN 7504N  Self drilling screws pan head with Tx;3,9x16;27504NTX3,9X16;
1139;A2;DIN 7504 N TX;A2 DIN 7504N  Self drilling screws pan head with Tx;3,9x19;27504NTX3,9X19;
1139;A2;DIN 7504 N TX;A2 DIN 7504N  Self drilling screws pan head with Tx;3,9x22;27504NTX3,9X22;
1139;A2;DIN 7504 N TX;A2 DIN 7504N  Self drilling screws pan head with Tx;3,9x25;27504NTX3,9X25;
1139;A2;DIN 7504 N TX;A2 DIN 7504N  Self drilling screws pan head with Tx;3,9x32;27504NTX3,9X32;
1139;A2;DIN 7504 N TX;A2 DIN 7504N  Self drilling screws pan head with Tx;3,9X38;27504NTX3,9X38;
1139;A2;DIN 7504 N TX;A2 DIN 7504N  Self drilling screws pan head with Tx;4,2x13;27504NTX4,2X13;
1139;A2;DIN 7504 N TX;A2 DIN 7504N  Self drilling screws pan head with Tx;4,2x16;27504NTX4,2X16;
1139;A2;DIN 7504 N TX;A2 DIN 7504N  Self drilling screws pan head with Tx;4,2x19;27504NTX4,2X19;
1139;A2;DIN 7504 N TX;A2 DIN 7504N  Self drilling screws pan head with Tx;4,2x22;27504NTX4,2X22;
1139;A2;DIN 7504 N TX;A2 DIN 7504N  Self drilling screws pan head with Tx;4,2x25;27504NTX4,2X25;
1139;A2;DIN 7504 N TX;A2 DIN 7504N  Self drilling screws pan head with Tx;4,2x32;27504NTX4,2X32;
1139;A2;DIN 7504 N TX;A2 DIN 7504N  Self drilling screws pan head with Tx;4,2x38;27504NTX4,2X38;
1139;A2;DIN 7504 N TX;A2 DIN 7504N  Self drilling screws pan head with Tx;4,2X50;27504NTX4,2X50;
1139;A2;DIN 7504 N TX;A2 DIN 7504N  Self drilling screws pan head with Tx;4,8x13;27504NTX4,8X13;
1139;A2;DIN 7504 N TX;A2 DIN 7504N  Self drilling screws pan head with Tx;4,8x16;27504NTX4,8X16;
1139;A2;DIN 7504 N TX;A2 DIN 7504N  Self drilling screws pan head with Tx;4,8x19;27504NTX4,8X19;
1139;A2;DIN 7504 N TX;A2 DIN 7504N  Self drilling screws pan head with Tx;4,8x22;27504NTX4,8X22;
1139;A2;DIN 7504 N TX;A2 DIN 7504N  Self drilling screws pan head with Tx;4,8X25;27504NTX4,8X25;
1139;A2;DIN 7504 N TX;A2 DIN 7504N  Self drilling screws pan head with Tx;4,8x32;27504NTX4,8X32;
1139;A2;DIN 7504 N TX;A2 DIN 7504N  Self drilling screws pan head with Tx;4,8x38;27504NTX4,8X38;
1139;A2;DIN 7504 N TX;A2 DIN 7504N  Self drilling screws pan head with Tx;4,8x45;27504NTX4,8X45;
1139;A2;DIN 7504 N TX;A2 DIN 7504N  Self drilling screws pan head with Tx;4,8x50;27504NTX4,8X50;
1139;A2;DIN 7504 N TX;A2 DIN 7504N  Self drilling screws pan head with Tx;4,8x60;27504NTX4,8X60;
1139;A2;DIN 7504 N TX;A2 DIN 7504N  Self drilling screws pan head with Tx;4,8X70;27504NTX4,8X70;
1139;A2;DIN 7504 N TX;A2 DIN 7504N  Self drilling screws pan head with Tx;5,5X16;27504NTX5,5X16;
1139;A2;DIN 7504 N TX;A2 DIN 7504N  Self drilling screws pan head with Tx;5,5x19;27504NTX5,5X19;
1139;A2;DIN 7504 N TX;A2 DIN 7504N  Self drilling screws pan head with Tx;5,5x22;27504NTX5,5X22;
1139;A2;DIN 7504 N TX;A2 DIN 7504N  Self drilling screws pan head with Tx;5,5x25;27504NTX5,5X25;
1139;A2;DIN 7504 N TX;A2 DIN 7504N  Self drilling screws pan head with Tx;5,5x32;27504NTX5,5X32;
1139;A2;DIN 7504 N TX;A2 DIN 7504N  Self drilling screws pan head with Tx;5,5x38;27504NTX5,5X38;
1139;A2;DIN 7504 N TX;A2 DIN 7504N  Self drilling screws pan head with Tx;5,5X40;27504NTX5,5X40;
1139;A2;DIN 7504 N TX;A2 DIN 7504N  Self drilling screws pan head with Tx;5,5x45;27504NTX5,5X45;
1139;A2;DIN 7504 N TX;A2 DIN 7504N  Self drilling screws pan head with Tx;5,5x50;27504NTX5,5X50;
1139;A2;DIN 7504 N TX;A2 DIN 7504N  Self drilling screws pan head with Tx;5,5x60;27504NTX5,5X60;
1139;A2;DIN 7504 N TX;A2 DIN 7504N  Self drilling screws pan head with Tx;5,5X70;27504NTX5,5X70;
1139;A2;DIN 7504 N TX;A2 DIN 7504N  Self drilling screws pan head with Tx;6,3X25;27504NTX6,3X25;
1139;A2;DIN 7504 N TX;A2 DIN 7504N  Self drilling screws pan head with Tx;6,3X32;27504NTX6,3X32;
1139;A2;DIN 7504 N TX;A2 DIN 7504N  Self drilling screws pan head with Tx;6,3X38;27504NTX6,3X38;
1139;A2;sim. DIN 7505A TX;A2 sim. DIN 7505A  Chipboard screws CSK double head FT TX;3X12;27505ATX3X12;
1139;A2;sim. DIN 7505A TX;A2 sim. DIN 7505A  Chipboard screws CSK double head FT TX;3X16;27505ATX3X16;
1139;A2;sim. DIN 7505A TX;A2 sim. DIN 7505A  Chipboard screws CSK double head FT TX;3X20;27505ATX3X20;
1139;A2;sim. DIN 7505A TX;A2 sim. DIN 7505A  Chipboard screws CSK double head FT TX;3X25;27505ATX3X25;
1139;A2;sim. DIN 7505A TX;A2 sim. DIN 7505A  Chipboard screws CSK double head FT TX;3X30;27505ATX3X30;
1139;A2;sim. DIN 7505A TX;A2 sim. DIN 7505A  Chipboard screws CSK double head FT TX;3X35;27505ATX3X35;
1139;A2;sim. DIN 7505A TX;A2 sim. DIN 7505A  Chipboard screws CSK double head FT TX;3X40;27505ATX3X40;
1139;A2;sim. DIN 7505A TX;A2 sim. DIN 7505A  Chipboard screws CSK double head FT TX;3,5X16;27505ATX3,5X16;
1139;A2;sim. DIN 7505A TX;A2 sim. DIN 7505A  Chipboard screws CSK double head FT TX;3,5X20;27505ATX3,5X20;
1139;A2;sim. DIN 7505A TX;A2 sim. DIN 7505A  Chipboard screws CSK double head FT TX;3,5X25;27505ATX3,5X25;
1139;A2;sim. DIN 7505A TX;A2 sim. DIN 7505A  Chipboard screws CSK double head FT TX;3,5X30;27505ATX3,5X30;
1139;A2;sim. DIN 7505A TX;A2 sim. DIN 7505A  Chipboard screws CSK double head FT TX;3,5X35;27505ATX3,5X35;
1139;A2;sim. DIN 7505A TX;A2 sim. DIN 7505A  Chipboard screws CSK double head FT TX;3,5X40;27505ATX3,5X40;
1139;A2;sim. DIN 7505A TX;A2 sim. DIN 7505A  Chipboard screws CSK double head FT TX;3,5X45;27505ATX3,5X45;
1139;A2;sim. DIN 7505A TX;A2 sim. DIN 7505A  Chipboard screws CSK double head FT TX;3,5X50;27505ATX3,5X50;
1139;A2;sim. DIN 7505A TX;A2 sim. DIN 7505A  Chipboard screws CSK double head FT TX;4X16;27505ATX4X16;
1139;A2;sim. DIN 7505A TX;A2 sim. DIN 7505A  Chipboard screws CSK double head FT TX;4X20;27505ATX4X20;
1139;A2;sim. DIN 7505A TX;A2 sim. DIN 7505A  Chipboard screws CSK double head FT TX;4X25;27505ATX4X25;
1139;A2;sim. DIN 7505A TX;A2 sim. DIN 7505A  Chipboard screws CSK double head FT TX;4X30;27505ATX4X30;
1139;A2;sim. DIN 7505A TX;A2 sim. DIN 7505A  Chipboard screws CSK double head FT TX;4X35;27505ATX4X35;
1139;A2;sim. DIN 7505A TX;A2 sim. DIN 7505A  Chipboard screws CSK double head FT TX;4X40;27505ATX4X40;
1139;A2;sim. DIN 7505A TX;A2 sim. DIN 7505A  Chipboard screws CSK double head FT TX;4X45;27505ATX4X45;
1139;A2;sim. DIN 7505A TX;A2 sim. DIN 7505A  Chipboard screws CSK double head FT TX;4X50;27505ATX4X50;
1139;A2;sim. DIN 7505A TX;A2 sim. DIN 7505A  Chipboard screws CSK double head FT TX;4X60;27505ATX4X60;
1139;A2;sim. DIN 7505A TX;A2 sim. DIN 7505A  Chipboard screws CSK double head FT TX;4X70;27505ATX4X70;
1139;A2;sim. DIN 7505A TX;A2 sim. DIN 7505A  Chipboard screws CSK double head FT TX;4,5X20;27505ATX4,5X20;
1139;A2;sim. DIN 7505A TX;A2 sim. DIN 7505A  Chipboard screws CSK double head FT TX;4,5X25;27505ATX4,5X25;
1139;A2;sim. DIN 7505A TX;A2 sim. DIN 7505A  Chipboard screws CSK double head FT TX;4,5X30;27505ATX4,5X30;
1139;A2;sim. DIN 7505A TX;A2 sim. DIN 7505A  Chipboard screws CSK double head FT TX;4,5X35;27505ATX4,5X35;
1139;A2;sim. DIN 7505A TX;A2 sim. DIN 7505A  Chipboard screws CSK double head FT TX;4,5X40;27505ATX4,5X40;
1139;A2;sim. DIN 7505A TX;A2 sim. DIN 7505A  Chipboard screws CSK double head FT TX;4,5X45;27505ATX4,5X45;
1139;A2;sim. DIN 7505A TX;A2 sim. DIN 7505A  Chipboard screws CSK double head FT TX;4,5X50;27505ATX4,5X50;
1139;A2;sim. DIN 7505A TX;A2 sim. DIN 7505A  Chipboard screws CSK double head FT TX;4,5X60;27505ATX4,5X60;
1139;A2;sim. DIN 7505A TX;A2 sim. DIN 7505A  Chipboard screws CSK double head FT TX;4,5X65;27505ATX4,5X65;
1139;A2;sim. DIN 7505A TX;A2 sim. DIN 7505A  Chipboard screws CSK double head FT TX;4,5X70;27505ATX4,5X70;
1139;A2;sim. DIN 7505A TX;A2 sim. DIN 7505A  Chipboard screws CSK double head FT TX;4,5X80;27505ATX4,5X80;
1139;A2;sim. DIN 7505A TX;A2 sim. DIN 7505A  Chipboard screws CSK double head FT TX;5X16;27505ATX5X16;
1139;A2;sim. DIN 7505A TX;A2 sim. DIN 7505A  Chipboard screws CSK double head FT TX;5X20;27505ATX5X20;
1139;A2;sim. DIN 7505A TX;A2 sim. DIN 7505A  Chipboard screws CSK double head FT TX;5X25;27505ATX5X25;
1139;A2;sim. DIN 7505A TX;A2 sim. DIN 7505A  Chipboard screws CSK double head FT TX;5X30;27505ATX5X30;
1139;A2;sim. DIN 7505A TX;A2 sim. DIN 7505A  Chipboard screws CSK double head FT TX;5X35;27505ATX5X35;
1139;A2;sim. DIN 7505A TX;A2 sim. DIN 7505A  Chipboard screws CSK double head FT TX;5X40;27505ATX5X40;
1139;A2;sim. DIN 7505A TX;A2 sim. DIN 7505A  Chipboard screws CSK double head FT TX;5X45;27505ATX5X45;
1139;A2;sim. DIN 7505A TX;A2 sim. DIN 7505A  Chipboard screws CSK double head FT TX;5X50;27505ATX5X50;
1139;A2;sim. DIN 7505A TX;A2 sim. DIN 7505A  Chipboard screws CSK double head FT TX;5X55;27505ATX5X55;
1139;A2;sim. DIN 7505A TX;A2 sim. DIN 7505A  Chipboard screws CSK double head FT TX;5X60;27505ATX5X60;
1139;A2;sim. DIN 7505A TX;A2 sim. DIN 7505A  Chipboard screws CSK double head FT TX;5X70;27505ATX5X70;
1139;A2;sim. DIN 7505A TX;A2 sim. DIN 7505A  Chipboard screws CSK double head FT TX;5X80;27505ATX5X80;
1139;A2;sim. DIN 7505A TX;A2 sim. DIN 7505A  Chipboard screws CSK double head FT TX;5X90;27505ATX5X90;
1139;A2;sim. DIN 7505A TX;A2 sim. DIN 7505A  Chipboard screws CSK double head FT TX;5X100;27505ATX5X100;
1139;A2;sim. DIN 7505A TX;A2 sim. DIN 7505A  Chipboard screws CSK double head FT TX;6X20;27505ATX6X20;
1139;A2;sim. DIN 7505A TX;A2 sim. DIN 7505A  Chipboard screws CSK double head FT TX;6X25;27505ATX6X25;
1139;A2;sim. DIN 7505A TX;A2 sim. DIN 7505A  Chipboard screws CSK double head FT TX;6X30;27505ATX6X30;
1139;A2;sim. DIN 7505A TX;A2 sim. DIN 7505A  Chipboard screws CSK double head FT TX;6X35;27505ATX6X35;
1139;A2;sim. DIN 7505A TX;A2 sim. DIN 7505A  Chipboard screws CSK double head FT TX;6X40;27505ATX6X40;
1139;A2;sim. DIN 7505A TX;A2 sim. DIN 7505A  Chipboard screws CSK double head FT TX;6X45;27505ATX6X45;
1139;A2;sim. DIN 7505A TX;A2 sim. DIN 7505A  Chipboard screws CSK double head FT TX;6X50;27505ATX6X50;
1139;A2;sim. DIN 7505A TX;A2 sim. DIN 7505A  Chipboard screws CSK double head FT TX;6X60;27505ATX6X60;
1139;A2;sim. DIN 7505A TX;A2 sim. DIN 7505A  Chipboard screws CSK double head FT TX;6X70;27505ATX6X70;
1139;A2;sim. DIN 7505A TX;A2 sim. DIN 7505A  Chipboard screws CSK double head FT TX;6X80;27505ATX6X80;
1139;A2;sim. DIN 7505A TX;A2 sim. DIN 7505A  Chipboard screws CSK double head FT TX;6X90;27505ATX6X90;
1139;A2;sim. DIN 7505A TX;A2 sim. DIN 7505A  Chipboard screws CSK double head FT TX;6X100;27505ATX6X100;
1139;A2;sim. DIN 7505A TX;A2 sim. DIN 7505A  Chipboard screws CSK double head FT TX;6X120;27505ATX6X120;
1139;A2;DIN 440 R;A2 DIN 440 R  Washers for wood construction type R;5;20440R5;
1139;A2;DIN 440 R;A2 DIN 440 R  Washers for wood construction type R;6;20440R6;
1139;A2;DIN 440 R;A2 DIN 440 R  Washers for wood construction type R;8;20440R8;
1139;A2;DIN 440 R;A2 DIN 440 R  Washers for wood construction type R;10;20440R10;
1139;A2;DIN 440 R;A2 DIN 440 R  Washers for wood construction type R;12;20440R12;
1139;A2;DIN 440 R;A2 DIN 440 R  Washers for wood construction type R;14;20440R14;
1139;A2;DIN 440 R;A2 DIN 440 R  Washers for wood construction type R;16;20440R16;
1139;A2;DIN 440 R;A2 DIN 440 R  Washers for wood construction type R;20;20440R20;
1139;A2;DIN 440 R;A2 DIN 440 R  Washers for wood construction type R;22;20440R22;
1139;A2;DIN 440 R;A2 DIN 440 R  Washers for wood construction type R;24;20440R24;
1139;A2;ISO 7380 TXP;A2 ISO 7380  Button head with TX and PIN F.T.;3X6;27380TXP3X6;
1139;A2;ISO 7380 TXP;A2 ISO 7380  Button head with TX and PIN F.T.;3X8;27380TXP3X8;
1139;A2;ISO 7380 TXP;A2 ISO 7380  Button head with TX and PIN F.T.;3X10;27380TXP3X10;
1139;A2;ISO 7380 TXP;A2 ISO 7380  Button head with TX and PIN F.T.;3X12;27380TXP3X12;
1139;A2;ISO 7380 TXP;A2 ISO 7380  Button head with TX and PIN F.T.;3X16;27380TXP3X16;
1139;A2;ISO 7380 TXP;A2 ISO 7380  Button head with TX and PIN F.T.;3X20;27380TXP3X20;
1139;A2;ISO 7380 TXP;A2 ISO 7380  Button head with TX and PIN F.T.;4X6;27380TXP4X6;
1139;A2;ISO 7380 TXP;A2 ISO 7380  Button head with TX and PIN F.T.;4X8;27380TXP4X8;
1139;A2;ISO 7380 TXP;A2 ISO 7380  Button head with TX and PIN F.T.;4X10;27380TXP4X10;
1139;A2;ISO 7380 TXP;A2 ISO 7380  Button head with TX and PIN F.T.;4X12;27380TXP4X12;
1139;A2;ISO 7380 TXP;A2 ISO 7380  Button head with TX and PIN F.T.;4X16;27380TXP4X16;
1139;A2;ISO 7380 TXP;A2 ISO 7380  Button head with TX and PIN F.T.;4X20;27380TXP4X20;
1139;A2;ISO 7380 TXP;A2 ISO 7380  Button head with TX and PIN F.T.;4X25;27380TXP4X25;
1139;A2;ISO 7380 TXP;A2 ISO 7380  Button head with TX and PIN F.T.;4X30;27380TXP4X30;
1139;A2;ISO 7380 TXP;A2 ISO 7380  Button head with TX and PIN F.T.;4X35;27380TXP4X35;
1139;A2;ISO 7380 TXP;A2 ISO 7380  Button head with TX and PIN F.T.;4X40;27380TXP4X40;
1139;A2;ISO 7380 TXP;A2 ISO 7380  Button head with TX and PIN F.T.;4X45;27380TXP4X45;
1139;A2;ISO 7380 TXP;A2 ISO 7380  Button head with TX and PIN F.T.;4X50;27380TXP4X50;
1139;A2;ISO 7380 TXP;A2 ISO 7380  Button head with TX and PIN F.T.;5X8;27380TXP5X8;
1139;A2;ISO 7380 TXP;A2 ISO 7380  Button head with TX and PIN F.T.;5X10;27380TXP5X10;
1139;A2;ISO 7380 TXP;A2 ISO 7380  Button head with TX and PIN F.T.;5X12;27380TXP5X12;
1139;A2;ISO 7380 TXP;A2 ISO 7380  Button head with TX and PIN F.T.;5X16;27380TXP5X16;
1139;A2;ISO 7380 TXP;A2 ISO 7380  Button head with TX and PIN F.T.;5X20;27380TXP5X20;
1139;A2;ISO 7380 TXP;A2 ISO 7380  Button head with TX and PIN F.T.;5X25;27380TXP5X25;
1139;A2;ISO 7380 TXP;A2 ISO 7380  Button head with TX and PIN F.T.;5X30;27380TXP5X30;
1139;A2;ISO 7380 TXP;A2 ISO 7380  Button head with TX and PIN F.T.;5X35;27380TXP5X35;
1139;A2;ISO 7380 TXP;A2 ISO 7380  Button head with TX and PIN F.T.;5X40;27380TXP5X40;
1139;A2;ISO 7380 TXP;A2 ISO 7380  Button head with TX and PIN F.T.;5X45;27380TXP5X45;
1139;A2;ISO 7380 TXP;A2 ISO 7380  Button head with TX and PIN F.T.;5X50;27380TXP5X50;
1139;A2;ISO 7380 TXP;A2 ISO 7380  Button head with TX and PIN F.T.;5X60;27380TXP5X60;
1139;A2;ISO 7380 TXP;A2 ISO 7380  Button head with TX and PIN F.T.;6X8;27380TXP6X8;
1139;A2;ISO 7380 TXP;A2 ISO 7380  Button head with TX and PIN F.T.;6X10;27380TXP6X10;
1139;A2;ISO 7380 TXP;A2 ISO 7380  Button head with TX and PIN F.T.;6X12;27380TXP6X12;
1139;A2;ISO 7380 TXP;A2 ISO 7380  Button head with TX and PIN F.T.;6X16;27380TXP6X16;
1139;A2;ISO 7380 TXP;A2 ISO 7380  Button head with TX and PIN F.T.;6X20;27380TXP6X20;
1139;A2;ISO 7380 TXP;A2 ISO 7380  Button head with TX and PIN F.T.;6X25;27380TXP6X25;
1139;A2;ISO 7380 TXP;A2 ISO 7380  Button head with TX and PIN F.T.;6X30;27380TXP6X30;
1139;A2;ISO 7380 TXP;A2 ISO 7380  Button head with TX and PIN F.T.;6X35;27380TXP6X35;
1139;A2;ISO 7380 TXP;A2 ISO 7380  Button head with TX and PIN F.T.;6X40;27380TXP6X40;
1139;A2;ISO 7380 TXP;A2 ISO 7380  Button head with TX and PIN F.T.;6X45;27380TXP6X45;
1139;A2;ISO 7380 TXP;A2 ISO 7380  Button head with TX and PIN F.T.;6X50;27380TXP6X50;
1139;A2;ISO 7380 TXP;A2 ISO 7380  Button head with TX and PIN F.T.;6X60;27380TXP6X60;
1139;A2;ISO 7380 TXP;A2 ISO 7380  Button head with TX and PIN F.T.;8X12;27380TXP8X12;
1139;A2;ISO 7380 TXP;A2 ISO 7380  Button head with TX and PIN F.T.;8X16;27380TXP8X16;
1139;A2;ISO 7380 TXP;A2 ISO 7380  Button head with TX and PIN F.T.;8X20;27380TXP8X20;
1139;A2;ISO 7380 TXP;A2 ISO 7380  Button head with TX and PIN F.T.;8X25;27380TXP8X25;
1139;A2;ISO 7380 TXP;A2 ISO 7380  Button head with TX and PIN F.T.;8X30;27380TXP8X30;
1139;A2;ISO 7380 TXP;A2 ISO 7380  Button head with TX and PIN F.T.;8X35;27380TXP8X35;
1139;A2;ISO 7380 TXP;A2 ISO 7380  Button head with TX and PIN F.T.;8X40;27380TXP8X40;
1139;A2;ISO 7380 TXP;A2 ISO 7380  Button head with TX and PIN F.T.;8X45;27380TXP8X45;
1139;A2;ISO 7380 TXP;A2 ISO 7380  Button head with TX and PIN F.T.;8X50;27380TXP8X50;
1139;A2;ISO 7380 TXP;A2 ISO 7380  Button head with TX and PIN F.T.;8X60;27380TXP8X60;
1139;A2;ISO 7380 TXP;A2 ISO 7380  Button head with TX and PIN F.T.;10X16;27380TXP10X16;
1139;A2;ISO 7380 TXP;A2 ISO 7380  Button head with TX and PIN F.T.;10X20;27380TXP10X20;
1139;A2;ISO 7380 TXP;A2 ISO 7380  Button head with TX and PIN F.T.;10X25;27380TXP10X25;
1139;A2;ISO 7380 TXP;A2 ISO 7380  Button head with TX and PIN F.T.;10X30;27380TXP10X30;
1139;A2;ISO 7380 TXP;A2 ISO 7380  Button head with TX and PIN F.T.;10X35;27380TXP10X35;
1139;A2;ISO 7380 TXP;A2 ISO 7380  Button head with TX and PIN F.T.;10X40;27380TXP10X40;
1139;A2;ISO 7380 TXP;A2 ISO 7380  Button head with TX and PIN F.T.;10X45;27380TXP10X45;
1139;A2;ISO 7380 TXP;A2 ISO 7380  Button head with TX and PIN F.T.;10X50;27380TXP10X50;
1139;A2;ISO 7380 TXP;A2 ISO 7380  Button head with TX and PIN F.T.;10X70;27380TXP10X70;
1139;A2;DIN 7500CE;A2 DIN 7500CE  Thread rolling pan head screws - Z -;2,5X4;27500C2,5X4;
1139;A2;DIN 7500CE;A2 DIN 7500CE  Thread rolling pan head screws - Z -;2,5X5;27500C2,5X5;
1139;A2;DIN 7500CE;A2 DIN 7500CE  Thread rolling pan head screws - Z -;2,5X6;27500C2,5X6;
1139;A2;DIN 7500CE;A2 DIN 7500CE  Thread rolling pan head screws - Z -;2,5X8;27500C2,5X8;
1139;A2;DIN 7500CE;A2 DIN 7500CE  Thread rolling pan head screws - Z -;2,5X10;27500C2,5X10;
1139;A2;DIN 7500CE;A2 DIN 7500CE  Thread rolling pan head screws - Z -;2,5X12;27500C2,5X12;
1139;A2;DIN 7500CE;A2 DIN 7500CE  Thread rolling pan head screws - Z -;3X5;27500C3X5;
1139;A2;DIN 7500CE;A2 DIN 7500CE  Thread rolling pan head screws - Z -;3X6;27500C3X6;
1139;A2;DIN 7500CE;A2 DIN 7500CE  Thread rolling pan head screws - Z -;3X8;27500C3X8;
1139;A2;DIN 7500CE;A2 DIN 7500CE  Thread rolling pan head screws - Z -;3X10;27500C3X10;
1139;A2;DIN 7500CE;A2 DIN 7500CE  Thread rolling pan head screws - Z -;3X12;27500C3X12;
1139;A2;DIN 7500CE;A2 DIN 7500CE  Thread rolling pan head screws - Z -;3X16;27500C3X16;
1139;A2;DIN 7500CE;A2 DIN 7500CE  Thread rolling pan head screws - Z -;3X20;27500C3X20;
1139;A2;DIN 7500CE;A2 DIN 7500CE  Thread rolling pan head screws - Z -;4X6;27500C4X6;
1139;A2;DIN 7500CE;A2 DIN 7500CE  Thread rolling pan head screws - Z -;4X8;27500C4X8;
1139;A2;DIN 7500CE;A2 DIN 7500CE  Thread rolling pan head screws - Z -;4X10;27500C4X10;
1139;A2;DIN 7500CE;A2 DIN 7500CE  Thread rolling pan head screws - Z -;4X12;27500C4X12;
1139;A2;DIN 7500CE;A2 DIN 7500CE  Thread rolling pan head screws - Z -;4X16;27500C4X16;
1139;A2;DIN 7500CE;A2 DIN 7500CE  Thread rolling pan head screws - Z -;4X20;27500C4X20;
1139;A2;DIN 7500CE;A2 DIN 7500CE  Thread rolling pan head screws - Z -;4X25;27500C4X25;
1139;A2;DIN 7500CE;A2 DIN 7500CE  Thread rolling pan head screws - Z -;4X30;27500C4X30;
1139;A2;DIN 7500CE;A2 DIN 7500CE  Thread rolling pan head screws - Z -;5X8;27500C5X8;
1139;A2;DIN 7500CE;A2 DIN 7500CE  Thread rolling pan head screws - Z -;5X10;27500C5X10;
1139;A2;DIN 7500CE;A2 DIN 7500CE  Thread rolling pan head screws - Z -;5X12;27500C5X12;
1139;A2;DIN 7500CE;A2 DIN 7500CE  Thread rolling pan head screws - Z -;5X14;27500C5X14;
1139;A2;DIN 7500CE;A2 DIN 7500CE  Thread rolling pan head screws - Z -;5X16;27500C5X16;
1139;A2;DIN 7500CE;A2 DIN 7500CE  Thread rolling pan head screws - Z -;5X20;27500C5X20;
1139;A2;DIN 7500CE;A2 DIN 7500CE  Thread rolling pan head screws - Z -;5X25;27500C5X25;
1139;A2;DIN 7500CE;A2 DIN 7500CE  Thread rolling pan head screws - Z -;5X30;27500C5X30;
1139;A2;DIN 7500CE;A2 DIN 7500CE  Thread rolling pan head screws - Z -;6X10;27500C6X10;
1139;A2;DIN 7500CE;A2 DIN 7500CE  Thread rolling pan head screws - Z -;6X12;27500C6X12;
1139;A2;DIN 7500CE;A2 DIN 7500CE  Thread rolling pan head screws - Z -;6X16;27500C6X16;
1139;A2;DIN 7500CE;A2 DIN 7500CE  Thread rolling pan head screws - Z -;6X20;27500C6X20;
1139;A2;DIN 7500CE;A2 DIN 7500CE  Thread rolling pan head screws - Z -;6X25;27500C6X25;
1139;A2;DIN 7500CE;A2 DIN 7500CE  Thread rolling pan head screws - Z -;6X30;27500C6X30;
1139;A2;ART. 25511 L;A2 ART. 25511  AFNOR serrated conical spring washers  type L;5;225511L5;
1139;A2;ART. 25511 L;A2 ART. 25511  AFNOR serrated conical spring washers  type L;6;225511L6;
1139;A2;ART. 25511 L;A2 ART. 25511  AFNOR serrated conical spring washers  type L;8;225511L8;
1139;A2;sim. DIN 7505 B TX;A2 sim. DIN 7505B  CBS pan  double head  FT TX;3X12;27505BTX3X12;
1139;A2;sim. DIN 7505 B TX;A2 sim. DIN 7505B  CBS pan  double head  FT TX;3X16;27505BTX3X16;
1139;A2;sim. DIN 7505 B TX;A2 sim. DIN 7505B  CBS pan  double head  FT TX;3X20;27505BTX3X20;
1139;A2;sim. DIN 7505 B TX;A2 sim. DIN 7505B  CBS pan  double head  FT TX;3X25;27505BTX3X25;
1139;A2;sim. DIN 7505 B TX;A2 sim. DIN 7505B  CBS pan  double head  FT TX;3X30;27505BTX3X30;
1139;A2;sim. DIN 7505 B TX;A2 sim. DIN 7505B  CBS pan  double head  FT TX;3X35;27505BTX3X35;
1139;A2;sim. DIN 7505 B TX;A2 sim. DIN 7505B  CBS pan  double head  FT TX;3,5X16;27505BTX3,5X16;
1139;A2;sim. DIN 7505 B TX;A2 sim. DIN 7505B  CBS pan  double head  FT TX;3,5X20;27505BTX3,5X20;
1139;A2;sim. DIN 7505 B TX;A2 sim. DIN 7505B  CBS pan  double head  FT TX;3,5X25;27505BTX3,5X25;
1139;A2;sim. DIN 7505 B TX;A2 sim. DIN 7505B  CBS pan  double head  FT TX;3,5X30;27505BTX3,5X30;
1139;A2;sim. DIN 7505 B TX;A2 sim. DIN 7505B  CBS pan  double head  FT TX;3,5X35;27505BTX3,5X35;
1139;A2;sim. DIN 7505 B TX;A2 sim. DIN 7505B  CBS pan  double head  FT TX;3,5X40;27505BTX3,5X40;
1139;A2;sim. DIN 7505 B TX;A2 sim. DIN 7505B  CBS pan  double head  FT TX;4X16;27505BTX4X16;
1139;A2;sim. DIN 7505 B TX;A2 sim. DIN 7505B  CBS pan  double head  FT TX;4X20;27505BTX4X20;
1139;A2;sim. DIN 7505 B TX;A2 sim. DIN 7505B  CBS pan  double head  FT TX;4X25;27505BTX4X25;
1139;A2;sim. DIN 7505 B TX;A2 sim. DIN 7505B  CBS pan  double head  FT TX;4X30;27505BTX4X30;
1139;A2;sim. DIN 7505 B TX;A2 sim. DIN 7505B  CBS pan  double head  FT TX;4X35;27505BTX4X35;
1139;A2;sim. DIN 7505 B TX;A2 sim. DIN 7505B  CBS pan  double head  FT TX;4X40;27505BTX4X40;
1139;A2;sim. DIN 7505 B TX;A2 sim. DIN 7505B  CBS pan  double head  FT TX;4X45;27505BTX4X45;
1139;A2;sim. DIN 7505 B TX;A2 sim. DIN 7505B  CBS pan  double head  FT TX;4X50;27505BTX4X50;
1139;A2;sim. DIN 7505 B TX;A2 sim. DIN 7505B  CBS pan  double head  FT TX;4X60;27505BTX4X60;
1139;A2;sim. DIN 7505 B TX;A2 sim. DIN 7505B  CBS pan  double head  FT TX;4X70;27505BTX4X70;
1139;A2;sim. DIN 7505 B TX;A2 sim. DIN 7505B  CBS pan  double head  FT TX;4,5X16;27505BTX4,5X16;
1139;A2;sim. DIN 7505 B TX;A2 sim. DIN 7505B  CBS pan  double head  FT TX;4,5x20;27505BTX4,5X20;
1139;A2;sim. DIN 7505 B TX;A2 sim. DIN 7505B  CBS pan  double head  FT TX;4,5X25;27505BTX4,5X25;
1139;A2;sim. DIN 7505 B TX;A2 sim. DIN 7505B  CBS pan  double head  FT TX;4,5X30;27505BTX4,5X30;
1139;A2;sim. DIN 7505 B TX;A2 sim. DIN 7505B  CBS pan  double head  FT TX;4,5X35;27505BTX4,5X35;
1139;A2;sim. DIN 7505 B TX;A2 sim. DIN 7505B  CBS pan  double head  FT TX;4,5X40;27505BTX4,5X40;
1139;A2;sim. DIN 7505 B TX;A2 sim. DIN 7505B  CBS pan  double head  FT TX;4,5X45;27505BTX4,5X45;
1139;A2;sim. DIN 7505 B TX;A2 sim. DIN 7505B  CBS pan  double head  FT TX;4,5X50;27505BTX4,5X50;
1139;A2;sim. DIN 7505 B TX;A2 sim. DIN 7505B  CBS pan  double head  FT TX;4,5X60;27505BTX4,5X60;
1139;A2;sim. DIN 7505 B TX;A2 sim. DIN 7505B  CBS pan  double head  FT TX;4,5X70;27505BTX4,5X70;
1139;A2;sim. DIN 7505 B TX;A2 sim. DIN 7505B  CBS pan  double head  FT TX;5x20;27505BTX5X20;
1139;A2;sim. DIN 7505 B TX;A2 sim. DIN 7505B  CBS pan  double head  FT TX;5X25;27505BTX5X25;
1139;A2;sim. DIN 7505 B TX;A2 sim. DIN 7505B  CBS pan  double head  FT TX;5X30;27505BTX5X30;
1139;A2;sim. DIN 7505 B TX;A2 sim. DIN 7505B  CBS pan  double head  FT TX;5x35;27505BTX5X35;
1139;A2;sim. DIN 7505 B TX;A2 sim. DIN 7505B  CBS pan  double head  FT TX;5X40;27505BTX5X40;
1139;A2;sim. DIN 7505 B TX;A2 sim. DIN 7505B  CBS pan  double head  FT TX;5x45;27505BTX5X45;
1139;A2;sim. DIN 7505 B TX;A2 sim. DIN 7505B  CBS pan  double head  FT TX;5X50;27505BTX5X50;
1139;A2;sim. DIN 7505 B TX;A2 sim. DIN 7505B  CBS pan  double head  FT TX;5X60;27505BTX5X60;
1139;A2;sim. DIN 7505 B TX;A2 sim. DIN 7505B  CBS pan  double head  FT TX;5X70;27505BTX5X70;
1139;A2;sim. DIN 7505 B TX;A2 sim. DIN 7505B  CBS pan  double head  FT TX;5X80;27505BTX5X80;
1139;A2;sim. DIN 7505 B TX;A2 sim. DIN 7505B  CBS pan  double head  FT TX;5X90;27505BTX5X90;
1139;A2;sim. DIN 7505 B TX;A2 sim. DIN 7505B  CBS pan  double head  FT TX;5X100;27505BTX5X100;
1139;A2;sim. DIN 7505 B TX;A2 sim. DIN 7505B  CBS pan  double head  FT TX;6x25;27505BTX6X25;
1139;A2;sim. DIN 7505 B TX;A2 sim. DIN 7505B  CBS pan  double head  FT TX;6X30;27505BTX6X30;
1139;A2;sim. DIN 7505 B TX;A2 sim. DIN 7505B  CBS pan  double head  FT TX;6X35;27505BTX6X35;
1139;A2;sim. DIN 7505 B TX;A2 sim. DIN 7505B  CBS pan  double head  FT TX;6X40;27505BTX6X40;
1139;A2;sim. DIN 7505 B TX;A2 sim. DIN 7505B  CBS pan  double head  FT TX;6X45;27505BTX6X45;
1139;A2;sim. DIN 7505 B TX;A2 sim. DIN 7505B  CBS pan  double head  FT TX;6X50;27505BTX6X50;
1139;A2;sim. DIN 7505 B TX;A2 sim. DIN 7505B  CBS pan  double head  FT TX;6X60;27505BTX6X60;
1139;A2;sim. DIN 7505 B TX;A2 sim. DIN 7505B  CBS pan  double head  FT TX;6X70;27505BTX6X70;
1139;A2;sim. DIN 7505 B TX;A2 sim. DIN 7505B  CBS pan  double head  FT TX;6X80;27505BTX6X80;
1139;A2;sim. DIN 7505 B TX;A2 sim. DIN 7505B  CBS pan  double head  FT TX;6X90;27505BTX6X90;
1139;A2;sim. DIN 7505 B TX;A2 sim. DIN 7505B  CBS pan  double head  FT TX;6X100;27505BTX6X100;
1139;A2;sim. DIN 7505 B TX;A2 sim. DIN 7505B  CBS pan  double head  FT TX;6x110;27505BTX6X110;
1139;A2;sim. DIN 7505 B TX;A2 sim. DIN 7505B  CBS pan  double head  FT TX;6X120;27505BTX6X120;
1139;A2;DIN 965 TX;A2 DIN 965  Countersunk head screws with TX;2x3;20965TX2X3;
1139;A2;DIN 965 TX;A2 DIN 965  Countersunk head screws with TX;2X4;20965TX2X4;
1139;A2;DIN 965 TX;A2 DIN 965  Countersunk head screws with TX;2X5;20965TX2X5;
1139;A2;DIN 965 TX;A2 DIN 965  Countersunk head screws with TX;2X6;20965TX2X6;
1139;A2;DIN 965 TX;A2 DIN 965  Countersunk head screws with TX;2X8;20965TX2X8;
1139;A2;DIN 965 TX;A2 DIN 965  Countersunk head screws with TX;2X10;20965TX2X10;
1139;A2;DIN 965 TX;A2 DIN 965  Countersunk head screws with TX;2X12;20965TX2X12;
1139;A2;DIN 965 TX;A2 DIN 965  Countersunk head screws with TX;2X16;20965TX2X16;
1139;A2;DIN 965 TX;A2 DIN 965  Countersunk head screws with TX;2X20;20965TX2X20;
1139;A2;DIN 965 TX;A2 DIN 965  Countersunk head screws with TX;2,5x3;20965TX2,5X3;
1139;A2;DIN 965 TX;A2 DIN 965  Countersunk head screws with TX;2,5X4;20965TX2,5X4;
1139;A2;DIN 965 TX;A2 DIN 965  Countersunk head screws with TX;2,5X5;20965TX2,5X5;
1139;A2;DIN 965 TX;A2 DIN 965  Countersunk head screws with TX;2,5X6;20965TX2,5X6;
1139;A2;DIN 965 TX;A2 DIN 965  Countersunk head screws with TX;2,5X8;20965TX2,5X8;
1139;A2;DIN 965 TX;A2 DIN 965  Countersunk head screws with TX;2,5X10;20965TX2,5X10;
1139;A2;DIN 965 TX;A2 DIN 965  Countersunk head screws with TX;2,5X12;20965TX2,5X12;
1139;A2;DIN 965 TX;A2 DIN 965  Countersunk head screws with TX;2,5X16;20965TX2,5X16;
1139;A2;DIN 965 TX;A2 DIN 965  Countersunk head screws with TX;2,5X20;20965TX2,5X20;
1139;A2;DIN 965 TX;A2 DIN 965  Countersunk head screws with TX;3x4;20965TX3X4;
1139;A2;DIN 965 TX;A2 DIN 965  Countersunk head screws with TX;3X5;20965TX3X5;
1139;A2;DIN 965 TX;A2 DIN 965  Countersunk head screws with TX;3X6;20965TX3X6;
1139;A2;DIN 965 TX;A2 DIN 965  Countersunk head screws with TX;3X8;20965TX3X8;
1139;A2;DIN 965 TX;A2 DIN 965  Countersunk head screws with TX;3X10;20965TX3X10;
1139;A2;DIN 965 TX;A2 DIN 965  Countersunk head screws with TX;3X12;20965TX3X12;
1139;A2;DIN 965 TX;A2 DIN 965  Countersunk head screws with TX;3x14;20965TX3X14;
1139;A2;DIN 965 TX;A2 DIN 965  Countersunk head screws with TX;3X16;20965TX3X16;
1139;A2;DIN 965 TX;A2 DIN 965  Countersunk head screws with TX;3X20;20965TX3X20;
1139;A2;DIN 965 TX;A2 DIN 965  Countersunk head screws with TX;3x25;20965TX3X25;
1139;A2;DIN 965 TX;A2 DIN 965  Countersunk head screws with TX;3X30;20965TX3X30;
1139;A2;DIN 965 TX;A2 DIN 965  Countersunk head screws with TX;4X5;20965TX4X5;
1139;A2;DIN 965 TX;A2 DIN 965  Countersunk head screws with TX;4X6;20965TX4X6;
1139;A2;DIN 965 TX;A2 DIN 965  Countersunk head screws with TX;4X8;20965TX4X8;
1139;A2;DIN 965 TX;A2 DIN 965  Countersunk head screws with TX;4X10;20965TX4X10;
1139;A2;DIN 965 TX;A2 DIN 965  Countersunk head screws with TX;4X12;20965TX4X12;
1139;A2;DIN 965 TX;A2 DIN 965  Countersunk head screws with TX;4x14;20965TX4X14;
1139;A2;DIN 965 TX;A2 DIN 965  Countersunk head screws with TX;4X16;20965TX4X16;
1139;A2;DIN 965 TX;A2 DIN 965  Countersunk head screws with TX;4X20;20965TX4X20;
1139;A2;DIN 965 TX;A2 DIN 965  Countersunk head screws with TX;4X25;20965TX4X25;
1139;A2;DIN 965 TX;A2 DIN 965  Countersunk head screws with TX;4X30;20965TX4X30;
1139;A2;DIN 965 TX;A2 DIN 965  Countersunk head screws with TX;4X35;20965TX4X35;
1139;A2;DIN 965 TX;A2 DIN 965  Countersunk head screws with TX;4X40;20965TX4X40;
1139;A2;DIN 965 TX;A2 DIN 965  Countersunk head screws with TX;4x50;20965TX4X50;
1139;A2;DIN 965 TX;A2 DIN 965  Countersunk head screws with TX;5X8;20965TX5X8;
1139;A2;DIN 965 TX;A2 DIN 965  Countersunk head screws with TX;5X10;20965TX5X10;
1139;A2;DIN 965 TX;A2 DIN 965  Countersunk head screws with TX;5X12;20965TX5X12;
1139;A2;DIN 965 TX;A2 DIN 965  Countersunk head screws with TX;5X14;20965TX5X14;
1139;A2;DIN 965 TX;A2 DIN 965  Countersunk head screws with TX;5X16;20965TX5X16;
1139;A2;DIN 965 TX;A2 DIN 965  Countersunk head screws with TX;5X20;20965TX5X20;
1139;A2;DIN 965 TX;A2 DIN 965  Countersunk head screws with TX;5X25;20965TX5X25;
1139;A2;DIN 965 TX;A2 DIN 965  Countersunk head screws with TX;5X30;20965TX5X30;
1139;A2;DIN 965 TX;A2 DIN 965  Countersunk head screws with TX;5X35;20965TX5X35;
1139;A2;DIN 965 TX;A2 DIN 965  Countersunk head screws with TX;5X40;20965TX5X40;
1139;A2;DIN 965 TX;A2 DIN 965  Countersunk head screws with TX;5x50;20965TX5X50;
1139;A2;DIN 965 TX;A2 DIN 965  Countersunk head screws with TX;5x60;20965TX5X60;
1139;A2;DIN 965 TX;A2 DIN 965  Countersunk head screws with TX;5X80;20965TX5X80;
1139;A2;DIN 965 TX;A2 DIN 965  Countersunk head screws with TX;6X10;20965TX6X10;
1139;A2;DIN 965 TX;A2 DIN 965  Countersunk head screws with TX;6X12;20965TX6X12;
1139;A2;DIN 965 TX;A2 DIN 965  Countersunk head screws with TX;6X14;20965TX6X14;
1139;A2;DIN 965 TX;A2 DIN 965  Countersunk head screws with TX;6X16;20965TX6X16;
1139;A2;DIN 965 TX;A2 DIN 965  Countersunk head screws with TX;6X20;20965TX6X20;
1139;A2;DIN 965 TX;A2 DIN 965  Countersunk head screws with TX;6X25;20965TX6X25;
1139;A2;DIN 965 TX;A2 DIN 965  Countersunk head screws with TX;6X30;20965TX6X30;
1139;A2;DIN 965 TX;A2 DIN 965  Countersunk head screws with TX;6X35;20965TX6X35;
1139;A2;DIN 965 TX;A2 DIN 965  Countersunk head screws with TX;6X40;20965TX6X40;
1139;A2;DIN 965 TX;A2 DIN 965  Countersunk head screws with TX;6x45;20965TX6X45;
1139;A2;DIN 965 TX;A2 DIN 965  Countersunk head screws with TX;6x50;20965TX6X50;
1139;A2;DIN 965 TX;A2 DIN 965  Countersunk head screws with TX;6x60;20965TX6X60;
1139;A2;DIN 965 TX;A2 DIN 965  Countersunk head screws with TX;6X120;20965TX6X120;
1139;A2;DIN 965 TX;A2 DIN 965  Countersunk head screws with TX;8x12;20965TX8X12;
1139;A2;DIN 965 TX;A2 DIN 965  Countersunk head screws with TX;8X16;20965TX8X16;
1139;A2;DIN 965 TX;A2 DIN 965  Countersunk head screws with TX;8x20;20965TX8X20;
1139;A2;DIN 965 TX;A2 DIN 965  Countersunk head screws with TX;8X25;20965TX8X25;
1139;A2;DIN 965 TX;A2 DIN 965  Countersunk head screws with TX;8X30;20965TX8X30;
1139;A2;DIN 965 TX;A2 DIN 965  Countersunk head screws with TX;8X40;20965TX8X40;
1139;A2;DIN 965 TX;A2 DIN 965  Countersunk head screws with TX;8X60;20965TX8X60;
1139;A2;DIN 7500 C TX;A2 DIN 7500CE  Thread rolling pan head screws with TX;2,5X4;27500CTX2,5X4;
1139;A2;DIN 7500 C TX;A2 DIN 7500CE  Thread rolling pan head screws with TX;2,5X6;27500CTX2,5X6;
1139;A2;DIN 7500 C TX;A2 DIN 7500CE  Thread rolling pan head screws with TX;2,5X8;27500CTX2,5X8;
1139;A2;DIN 7500 C TX;A2 DIN 7500CE  Thread rolling pan head screws with TX;2,5X10;27500CTX2,5X10;
1139;A2;DIN 7500 C TX;A2 DIN 7500CE  Thread rolling pan head screws with TX;3X5;27500CTX3X5;
1139;A2;DIN 7500 C TX;A2 DIN 7500CE  Thread rolling pan head screws with TX;3X6;27500CTX3X6;
1139;A2;DIN 7500 C TX;A2 DIN 7500CE  Thread rolling pan head screws with TX;3X8;27500CTX3X8;
1139;A2;DIN 7500 C TX;A2 DIN 7500CE  Thread rolling pan head screws with TX;3X10;27500CTX3X10;
1139;A2;DIN 7500 C TX;A2 DIN 7500CE  Thread rolling pan head screws with TX;3X12;27500CTX3X12;
1139;A2;DIN 7500 C TX;A2 DIN 7500CE  Thread rolling pan head screws with TX;3X16;27500CTX3X16;
1139;A2;DIN 7500 C TX;A2 DIN 7500CE  Thread rolling pan head screws with TX;3X20;27500CTX3X20;
1139;A2;DIN 7500 C TX;A2 DIN 7500CE  Thread rolling pan head screws with TX;4X6;27500CTX4X6;
1139;A2;DIN 7500 C TX;A2 DIN 7500CE  Thread rolling pan head screws with TX;4X8;27500CTX4X8;
1139;A2;DIN 7500 C TX;A2 DIN 7500CE  Thread rolling pan head screws with TX;4X10;27500CTX4X10;
1139;A2;DIN 7500 C TX;A2 DIN 7500CE  Thread rolling pan head screws with TX;4X12;27500CTX4X12;
1139;A2;DIN 7500 C TX;A2 DIN 7500CE  Thread rolling pan head screws with TX;4X16;27500CTX4X16;
1139;A2;DIN 7500 C TX;A2 DIN 7500CE  Thread rolling pan head screws with TX;4X20;27500CTX4X20;
1139;A2;DIN 7500 C TX;A2 DIN 7500CE  Thread rolling pan head screws with TX;4X25;27500CTX4X25;
1139;A2;DIN 7500 C TX;A2 DIN 7500CE  Thread rolling pan head screws with TX;4X30;27500CTX4X30;
1139;A2;DIN 7500 C TX;A2 DIN 7500CE  Thread rolling pan head screws with TX;5X8;27500CTX5X8;
1139;A2;DIN 7500 C TX;A2 DIN 7500CE  Thread rolling pan head screws with TX;5X10;27500CTX5X10;
1139;A2;DIN 7500 C TX;A2 DIN 7500CE  Thread rolling pan head screws with TX;5X12;27500CTX5X12;
1139;A2;DIN 7500 C TX;A2 DIN 7500CE  Thread rolling pan head screws with TX;5X16;27500CTX5X16;
1139;A2;DIN 7500 C TX;A2 DIN 7500CE  Thread rolling pan head screws with TX;5X20;27500CTX5X20;
1139;A2;DIN 7500 C TX;A2 DIN 7500CE  Thread rolling pan head screws with TX;5X25;27500CTX5X25;
1139;A2;DIN 7500 C TX;A2 DIN 7500CE  Thread rolling pan head screws with TX;5X30;27500CTX5X30;
1139;A2;DIN 7500 C TX;A2 DIN 7500CE  Thread rolling pan head screws with TX;6X10;27500CTX6X10;
1139;A2;DIN 7500 C TX;A2 DIN 7500CE  Thread rolling pan head screws with TX;6X12;27500CTX6X12;
1139;A2;DIN 7500 C TX;A2 DIN 7500CE  Thread rolling pan head screws with TX;6X16;27500CTX6X16;
1139;A2;DIN 7500 C TX;A2 DIN 7500CE  Thread rolling pan head screws with TX;6X20;27500CTX6X20;
1139;A2;DIN 7500 C TX;A2 DIN 7500CE  Thread rolling pan head screws with TX;6X25;27500CTX6X25;
1139;A2;DIN 7500 C TX;A2 DIN 7500CE  Thread rolling pan head screws with TX;6X30;27500CTX6X30;
1139;A4;DIN 6921;A4 DIN 6921  Hexagon bolt with flange full thread;6X8;469216X8;
1139;A2;DIN 976 LH;A2 DIN 976  Threaded rods  Left Hand;5;20976LH5;
1139;A2;DIN 976 LH;A2 DIN 976  Threaded rods  Left Hand;6;20976LH6;
1139;A2;DIN 976 LH;A2 DIN 976  Threaded rods  Left Hand;8;20976LH8;
1139;A2;DIN 976 LH;A2 DIN 976  Threaded rods  Left Hand;10;20976LH10;
1139;A2;DIN 976 LH;A2 DIN 976  Threaded rods  Left Hand;12;20976LH12;
1139;A2;DIN 976 LH;A2 DIN 976  Threaded rods  Left Hand;14;20976LH14;
1139;A2;DIN 976 LH;A2 DIN 976  Threaded rods  Left Hand;16;20976LH16;
1139;A2;DIN 976 LH;A2 DIN 976  Threaded rods  Left Hand;18;20976LH18;
1139;A2;DIN 976 LH;A2 DIN 976  Threaded rods  Left Hand;20;20976LH20;
1139;A2;DIN 976 LH;A2 DIN 976  Threaded rods  Left Hand;24;20976LH24;
1139;A4;DIN 3017;A4 DIN 3017  Hose clamps type A;10-16/9;4301710-16/9;
1139;A4;DIN 3017;A4 DIN 3017  Hose clamps type A;12-22/9;4301712-22/9;
1139;A4;DIN 3017;A4 DIN 3017  Hose clamps type A;12-22/12;4301712-22/12;
1139;A4;DIN 3017;A4 DIN 3017  Hose clamps type A;16-27/9;4301716-27/9;
1139;A4;DIN 3017;A4 DIN 3017  Hose clamps type A;16-27/12;4301716-27/12;
1139;A4;DIN 3017;A4 DIN 3017  Hose clamps type A;20-32/12;4301720-32/12;
1139;A4;DIN 3017;A4 DIN 3017  Hose clamps type A;20-32/9;4301720-32/9;
1139;A4;DIN 3017;A4 DIN 3017  Hose clamps type A;100-120/9;43017100-120/9;
1139;A4;DIN 3017;A4 DIN 3017  Hose clamps type A;100-120/12;43017100-120/12;
1139;A4;DIN 3017;A4 DIN 3017  Hose clamps type A;110-130/9;43017110-130/9;
1139;A4;DIN 3017;A4 DIN 3017  Hose clamps type A;110-130/12;43017110-130/12;
1139;A4;DIN 3017;A4 DIN 3017  Hose clamps type A;120-140/12;43017120-140/12;
1139;A4;DIN 3017;A4 DIN 3017  Hose clamps type A;120-140/9;43017120-140/9;
1139;A4;DIN 3017;A4 DIN 3017  Hose clamps type A;130-150/9;43017130-150/9;
1139;A4;DIN 3017;A4 DIN 3017  Hose clamps type A;130-150/12;43017130-150/12;
1139;A4;DIN 3017;A4 DIN 3017  Hose clamps type A;140-160/9;43017140-160/9;
1139;A4;DIN 3017;A4 DIN 3017  Hose clamps type A;140-160/12;43017140-160/12;
1139;A4;DIN 3017;A4 DIN 3017  Hose clamps type A;150-170/12;43017150-170/12;
1139;A4;DIN 3017;A4 DIN 3017  Hose clamps type A;150-170/9;43017150-170/9;
1139;A4;DIN 3017;A4 DIN 3017  Hose clamps type A;160-180/12;43017160-180/12;
1139;A4;DIN 3017;A4 DIN 3017  Hose clamps type A;160-180/9;43017160-180/9;
1139;A4;DIN 3017;A4 DIN 3017  Hose clamps type A;170-190/9;43017170-190/9;
1139;A4;DIN 3017;A4 DIN 3017  Hose clamps type A;170-190/12;43017170-190/12;
1139;A4;DIN 3017;A4 DIN 3017  Hose clamps type A;180-200/9;43017180-200/9;
1139;A4;DIN 3017;A4 DIN 3017  Hose clamps type A;180-200/12;43017180-200/12;
1139;A4;DIN 3017;A4 DIN 3017  Hose clamps type A;190-210/12;43017190-210/12;
1139;A4;DIN 3017;A4 DIN 3017  Hose clamps type A;190-210/9;43017190-210/9;
1139;A4;DIN 3017;A4 DIN 3017  Hose clamps type A;200-220/9;43017200-220/9;
1139;A4;DIN 3017;A4 DIN 3017  Hose clamps type A;200-220/12;43017200-220/12;
1139;A4;DIN 3017;A4 DIN 3017  Hose clamps type A;210-230/9;43017210-230/9;
1139;A4;DIN 3017;A4 DIN 3017  Hose clamps type A;210-230/12;43017210-230/12;
1139;A4;DIN 3017;A4 DIN 3017  Hose clamps type A;220-240/9;43017220-240/9;
1139;A4;DIN 3017;A4 DIN 3017  Hose clamps type A;220-240/12;43017220-240/12;
1139;A4;DIN 3017;A4 DIN 3017  Hose clamps type A;230-250/9;43017230-250/9;
1139;A4;DIN 3017;A4 DIN 3017  Hose clamps type A;230-250/12;43017230-250/12;
1139;A4;DIN 3017;A4 DIN 3017  Hose clamps type A;240-260/12;43017240-260/12;
1139;A4;DIN 3017;A4 DIN 3017  Hose clamps type A;240-260/9;43017240-260/9;
1139;A2;ISO 7380 P;A2 ISO 7380  Socket Button Head with Hex + Pin;3X6;27380P3X6;
1139;A2;ISO 7380 P;A2 ISO 7380  Socket Button Head with Hex + Pin;3X8;27380P3X8;
1139;A2;ISO 7380 P;A2 ISO 7380  Socket Button Head with Hex + Pin;3X10;27380P3X10;
1139;A2;ISO 7380 P;A2 ISO 7380  Socket Button Head with Hex + Pin;3X12;27380P3X12;
1139;A2;ISO 7380 P;A2 ISO 7380  Socket Button Head with Hex + Pin;4X8;27380P4X8;
1139;A2;ISO 7380 P;A2 ISO 7380  Socket Button Head with Hex + Pin;4X10;27380P4X10;
1139;A2;ISO 7380 P;A2 ISO 7380  Socket Button Head with Hex + Pin;4X12;27380P4X12;
1139;A2;ISO 7380 P;A2 ISO 7380  Socket Button Head with Hex + Pin;4X16;27380P4X16;
1139;A2;ISO 7380 P;A2 ISO 7380  Socket Button Head with Hex + Pin;4X20;27380P4X20;
1139;A2;ISO 7380 P;A2 ISO 7380  Socket Button Head with Hex + Pin;4X25;27380P4X25;
1139;A2;ISO 7380 P;A2 ISO 7380  Socket Button Head with Hex + Pin;4X30;27380P4X30;
1139;A2;ISO 7380 P;A2 ISO 7380  Socket Button Head with Hex + Pin;5X8;27380P5X8;
1139;A2;ISO 7380 P;A2 ISO 7380  Socket Button Head with Hex + Pin;5X10;27380P5X10;
1139;A2;ISO 7380 P;A2 ISO 7380  Socket Button Head with Hex + Pin;5x12;27380P5x12;
1139;A2;ISO 7380 P;A2 ISO 7380  Socket Button Head with Hex + Pin;5X16;27380P5X16;
1139;A2;ISO 7380 P;A2 ISO 7380  Socket Button Head with Hex + Pin;5X20;27380P5X20;
1139;A2;ISO 7380 P;A2 ISO 7380  Socket Button Head with Hex + Pin;5X25;27380P5X25;
1139;A2;ISO 7380 P;A2 ISO 7380  Socket Button Head with Hex + Pin;5X30;27380P5X30;
1139;A2;ISO 7380 P;A2 ISO 7380  Socket Button Head with Hex + Pin;5X40;27380P5X40;
1139;A2;ISO 7380 P;A2 ISO 7380  Socket Button Head with Hex + Pin;6X10;27380P6X10;
1139;A2;ISO 7380 P;A2 ISO 7380  Socket Button Head with Hex + Pin;6X12;27380P6X12;
1139;A2;ISO 7380 P;A2 ISO 7380  Socket Button Head with Hex + Pin;6X16;27380P6X16;
1139;A2;ISO 7380 P;A2 ISO 7380  Socket Button Head with Hex + Pin;6X20;27380P6X20;
1139;A2;ISO 7380 P;A2 ISO 7380  Socket Button Head with Hex + Pin;6X25;27380P6X25;
1139;A2;ISO 7380 P;A2 ISO 7380  Socket Button Head with Hex + Pin;6X30;27380P6X30;
1139;A2;ISO 7380 P;A2 ISO 7380  Socket Button Head with Hex + Pin;6X40;27380P6X40;
1139;A2;ISO 7380 P;A2 ISO 7380  Socket Button Head with Hex + Pin;8X10;27380P8X10;
1139;A2;ISO 7380 P;A2 ISO 7380  Socket Button Head with Hex + Pin;8X12;27380P8X12;
1139;A2;ISO 7380 P;A2 ISO 7380  Socket Button Head with Hex + Pin;8X16;27380P8X16;
1139;A2;ISO 7380 P;A2 ISO 7380  Socket Button Head with Hex + Pin;8X20;27380P8X20;
1139;A2;ISO 7380 P;A2 ISO 7380  Socket Button Head with Hex + Pin;8X25;27380P8X25;
1139;A2;ISO 7380 P;A2 ISO 7380  Socket Button Head with Hex + Pin;8X30;27380P8X30;
1139;A2;ISO 7380 P;A2 ISO 7380  Socket Button Head with Hex + Pin;8X35;27380P8X35;
1139;A2;ISO 7380 P;A2 ISO 7380  Socket Button Head with Hex + Pin;8X40;27380P8X40;
1139;A2;ISO 7380 P;A2 ISO 7380  Socket Button Head with Hex + Pin;8X50;27380P8X50;
1139;A2;ISO 7380 P;A2 ISO 7380  Socket Button Head with Hex + Pin;10X16;27380P10X16;
1139;A2;ISO 7380 P;A2 ISO 7380  Socket Button Head with Hex + Pin;10X20;27380P10X20;
1139;A2;ISO 7380 P;A2 ISO 7380  Socket Button Head with Hex + Pin;10X25;27380P10X25;
1139;A2;ISO 7380 P;A2 ISO 7380  Socket Button Head with Hex + Pin;10X30;27380P10X30;
1139;A2;ISO 7380 P;A2 ISO 7380  Socket Button Head with Hex + Pin;10X50;27380P10X50;
1139;A2;ISO 7380 P;A2 ISO 7380  Socket Button Head with Hex + Pin;10X60;27380P10X60;
1139;A2;ISO 7380 P;A2 ISO 7380  Socket Button Head with Hex + Pin;10X70;27380P10X70;
1139;A2;DIN 7500ME;A2 DIN 7500ME  Thread rolling countersunk head screws Z;2,5X6;27500M2,5X6;
1139;A2;DIN 7500ME;A2 DIN 7500ME  Thread rolling countersunk head screws Z;2,5X8;27500M2,5X8;
1139;A2;DIN 7500ME;A2 DIN 7500ME  Thread rolling countersunk head screws Z;2,5X10;27500M2,5X10;
1139;A2;DIN 7500ME;A2 DIN 7500ME  Thread rolling countersunk head screws Z;2,5X12;27500M2,5X12;
1139;A2;DIN 7500ME;A2 DIN 7500ME  Thread rolling countersunk head screws Z;3X6;27500M3X6;
1139;A2;DIN 7500ME;A2 DIN 7500ME  Thread rolling countersunk head screws Z;3X8;27500M3X8;
1139;A2;DIN 7500ME;A2 DIN 7500ME  Thread rolling countersunk head screws Z;3X10;27500M3X10;
1139;A2;DIN 7500ME;A2 DIN 7500ME  Thread rolling countersunk head screws Z;3X12;27500M3X12;
1139;A2;DIN 7500ME;A2 DIN 7500ME  Thread rolling countersunk head screws Z;3X16;27500M3X16;
1139;A2;DIN 7500ME;A2 DIN 7500ME  Thread rolling countersunk head screws Z;3x20;27500M3X20;
1139;A2;DIN 7500ME;A2 DIN 7500ME  Thread rolling countersunk head screws Z;4X6;27500M4X6;
1139;A2;DIN 7500ME;A2 DIN 7500ME  Thread rolling countersunk head screws Z;4X8;27500M4X8;
1139;A2;DIN 7500ME;A2 DIN 7500ME  Thread rolling countersunk head screws Z;4X10;27500M4X10;
1139;A2;DIN 7500ME;A2 DIN 7500ME  Thread rolling countersunk head screws Z;4X12;27500M4X12;
1139;A2;DIN 7500ME;A2 DIN 7500ME  Thread rolling countersunk head screws Z;4X16;27500M4X16;
1139;A2;DIN 7500ME;A2 DIN 7500ME  Thread rolling countersunk head screws Z;4X20;27500M4X20;
1139;A2;DIN 7500ME;A2 DIN 7500ME  Thread rolling countersunk head screws Z;4X25;27500M4X25;
1139;A2;DIN 7500ME;A2 DIN 7500ME  Thread rolling countersunk head screws Z;5X10;27500M5X10;
1139;A2;DIN 7500ME;A2 DIN 7500ME  Thread rolling countersunk head screws Z;5X12;27500M5X12;
1139;A2;DIN 7500ME;A2 DIN 7500ME  Thread rolling countersunk head screws Z;5X16;27500M5X16;
1139;A2;DIN 7500ME;A2 DIN 7500ME  Thread rolling countersunk head screws Z;5X20;27500M5X20;
1139;A2;DIN 7500ME;A2 DIN 7500ME  Thread rolling countersunk head screws Z;5X25;27500M5X25;
1139;A2;DIN 7500ME;A2 DIN 7500ME  Thread rolling countersunk head screws Z;5X30;27500M5X30;
1139;A2;DIN 7500ME;A2 DIN 7500ME  Thread rolling countersunk head screws Z;6X10;27500M6X10;
1139;A2;DIN 7500ME;A2 DIN 7500ME  Thread rolling countersunk head screws Z;6x12;27500M6X12;
1139;A2;DIN 7500ME;A2 DIN 7500ME  Thread rolling countersunk head screws Z;6X16;27500M6X16;
1139;A2;DIN 7500ME;A2 DIN 7500ME  Thread rolling countersunk head screws Z;6X20;27500M6X20;
1139;A2;DIN 7500ME;A2 DIN 7500ME  Thread rolling countersunk head screws Z;6x25;27500M6X25;
1139;A2;DIN 7500ME;A2 DIN 7500ME  Thread rolling countersunk head screws Z;6X30;27500M6X30;
1139;A5;DIN 6885;1.4571 DIN 6885  Parallel keys type A;2X2X6;468852X6;
1139;A5;DIN 6885;1.4571 DIN 6885  Parallel keys type A;2X2X10;468852X10;
1139;A5;DIN 6885;1.4571 DIN 6885  Parallel keys type A;3X3X6;468853X6;
1139;A5;DIN 6885;1.4571 DIN 6885  Parallel keys type A;3X3X10;468853X10;
1139;A5;DIN 6885;1.4571 DIN 6885  Parallel keys type A;3X3X12;468853X12;
1139;A5;DIN 6885;1.4571 DIN 6885  Parallel keys type A;3X3X14;468853X14;
1139;A5;DIN 6885;1.4571 DIN 6885  Parallel keys type A;3X3X16;468853X16;
1139;A5;DIN 6885;1.4571 DIN 6885  Parallel keys type A;3X3X20;468853X20;
1139;A5;DIN 6885;1.4571 DIN 6885  Parallel keys type A;3X3X25;468853X25;
1139;A5;DIN 6885;1.4571 DIN 6885  Parallel keys type A;4X4X8;468854X8;
1139;A5;DIN 6885;1.4571 DIN 6885  Parallel keys type A;4X4X10;468854X10;
1139;A5;DIN 6885;1.4571 DIN 6885  Parallel keys type A;4X4X12;468854X12;
1139;A5;DIN 6885;1.4571 DIN 6885  Parallel keys type A;4X4X14;468854X14;
1139;A5;DIN 6885;1.4571 DIN 6885  Parallel keys type A;4X4X16;468854X16;
1139;A5;DIN 6885;1.4571 DIN 6885  Parallel keys type A;4X4X18;468854X18;
1139;A5;DIN 6885;1.4571 DIN 6885  Parallel keys type A;4X4X20;468854X20;
1139;A5;DIN 6885;1.4571 DIN 6885  Parallel keys type A;4X4X25;468854X25;
1139;A5;DIN 6885;1.4571 DIN 6885  Parallel keys type A;4X4X30;468854X30;
1139;A5;DIN 6885;1.4571 DIN 6885  Parallel keys type A;4X4X40;468854X40;
1139;A5;DIN 6885;1.4571 DIN 6885  Parallel keys type A;4X4X45;468854X45;
1139;A5;DIN 6885;1.4571 DIN 6885  Parallel keys type A;4X4X50;468854X50;
1139;A5;DIN 6885;1.4571 DIN 6885  Parallel keys type A;5X5X10;468855X10;
1139;A5;DIN 6885;1.4571 DIN 6885  Parallel keys type A;5X5X12;468855X12;
1139;A5;DIN 6885;1.4571 DIN 6885  Parallel keys type A;5X5X14;468855X14;
1139;A5;DIN 6885;1.4571 DIN 6885  Parallel keys type A;5X5X16;468855X16;
1139;A5;DIN 6885;1.4571 DIN 6885  Parallel keys type A;5X5X18;468855X18;
1139;A5;DIN 6885;1.4571 DIN 6885  Parallel keys type A;5X5X20;468855X20;
1139;A5;DIN 6885;1.4571 DIN 6885  Parallel keys type A;5X5X22;468855X22;
1139;A5;DIN 6885;1.4571 DIN 6885  Parallel keys type A;5X5X25;468855X25;
1139;A5;DIN 6885;1.4571 DIN 6885  Parallel keys type A;5X5X30;468855X30;
1139;A5;DIN 6885;1.4571 DIN 6885  Parallel keys type A;5X5X36;468855X36;
1139;A5;DIN 6885;1.4571 DIN 6885  Parallel keys type A;5X5X40;468855X40;
1139;A5;DIN 6885;1.4571 DIN 6885  Parallel keys type A;5X5X45;468855X45;
1139;A5;DIN 6885;1.4571 DIN 6885  Parallel keys type A;5X5X50;468855X50;
1139;A5;DIN 6885;1.4571 DIN 6885  Parallel keys type A;6X6X10;468856X10;
1139;A5;DIN 6885;1.4571 DIN 6885  Parallel keys type A;6X6X12;468856X12;
1139;A5;DIN 6885;1.4571 DIN 6885  Parallel keys type A;6X6X14;468856X14;
1139;A5;DIN 6885;1.4571 DIN 6885  Parallel keys type A;6X6X16;468856X16;
1139;A5;DIN 6885;1.4571 DIN 6885  Parallel keys type A;6X6X18;468856X18;
1139;A5;DIN 6885;1.4571 DIN 6885  Parallel keys type A;6X6X20;468856X20;
1139;A5;DIN 6885;1.4571 DIN 6885  Parallel keys type A;6X6X22;468856X22;
1139;A5;DIN 6885;1.4571 DIN 6885  Parallel keys type A;6X6X25;468856X25;
1139;A5;DIN 6885;1.4571 DIN 6885  Parallel keys type A;6X6X28;468856X28;
1139;A5;DIN 6885;1.4571 DIN 6885  Parallel keys type A;6X6X30;468856X30;
1139;A5;DIN 6885;1.4571 DIN 6885  Parallel keys type A;6X6X32;468856X32;
1139;A5;DIN 6885;1.4571 DIN 6885  Parallel keys type A;6X6X36;468856X36;
1139;A5;DIN 6885;1.4571 DIN 6885  Parallel keys type A;6X6X40;468856X40;
1139;A5;DIN 6885;1.4571 DIN 6885  Parallel keys type A;6X6X45;468856X45;
1139;A5;DIN 6885;1.4571 DIN 6885  Parallel keys type A;6X6X50;468856X50;
1139;A5;DIN 6885;1.4571 DIN 6885  Parallel keys type A;6X6X54;468856X54;
1139;A5;DIN 6885;1.4571 DIN 6885  Parallel keys type A;6X6X60;468856X60;
1139;A5;DIN 6885;1.4571 DIN 6885  Parallel keys type A;6X6X63;468856X63;
1139;A5;DIN 6885;1.4571 DIN 6885  Parallel keys type A;6X6X70;468856X70;
1139;A5;DIN 6885;1.4571 DIN 6885  Parallel keys type A;6X6X80;468856X80;
1139;A5;DIN 6885;1.4571 DIN 6885  Parallel keys type A;8X7X12;468858X12;
1139;A5;DIN 6885;1.4571 DIN 6885  Parallel keys type A;8X7X14;468858X14;
1139;A5;DIN 6885;1.4571 DIN 6885  Parallel keys type A;8X7X16;468858X16;
1139;A5;DIN 6885;1.4571 DIN 6885  Parallel keys type A;8X7X18;468858X18;
1139;A5;DIN 6885;1.4571 DIN 6885  Parallel keys type A;8X7X20;468858X20;
1139;A5;DIN 6885;1.4571 DIN 6885  Parallel keys type A;8X7X25;468858X25;
1139;A5;DIN 6885;1.4571 DIN 6885  Parallel keys type A;8X7X28;468858X28;
1139;A5;DIN 6885;1.4571 DIN 6885  Parallel keys type A;8X7X30;468858X30;
1139;A5;DIN 6885;1.4571 DIN 6885  Parallel keys type A;8X7X32;468858X32;
1139;A5;DIN 6885;1.4571 DIN 6885  Parallel keys type A;8X7X35;468858X35;
1139;A5;DIN 6885;1.4571 DIN 6885  Parallel keys type A;8X7X36;468858X36;
1139;A5;DIN 6885;1.4571 DIN 6885  Parallel keys type A;8X7X40;468858X40;
1139;A5;DIN 6885;1.4571 DIN 6885  Parallel keys type A;8X7X45;468858X45;
1139;A5;DIN 6885;1.4571 DIN 6885  Parallel keys type A;8X7X50;468858X50;
1139;A5;DIN 6885;1.4571 DIN 6885  Parallel keys type A;8X7X55;468858X55;
1139;A5;DIN 6885;1.4571 DIN 6885  Parallel keys type A;8X7X60;468858X60;
1139;A5;DIN 6885;1.4571 DIN 6885  Parallel keys type A;8X7X63;468858X63;
1139;A5;DIN 6885;1.4571 DIN 6885  Parallel keys type A;8X7X70;468858X70;
1139;A5;DIN 6885;1.4571 DIN 6885  Parallel keys type A;8X7X80;468858X80;
1139;A5;DIN 6885;1.4571 DIN 6885  Parallel keys type A;8X7X90;468858X90;
1139;A5;DIN 6885;1.4571 DIN 6885  Parallel keys type A;8X7X100;468858X100;
1139;A5;DIN 6885;1.4571 DIN 6885  Parallel keys type A;8X7X500;468858X500;
1139;A5;DIN 6885;1.4571 DIN 6885  Parallel keys type A;10X8X20;4688510X20;
1139;A5;DIN 6885;1.4571 DIN 6885  Parallel keys type A;10X8X25;4688510X25;
1139;A5;DIN 6885;1.4571 DIN 6885  Parallel keys type A;10X8X28;4688510X28;
1139;A5;DIN 6885;1.4571 DIN 6885  Parallel keys type A;10X8X30;4688510X30;
1139;A5;DIN 6885;1.4571 DIN 6885  Parallel keys type A;10X8X32;4688510X32;
1139;A5;DIN 6885;1.4571 DIN 6885  Parallel keys type A;10X8X36;4688510X36;
1139;A5;DIN 6885;1.4571 DIN 6885  Parallel keys type A;10X8X40;4688510X40;
1139;A5;DIN 6885;1.4571 DIN 6885  Parallel keys type A;10X8X45;4688510X45;
1139;A5;DIN 6885;1.4571 DIN 6885  Parallel keys type A;10X8X50;4688510X50;
1139;A5;DIN 6885;1.4571 DIN 6885  Parallel keys type A;10X8X56;4688510X56;
1139;A5;DIN 6885;1.4571 DIN 6885  Parallel keys type A;10X8X60;4688510X60;
1139;A5;DIN 6885;1.4571 DIN 6885  Parallel keys type A;10X8X63;4688510X63;
1139;A5;DIN 6885;1.4571 DIN 6885  Parallel keys type A;10X8X70;4688510X70;
1139;A5;DIN 6885;1.4571 DIN 6885  Parallel keys type A;10X8X80;4688510X80;
1139;A5;DIN 6885;1.4571 DIN 6885  Parallel keys type A;10X8X90;4688510X90;
1139;A5;DIN 6885;1.4571 DIN 6885  Parallel keys type A;10X8X100;4688510X100;
1139;A5;DIN 6885;1.4571 DIN 6885  Parallel keys type A;10X8X500;4688510X500;
1139;A5;DIN 6885;1.4571 DIN 6885  Parallel keys type A;12X8X25;4688512X25;
1139;A5;DIN 6885;1.4571 DIN 6885  Parallel keys type A;12X8X30;4688512X30;
1139;A5;DIN 6885;1.4571 DIN 6885  Parallel keys type A;12X8X32;4688512X32;
1139;A5;DIN 6885;1.4571 DIN 6885  Parallel keys type A;12X8X36;4688512X36;
1139;A5;DIN 6885;1.4571 DIN 6885  Parallel keys type A;12X8X40;4688512X40;
1139;A5;DIN 6885;1.4571 DIN 6885  Parallel keys type A;12X8X45;4688512X45;
1139;A5;DIN 6885;1.4571 DIN 6885  Parallel keys type A;12X8X50;4688512X50;
1139;A5;DIN 6885;1.4571 DIN 6885  Parallel keys type A;12X8X56;4688512X56;
1139;A5;DIN 6885;1.4571 DIN 6885  Parallel keys type A;12X8X60;4688512X60;
1139;A5;DIN 6885;1.4571 DIN 6885  Parallel keys type A;12X8X63;4688512X63;
1139;A5;DIN 6885;1.4571 DIN 6885  Parallel keys type A;12X8X70;4688512X70;
1139;A5;DIN 6885;1.4571 DIN 6885  Parallel keys type A;12X8X80;4688512X80;
1139;A5;DIN 6885;1.4571 DIN 6885  Parallel keys type A;12X8X90;4688512X90;
1139;A5;DIN 6885;1.4571 DIN 6885  Parallel keys type A;12X8X100;4688512X100;
1139;A5;DIN 6885;1.4571 DIN 6885  Parallel keys type A;14X9X30;4688514X30;
1139;A5;DIN 6885;1.4571 DIN 6885  Parallel keys type A;14X9X36;4688514X36;
1139;A5;DIN 6885;1.4571 DIN 6885  Parallel keys type A;14X9X40;4688514X40;
1139;A5;DIN 6885;1.4571 DIN 6885  Parallel keys type A;14X9X45;4688514X45;
1139;A5;DIN 6885;1.4571 DIN 6885  Parallel keys type A;14X9X50;4688514X50;
1139;A5;DIN 6885;1.4571 DIN 6885  Parallel keys type A;14X9X56;4688514X56;
1139;A5;DIN 6885;1.4571 DIN 6885  Parallel keys type A;14X9X60;4688514X60;
1139;A5;DIN 6885;1.4571 DIN 6885  Parallel keys type A;14X9X63;4688514X63;
1139;A5;DIN 6885;1.4571 DIN 6885  Parallel keys type A;14X9X70;4688514X70;
1139;A5;DIN 6885;1.4571 DIN 6885  Parallel keys type A;14X9X80;4688514X80;
1139;A5;DIN 6885;1.4571 DIN 6885  Parallel keys type A;14X9X90;4688514X90;
1139;A5;DIN 6885;1.4571 DIN 6885  Parallel keys type A;14X9X100;4688514X100;
1139;A5;DIN 6885;1.4571 DIN 6885  Parallel keys type A;16X10X50;4688516X50;
1139;A5;DIN 6885;1.4571 DIN 6885  Parallel keys type A;16X10X63;4688516X63;
1139;A5;DIN 6885;1.4571 DIN 6885  Parallel keys type A;16X10X80;4688516X80;
1139;A5;DIN 6885;1.4571 DIN 6885  Parallel keys type A;16X10X90;4688516X90;
1139;A5;DIN 6885;1.4571 DIN 6885  Parallel keys type A;16X10X100;4688516X100;
1139;A5;DIN 6885;1.4571 DIN 6885  Parallel keys type A;18X11X50;4688518X50;
1139;A5;DIN 6885;1.4571 DIN 6885  Parallel keys type A;18X11X55;4688518X55;
1139;A5;DIN 6885;1.4571 DIN 6885  Parallel keys type A;18X11X70;4688518x70;
1139;A5;DIN 6885;1.4571 DIN 6885  Parallel keys type A;18X11X80;4688518X80;
1139;A5;DIN 6885;1.4571 DIN 6885  Parallel keys type A;18X11X90;4688518X90;
1139;A5;DIN 6885;1.4571 DIN 6885  Parallel keys type A;18X11X100;4688518X100;
1139;A5;DIN 6885;1.4571 DIN 6885  Parallel keys type A;20X12X120;4688520X120;
1139;A5;DIN 6885;1.4571 DIN 6885  Parallel keys type A;20X12X125;4688520X125;
1139;A5;DIN 6885;1.4571 DIN 6885  Parallel keys type A;20X12X140;4688520X140;
1139;A5;DIN 6885;1.4571 DIN 6885  Parallel keys type A;22X14X120;4688522X120;
1139;A5;DIN 6885;1.4571 DIN 6885  Parallel keys type A;22X14X140;4688522X140;
1139;A5;DIN 6885;1.4571 DIN 6885  Parallel keys type A;22X14X160;4688522X160;
1139;A2;DIN 6921 S;A2 DIN 6921  Hexagon bolt w/flange serrated FT;4X8;26921S4X8;
1139;A2;DIN 6921 S;A2 DIN 6921  Hexagon bolt w/flange serrated FT;4X10;26921S4X10;
1139;A2;DIN 6921 S;A2 DIN 6921  Hexagon bolt w/flange serrated FT;4X12;26921S4X12;
1139;A2;DIN 6921 S;A2 DIN 6921  Hexagon bolt w/flange serrated FT;5X8;26921S5X8;
1139;A2;DIN 6921 S;A2 DIN 6921  Hexagon bolt w/flange serrated FT;5X10;26921S5X10;
1139;A2;DIN 6921 S;A2 DIN 6921  Hexagon bolt w/flange serrated FT;5X12;26921S5X12;
1139;A2;DIN 6921 S;A2 DIN 6921  Hexagon bolt w/flange serrated FT;5X16;26921S5X16;
1139;A2;DIN 6921 S;A2 DIN 6921  Hexagon bolt w/flange serrated FT;5X20;26921S5X20;
1139;A2;DIN 6921 S;A2 DIN 6921  Hexagon bolt w/flange serrated FT;5X25;26921S5X25;
1139;A2;DIN 6921 S;A2 DIN 6921  Hexagon bolt w/flange serrated FT;5X30;26921S5X30;
1139;A2;DIN 6921 S;A2 DIN 6921  Hexagon bolt w/flange serrated FT;5X35;26921S5X35;
1139;A2;DIN 6921 S;A2 DIN 6921  Hexagon bolt w/flange serrated FT;5X40;26921S5X40;
1139;A2;DIN 6921 S;A2 DIN 6921  Hexagon bolt w/flange serrated FT;5X45;26921S5X45;
1139;A2;DIN 6921 S;A2 DIN 6921  Hexagon bolt w/flange serrated FT;5X50;26921S5X50;
1139;A2;DIN 6921 S;A2 DIN 6921  Hexagon bolt w/flange serrated FT;6X10;26921S6X10;
1139;A2;DIN 6921 S;A2 DIN 6921  Hexagon bolt w/flange serrated FT;6X12;26921S6X12;
1139;A2;DIN 6921 S;A2 DIN 6921  Hexagon bolt w/flange serrated FT;6X14;26921S6X14;
1139;A2;DIN 6921 S;A2 DIN 6921  Hexagon bolt w/flange serrated FT;6X16;26921S6X16;
1139;A2;DIN 6921 S;A2 DIN 6921  Hexagon bolt w/flange serrated FT;6X20;26921S6X20;
1139;A2;DIN 6921 S;A2 DIN 6921  Hexagon bolt w/flange serrated FT;6X25;26921S6X25;
1139;A2;DIN 6921 S;A2 DIN 6921  Hexagon bolt w/flange serrated FT;6X30;26921S6X30;
1139;A2;DIN 6921 S;A2 DIN 6921  Hexagon bolt w/flange serrated FT;6X35;26921S6X35;
1139;A2;DIN 6921 S;A2 DIN 6921  Hexagon bolt w/flange serrated FT;6X40;26921S6X40;
1139;A2;DIN 6921 S;A2 DIN 6921  Hexagon bolt w/flange serrated FT;6X45;26921S6X45;
1139;A2;DIN 6921 S;A2 DIN 6921  Hexagon bolt w/flange serrated FT;6X50;26921S6X50;
1139;A2;DIN 6921 S;A2 DIN 6921  Hexagon bolt w/flange serrated FT;6X60;26921S6X60;
1139;A2;DIN 6921 S;A2 DIN 6921  Hexagon bolt w/flange serrated FT;8X10;26921S8X10;
1139;A2;DIN 6921 S;A2 DIN 6921  Hexagon bolt w/flange serrated FT;8X12;26921S8X12;
1139;A2;DIN 6921 S;A2 DIN 6921  Hexagon bolt w/flange serrated FT;8X16;26921S8X16;
1139;A2;DIN 6921 S;A2 DIN 6921  Hexagon bolt w/flange serrated FT;8X20;26921S8X20;
1139;A2;DIN 6921 S;A2 DIN 6921  Hexagon bolt w/flange serrated FT;8X25;26921S8X25;
1139;A2;DIN 6921 S;A2 DIN 6921  Hexagon bolt w/flange serrated FT;8X30;26921S8X30;
1139;A2;DIN 6921 S;A2 DIN 6921  Hexagon bolt w/flange serrated FT;8X35;26921S8X35;
1139;A2;DIN 6921 S;A2 DIN 6921  Hexagon bolt w/flange serrated FT;8X40;26921S8X40;
1139;A2;DIN 6921 S;A2 DIN 6921  Hexagon bolt w/flange serrated FT;8X45;26921S8X45;
1139;A2;DIN 6921 S;A2 DIN 6921  Hexagon bolt w/flange serrated FT;8X50;26921S8X50;
1139;A2;DIN 6921 S;A2 DIN 6921  Hexagon bolt w/flange serrated FT;8X60;26921S8X60;
1139;A2;DIN 6921 S;A2 DIN 6921  Hexagon bolt w/flange serrated FT;8X70;26921S8X70;
1139;A2;DIN 6921 S;A2 DIN 6921  Hexagon bolt w/flange serrated FT;10X16;26921S10X16;
1139;A2;DIN 6921 S;A2 DIN 6921  Hexagon bolt w/flange serrated FT;10X20;26921S10X20;
1139;A2;DIN 6921 S;A2 DIN 6921  Hexagon bolt w/flange serrated FT;10X25;26921S10X25;
1139;A2;DIN 6921 S;A2 DIN 6921  Hexagon bolt w/flange serrated FT;10X30;26921S10X30;
1139;A2;DIN 6921 S;A2 DIN 6921  Hexagon bolt w/flange serrated FT;10X35;26921S10X35;
1139;A2;DIN 6921 S;A2 DIN 6921  Hexagon bolt w/flange serrated FT;10X40;26921S10X40;
1139;A2;DIN 6921 S;A2 DIN 6921  Hexagon bolt w/flange serrated FT;10X45;26921S10X45;
1139;A2;DIN 6921 S;A2 DIN 6921  Hexagon bolt w/flange serrated FT;10X50;26921S10X50;
1139;A2;DIN 6921 S;A2 DIN 6921  Hexagon bolt w/flange serrated FT;10X60;26921S10X60;
1139;A2;DIN 6921 S;A2 DIN 6921  Hexagon bolt w/flange serrated FT;10X70;26921S10X70;
1139;A2;DIN 6921 S;A2 DIN 6921  Hexagon bolt w/flange serrated FT;10X80;26921S10X80;
1139;A2;DIN 6921 S;A2 DIN 6921  Hexagon bolt w/flange serrated FT;10X90;26921S10X90;
1139;A2;DIN 6921 S;A2 DIN 6921  Hexagon bolt w/flange serrated FT;12X20;26921S12X20;
1139;A2;DIN 6921 S;A2 DIN 6921  Hexagon bolt w/flange serrated FT;12X25;26921S12X25;
1139;A2;DIN 6921 S;A2 DIN 6921  Hexagon bolt w/flange serrated FT;12X30;26921S12X30;
1139;A2;DIN 6921 S;A2 DIN 6921  Hexagon bolt w/flange serrated FT;12X35;26921S12X35;
1139;A2;DIN 6921 S;A2 DIN 6921  Hexagon bolt w/flange serrated FT;12X40;26921S12X40;
1139;A4;DIN 11024;A4 DIN 11024  Spring cotter;3,2;4110243,2X48;
1139;A4;DIN 11024;A4 DIN 11024  Spring cotter;4;4110244X64;
1139;A4;DIN 11024;A4 DIN 11024  Spring cotter;5;4110245X80;
1139;A4;DIN 11024;A4 DIN 11024  Spring cotter;6,3;4110246,3X97;
1139;A4;DIN 11024;A4 DIN 11024  Spring cotter;7;4110247X125;
1139;A4;DIN 938;A4 DIN 938  Studs metal end - 1xd;5X16;409385X16;
1139;A4;DIN 938;A4 DIN 938  Studs metal end - 1xd;6X16;409386X16;
1139;A4;DIN 938;A4 DIN 938  Studs metal end - 1xd;6X65;409386X65;
1139;A4;DIN 938;A4 DIN 938  Studs metal end - 1xd;6X70;409386X70;
1139;A4;DIN 938;A4 DIN 938  Studs metal end - 1xd;6X80;409386X80;
1139;A4;DIN 938;A4 DIN 938  Studs metal end - 1xd;10X90;4093810X90;
1139;A4;DIN 938;A4 DIN 938  Studs metal end - 1xd;10X100;4093810X100;
1139;A4;DIN 938;A4 DIN 938  Studs metal end - 1xd;10X110;4093810X110;
1139;A4;DIN 938;A4 DIN 938  Studs metal end - 1xd;10X120;4093810X120;
1139;A4;DIN 938;A4 DIN 938  Studs metal end - 1xd;16X120;4093816X120;
1139;A4;DIN 938;A4 DIN 938  Studs metal end - 1xd;20X35;4093820X35;
1139;A2;DIN 7504 P TX;A2 DIN 7504P  Self driliing screws countersunk head Tx;2,9X13;27504PTX2,9X13;
1139;A2;DIN 7504 P TX;A2 DIN 7504P  Self driliing screws countersunk head Tx;2,9X16;27504PTX2,9X16;
1139;A2;DIN 7504 P TX;A2 DIN 7504P  Self driliing screws countersunk head Tx;2,9X19;27504PTX2,9X19;
1139;A2;DIN 7504 P TX;A2 DIN 7504P  Self driliing screws countersunk head Tx;3,5X16;27504PTX3,5X16;
1139;A2;DIN 7504 P TX;A2 DIN 7504P  Self driliing screws countersunk head Tx;3,5X19;27504PTX3,5X19;
1139;A2;DIN 7504 P TX;A2 DIN 7504P  Self driliing screws countersunk head Tx;3,5X22;27504PTX3,5X22;
1139;A2;DIN 7504 P TX;A2 DIN 7504P  Self driliing screws countersunk head Tx;3,5X25;27504PTX3,5X25;
1139;A2;DIN 7504 P TX;A2 DIN 7504P  Self driliing screws countersunk head Tx;3,9X13;27504PTX3,9X13;
1139;A2;DIN 7504 P TX;A2 DIN 7504P  Self driliing screws countersunk head Tx;3,9X16;27504PTX3,9X16;
1139;A2;DIN 7504 P TX;A2 DIN 7504P  Self driliing screws countersunk head Tx;3,9X19;27504PTX3,9X19;
1139;A2;DIN 7504 P TX;A2 DIN 7504P  Self driliing screws countersunk head Tx;3,9X22;27504PTX3,9X22;
1139;A2;DIN 7504 P TX;A2 DIN 7504P  Self driliing screws countersunk head Tx;3,9X25;27504PTX3,9X25;
1139;A2;DIN 7504 P TX;A2 DIN 7504P  Self driliing screws countersunk head Tx;3,9X32;27504PTX3,9X32;
1139;A2;DIN 7504 P TX;A2 DIN 7504P  Self driliing screws countersunk head Tx;3,9X38;27504PTX3,9X38;
1139;A2;DIN 7504 P TX;A2 DIN 7504P  Self driliing screws countersunk head Tx;3,9X45;27504PTX3,9X45;
1139;A2;DIN 7504 P TX;A2 DIN 7504P  Self driliing screws countersunk head Tx;3,9X50;27504PTX3,9X50;
1139;A2;DIN 7504 P TX;A2 DIN 7504P  Self driliing screws countersunk head Tx;4,2X13;27504PTX4,2X13;
1139;A2;DIN 7504 P TX;A2 DIN 7504P  Self driliing screws countersunk head Tx;4,2X16;27504PTX4,2X16;
1139;A2;DIN 7504 P TX;A2 DIN 7504P  Self driliing screws countersunk head Tx;4,2X19;27504PTX4,2X19;
1139;A2;DIN 7504 P TX;A2 DIN 7504P  Self driliing screws countersunk head Tx;4,2X22;27504PTX4,2X22;
1139;A2;DIN 7504 P TX;A2 DIN 7504P  Self driliing screws countersunk head Tx;4,2X25;27504PTX4,2X25;
1139;A2;DIN 7504 P TX;A2 DIN 7504P  Self driliing screws countersunk head Tx;4,2X32;27504PTX4,2X32;
1139;A2;DIN 7504 P TX;A2 DIN 7504P  Self driliing screws countersunk head Tx;4,2X38;27504PTX4,2X38;
1139;A2;DIN 7504 P TX;A2 DIN 7504P  Self driliing screws countersunk head Tx;4,2X45;27504PTX4,2X45;
1139;A2;DIN 7504 P TX;A2 DIN 7504P  Self driliing screws countersunk head Tx;4,2X50;27504PTX4,2X50;
1139;A2;DIN 7504 P TX;A2 DIN 7504P  Self driliing screws countersunk head Tx;4,8X16;27504PTX4,8X16;
1139;A2;DIN 7504 P TX;A2 DIN 7504P  Self driliing screws countersunk head Tx;4,8X19;27504PTX4,8X19;
1139;A2;DIN 7504 P TX;A2 DIN 7504P  Self driliing screws countersunk head Tx;4,8X22;27504PTX4,8X22;
1139;A2;DIN 7504 P TX;A2 DIN 7504P  Self driliing screws countersunk head Tx;4,8x25;27504PTX4,8x25;
1139;A2;DIN 7504 P TX;A2 DIN 7504P  Self driliing screws countersunk head Tx;4,8x32;27504PTX4,8x32;
1139;A2;DIN 7504 P TX;A2 DIN 7504P  Self driliing screws countersunk head Tx;4,8X38;27504PTX4,8X38;
1139;A2;DIN 7504 P TX;A2 DIN 7504P  Self driliing screws countersunk head Tx;4,8X45;27504PTX4,8X45;
1139;A2;DIN 7504 P TX;A2 DIN 7504P  Self driliing screws countersunk head Tx;4,8X50;27504PTX4,8X50;
1139;A2;DIN 7504 P TX;A2 DIN 7504P  Self driliing screws countersunk head Tx;5,5X25;27504PTX5,5X25;
1139;A2;DIN 7504 P TX;A2 DIN 7504P  Self driliing screws countersunk head Tx;5,5X32;27504PTX5,5X32;
1139;A2;DIN 7504 P TX;A2 DIN 7504P  Self driliing screws countersunk head Tx;5,5X38;27504PTX5,5X38;
1139;A2;DIN 7504 P TX;A2 DIN 7504P  Self driliing screws countersunk head Tx;5,5X45;27504PTX5,5X45;
1139;A2;DIN 7504 P TX;A2 DIN 7504P  Self driliing screws countersunk head Tx;5,5X50;27504PTX5,5X50;
1139;A2;DIN 7504 P TX;A2 DIN 7504P  Self driliing screws countersunk head Tx;5,5x60;27504PTX5,5X60;
1139;A2;DIN 7504 P TX;A2 DIN 7504P  Self driliing screws countersunk head Tx;6,3X16;27504PTX6,3X16;
1139;A2;DIN 7504 P TX;A2 DIN 7504P  Self driliing screws countersunk head Tx;6,3X19;27504PTX6,3X19;
1139;A2;DIN 7504 P TX;A2 DIN 7504P  Self driliing screws countersunk head Tx;6,3X22;27504PTX6,3X22;
1139;A2;DIN 7504 P TX;A2 DIN 7504P  Self driliing screws countersunk head Tx;6,3X25;27504PTX6,3X25;
1139;A2;DIN 7504 P TX;A2 DIN 7504P  Self driliing screws countersunk head Tx;6,3X32;27504PTX6,3X32;
1139;A2;DIN 7504 P TX;A2 DIN 7504P  Self driliing screws countersunk head Tx;6,3X38;27504PTX6,3X38;
1139;A2;DIN 7504 P TX;A2 DIN 7504P  Self driliing screws countersunk head Tx;6,3X45;27504PTX6,3X45;
1139;A2;DIN 7504 P TX;A2 DIN 7504P  Self driliing screws countersunk head Tx;6,3X50;27504PTX6,3X50;
1139;A2;DIN 7504 P TX;A2 DIN 7504P  Self driliing screws countersunk head Tx;6,3X60;27504PTX6,3X60;
1139;A4;ART. 8258;A4 ART. 8258  D - shackles straight;4;482584;
1139;A4;ART. 8258;A4 ART. 8258  D - shackles straight;5;482585;
1139;A4;ART. 8258;A4 ART. 8258  D - shackles straight;6;482586;
1139;A4;ART. 8258;A4 ART. 8258  D - shackles straight;7;482587;
1139;A4;ART. 8258;A4 ART. 8258  D - shackles straight;8;482588;
1139;A4;ART. 8258;A4 ART. 8258  D - shackles straight;10;4825810;
1139;A4;ART. 8258;A4 ART. 8258  D - shackles straight;12;4825812;
1139;A4;ART. 8258;A4 ART. 8258  D - shackles straight;13;4825813;
1139;A4;ART. 8258;A4 ART. 8258  D - shackles straight;14;4825814;
1139;A4;ART. 8258;A4 ART. 8258  D - shackles straight;16;4825816;
1139;A4;ART. 8258;A4 ART. 8258  D - shackles straight;19;4825819;
1139;A4;ART. 8258;A4 ART. 8258  D - shackles straight;22;4825822;
1139;A2;DIN 7982 TX P;A2 DIN 7982  Self tapping Tx Security screw pin;3,5X13;27982TXP3,5X13;
1139;A2;DIN 7982 TX P;A2 DIN 7982  Self tapping Tx Security screw pin;3,5X16;27982TXP3,5X16;
1139;A2;DIN 7982 TX P;A2 DIN 7982  Self tapping Tx Security screw pin;3,5X19;27982TXP3,5X19;
1139;A2;DIN 7982 TX P;A2 DIN 7982  Self tapping Tx Security screw pin;3,5X25;27982TXP3,5X25;
1139;A2;DIN 7982 TX P;A2 DIN 7982  Self tapping Tx Security screw pin;3,5X32;27982TXP3,5X32;
1139;A2;DIN 7982 TX P;A2 DIN 7982  Self tapping Tx Security screw pin;3,5X38;27982TXP3,5X38;
1139;A2;DIN 7982 TX P;A2 DIN 7982  Self tapping Tx Security screw pin;4,2X13;27982TXP4,2X13;
1139;A2;DIN 7982 TX P;A2 DIN 7982  Self tapping Tx Security screw pin;4,2X16;27982TXP4,2X16;
1139;A2;DIN 7982 TX P;A2 DIN 7982  Self tapping Tx Security screw pin;4,2X19;27982TXP4,2X19;
1139;A2;DIN 7982 TX P;A2 DIN 7982  Self tapping Tx Security screw pin;4,2X25;27982TXP4,2X25;
1139;A2;DIN 7982 TX P;A2 DIN 7982  Self tapping Tx Security screw pin;4,2X32;27982TXP4,2X32;
1139;A2;DIN 7982 TX P;A2 DIN 7982  Self tapping Tx Security screw pin;4,2X38;27982TXP4,2X38;
1139;A2;DIN 7982 TX P;A2 DIN 7982  Self tapping Tx Security screw pin;4,8X13;27982TXP4,8X13;
1139;A2;DIN 7982 TX P;A2 DIN 7982  Self tapping Tx Security screw pin;4,8X16;27982TXP4,8X16;
1139;A2;DIN 7982 TX P;A2 DIN 7982  Self tapping Tx Security screw pin;4,8X19;27982TXP4,8X19;
1139;A2;DIN 7982 TX P;A2 DIN 7982  Self tapping Tx Security screw pin;4,8X25;27982TXP4,8X25;
1139;A2;DIN 7982 TX P;A2 DIN 7982  Self tapping Tx Security screw pin;4,8X32;27982TXP4,8X32;
1139;A2;DIN 7982 TX P;A2 DIN 7982  Self tapping Tx Security screw pin;4,8X38;27982TXP4,8X38;
1139;A4;ART. 763;A4 ART. 763  Chains long link;1,5X12;407631,5;
1139;A4;ART. 763;A4 ART. 763  Chains long link;2X22;407632;
1139;A4;ART. 763;A4 ART. 763  Chains long link;3X26;407633;
1139;A4;ART. 763;A4 ART. 763  Chains long link;4X32;407634;
1139;A4;ART. 763;A4 ART. 763  Chains long link;5X35;407635;
1139;A4;ART. 763;A4 ART. 763  Chains long link;6X42;407636;
1139;A4;ART. 763;A4 ART. 763  Chains long link;8X52;407638;
1139;A4;ART. 763;A4 ART. 763  Chains long link;10X65;4076310;
1139;A4;ART. 763;A4 ART. 763  Chains long link;13X82;4076312;
1139;A2;ISO 10642 TX;A2 ISO 10642  Countersunk Socket Screws full thread TX;6X16;210642TX6X16;
1139;A2;ISO 10642 TX;A2 ISO 10642  Countersunk Socket Screws full thread TX;6X30;210642TX6X30;
1139;A4;DIN 7;A4 DIN 7  Parallel pins m6;1X16;400071X16;
1139;A4;DIN 7;A4 DIN 7  Parallel pins m6;2,5X18;400072,5X18;
1139;A4;DIN 7;A4 DIN 7  Parallel pins m6;5X5;400075X5;
1139;A4;DIN 965 TX;A4 DIN 965  Countersunk head screws with TX;1,6X4;40965TX1,6X4;
1139;A4;DIN 965 TX;A4 DIN 965  Countersunk head screws with TX;2X4;40965TX2X4;
1139;A4;DIN 965 TX;A4 DIN 965  Countersunk head screws with TX;2X20;40965TX2X20;
1139;A4;DIN 965 TX;A4 DIN 965  Countersunk head screws with TX;2,5X25;40965TX2,5X25;
1139;A4;DIN 965 TX;A4 DIN 965  Countersunk head screws with TX;3X4;40965TX3X4;
1139;A4;DIN 965 TX;A4 DIN 965  Countersunk head screws with TX;3X5;40965TX3X5;
1139;A4;DIN 965 TX;A4 DIN 965  Countersunk head screws with TX;3X6;40965TX3X6;
1139;A4;DIN 965 TX;A4 DIN 965  Countersunk head screws with TX;3X8;40965TX3X8;
1139;A4;DIN 965 TX;A4 DIN 965  Countersunk head screws with TX;3X10;40965TX3X10;
1139;A4;DIN 965 TX;A4 DIN 965  Countersunk head screws with TX;3X12;40965TX3X12;
1139;A4;DIN 965 TX;A4 DIN 965  Countersunk head screws with TX;3X14;40965TX3X14;
1139;A4;DIN 965 TX;A4 DIN 965  Countersunk head screws with TX;3X16;40965TX3X16;
1139;A4;DIN 965 TX;A4 DIN 965  Countersunk head screws with TX;3X20;40965TX3X20;
1139;A4;DIN 965 TX;A4 DIN 965  Countersunk head screws with TX;3X25;40965TX3X25;
1139;A4;DIN 965 TX;A4 DIN 965  Countersunk head screws with TX;3X30;40965TX3X30;
1139;A4;DIN 965 TX;A4 DIN 965  Countersunk head screws with TX;3X35;40965TX3X35;
1139;A4;DIN 965 TX;A4 DIN 965  Countersunk head screws with TX;3X40;40965TX3X40;
1139;A4;DIN 965 TX;A4 DIN 965  Countersunk head screws with TX;4X5;40965TX4X5;
1139;A4;DIN 965 TX;A4 DIN 965  Countersunk head screws with TX;4X6;40965TX4X6;
1139;A4;DIN 965 TX;A4 DIN 965  Countersunk head screws with TX;4X8;40965TX4X8;
1139;A4;DIN 965 TX;A4 DIN 965  Countersunk head screws with TX;4X10;40965TX4X10;
1139;A4;DIN 965 TX;A4 DIN 965  Countersunk head screws with TX;4X12;40965TX4X12;
1139;A4;DIN 965 TX;A4 DIN 965  Countersunk head screws with TX;4X14;40965TX4X14;
1139;A4;DIN 965 TX;A4 DIN 965  Countersunk head screws with TX;4X16;40965TX4X16;
1139;A4;DIN 965 TX;A4 DIN 965  Countersunk head screws with TX;4X18;40965TX4X18;
1139;A4;DIN 965 TX;A4 DIN 965  Countersunk head screws with TX;4X20;40965TX4X20;
1139;A4;DIN 965 TX;A4 DIN 965  Countersunk head screws with TX;4X25;40965TX4X25;
1139;A4;DIN 965 TX;A4 DIN 965  Countersunk head screws with TX;4X30;40965TX4X30;
1139;A4;DIN 965 TX;A4 DIN 965  Countersunk head screws with TX;4X35;40965TX4X35;
1139;A4;DIN 965 TX;A4 DIN 965  Countersunk head screws with TX;4X40;40965TX4X40;
1139;A4;DIN 965 TX;A4 DIN 965  Countersunk head screws with TX;4X50;40965TX4X50;
1139;A4;DIN 965 TX;A4 DIN 965  Countersunk head screws with TX;5X6;40965TX5X6;
1139;A4;DIN 965 TX;A4 DIN 965  Countersunk head screws with TX;5X8;40965TX5X8;
1139;A4;DIN 965 TX;A4 DIN 965  Countersunk head screws with TX;5X10;40965TX5X10;
1139;A4;DIN 965 TX;A4 DIN 965  Countersunk head screws with TX;5X12;40965TX5X12;
1139;A4;DIN 965 TX;A4 DIN 965  Countersunk head screws with TX;5X14;40965TX5X14;
1139;A4;DIN 965 TX;A4 DIN 965  Countersunk head screws with TX;5X16;40965TX5X16;
1139;A4;DIN 965 TX;A4 DIN 965  Countersunk head screws with TX;5X20;40965TX5X20;
1139;A4;DIN 965 TX;A4 DIN 965  Countersunk head screws with TX;5X25;40965TX5X25;
1139;A4;DIN 965 TX;A4 DIN 965  Countersunk head screws with TX;5X30;40965TX5X30;
1139;A4;DIN 965 TX;A4 DIN 965  Countersunk head screws with TX;5X35;40965TX5X35;
1139;A4;DIN 965 TX;A4 DIN 965  Countersunk head screws with TX;5X40;40965TX5X40;
1139;A4;DIN 965 TX;A4 DIN 965  Countersunk head screws with TX;5X45;40965TX5X45;
1139;A4;DIN 965 TX;A4 DIN 965  Countersunk head screws with TX;5X50;40965TX5X50;
1139;A4;DIN 965 TX;A4 DIN 965  Countersunk head screws with TX;6X8;40965TX6X8;
1139;A4;DIN 965 TX;A4 DIN 965  Countersunk head screws with TX;6X10;40965TX6X10;
1139;A4;DIN 965 TX;A4 DIN 965  Countersunk head screws with TX;6X12;40965TX6X12;
1139;A4;DIN 965 TX;A4 DIN 965  Countersunk head screws with TX;6X16;40965TX6X16;
1139;A4;DIN 965 TX;A4 DIN 965  Countersunk head screws with TX;6X20;40965TX6X20;
1139;A4;DIN 965 TX;A4 DIN 965  Countersunk head screws with TX;6X25;40965TX6X25;
1139;A4;DIN 965 TX;A4 DIN 965  Countersunk head screws with TX;6X30;40965TX6X30;
1139;A4;DIN 965 TX;A4 DIN 965  Countersunk head screws with TX;6X35;40965TX6X35;
1139;A4;DIN 965 TX;A4 DIN 965  Countersunk head screws with TX;6X40;40965TX6X40;
1139;A4;DIN 965 TX;A4 DIN 965  Countersunk head screws with TX;6X45;40965TX6X45;
1139;A4;DIN 965 TX;A4 DIN 965  Countersunk head screws with TX;6X50;40965TX6X50;
1139;A4;DIN 965 TX;A4 DIN 965  Countersunk head screws with TX;6X60;40965TX6X60;
1139;A4;DIN 965 TX;A4 DIN 965  Countersunk head screws with TX;8X25;40965TX8X25;
1139;A4;DIN 965 TX;A4 DIN 965  Countersunk head screws with TX;8X30;40965TX8X30;
1139;A4;DIN 965 TX;A4 DIN 965  Countersunk head screws with TX;8X35;40965TX8X35;
1139;A4;DIN 965 TX;A4 DIN 965  Countersunk head screws with TX;8X40;40965TX8X40;
1139;A4;DIN 965 TX;A4 DIN 965  Countersunk head screws with TX;8X50;40965TX8X50;
1139;A4;DIN 910 G;A4 DIN 910 G  Hex head plugs w/collar & cylindrical;03-apr;40910G3/4;
1139;A4;DIN 910 G;A4 DIN 910 G  Hex head plugs w/collar & cylindrical;05-ago;40910G5/8;
1139;A4;DIN 910 G;A4 DIN 910 G  Hex head plugs w/collar & cylindrical;03-ago;40910G3/8;
1139;A4;DIN 910 G;A4 DIN 910 G  Hex head plugs w/collar & cylindrical;01-apr;40910G1/4;
1139;A4;DIN 910 G;A4 DIN 910 G  Hex head plugs w/collar & cylindrical;"1""1/4";40910G11/4;
1139;A4;DIN 910 G;A4 DIN 910 G  Hex head plugs w/collar & cylindrical;11-feb;40910G11/2;
1139;A4;DIN 910 G;A4 DIN 910 G  Hex head plugs w/collar & cylindrical;01-feb;40910G1/2;
1139;A4;DIN 910 G;A4 DIN 910 G  Hex head plugs w/collar & cylindrical;01-ago;40910G1/8;
1139;A4;DIN 910 G;A4 DIN 910 G  Hex head plugs w/collar & cylindrical;1;40910G1;
1139;A4;DIN 910 G;A4 DIN 910 G  Hex head plugs w/collar & cylindrical;2;40910G2;
1139;A2;DIN 6797J;A2 DIN 6797J  Toothed lock washers type J;2;26797J2;
1139;A2;DIN 6797J;A2 DIN 6797J  Toothed lock washers type J;2,5;26797J2,5;
1139;A2;DIN 6797J;A2 DIN 6797J  Toothed lock washers type J;3;26797J3;
1139;A2;DIN 6797J;A2 DIN 6797J  Toothed lock washers type J;4;26797J4;
1139;A2;DIN 6797J;A2 DIN 6797J  Toothed lock washers type J;5;26797J5;
1139;A2;DIN 6797J;A2 DIN 6797J  Toothed lock washers type J;6;26797J6;
1139;A2;DIN 6797J;A2 DIN 6797J  Toothed lock washers type J;8;26797J8;
1139;A2;DIN 6797J;A2 DIN 6797J  Toothed lock washers type J;10;26797J10;
1139;A2;DIN 6797J;A2 DIN 6797J  Toothed lock washers type J;12;26797J12;
1139;A2;DIN 6797J;A2 DIN 6797J  Toothed lock washers type J;14;26797J14;
1139;A2;DIN 6797J;A2 DIN 6797J  Toothed lock washers type J;16;26797J16;
1139;A2;DIN 6797J;A2 DIN 6797J  Toothed lock washers type J;18;26797J18;
1139;A2;DIN 6797J;A2 DIN 6797J  Toothed lock washers type J;20;26797J20;
1139;A2;DIN 6797J;A2 DIN 6797J  Toothed lock washers type J;24;26797J24;
1139;A2;DIN 6797J;A2 DIN 6797J  Toothed lock washers type J;27;26797J27;
1139;A2;DIN 6797J;A2 DIN 6797J  Toothed lock washers type J;30;26797J30;
1139;A2;DIN 934 FP;A2 DIN 934  Hexagon nuts with fine thread;6X0,75;20934FP6X0,75;
1139;A2;DIN 934 FP;A2 DIN 934  Hexagon nuts with fine thread;8X1;20934FP8X1;
1139;A2;DIN 934 FP;A2 DIN 934  Hexagon nuts with fine thread;10X1;20934FP10X1;
1139;A2;DIN 934 FP;A2 DIN 934  Hexagon nuts with fine thread;10X1,25;20934FP10X1,25;
1139;A2;DIN 934 FP;A2 DIN 934  Hexagon nuts with fine thread;12X1;20934FP12X1;
1139;A2;DIN 934 FP;A2 DIN 934  Hexagon nuts with fine thread;12X1,25;20934FP12X1,25;
1139;A2;DIN 934 FP;A2 DIN 934  Hexagon nuts with fine thread;12X1,5;20934FP12X1,5;
1139;A2;DIN 934 FP;A2 DIN 934  Hexagon nuts with fine thread;14X1,5;20934FP14X1,5;
1139;A2;DIN 934 FP;A2 DIN 934  Hexagon nuts with fine thread;16X1,5;20934FP16X1,5;
1139;A2;DIN 934 FP;A2 DIN 934  Hexagon nuts with fine thread;18X1,5;20934FP18X1,5;
1139;A2;DIN 934 FP;A2 DIN 934  Hexagon nuts with fine thread;20X1,5;20934FP20X1,5;
1139;A2;DIN 934 FP;A2 DIN 934  Hexagon nuts with fine thread;20X2;20934FP20X2;
1139;A2;DIN 934 FP;A2 DIN 934  Hexagon nuts with fine thread;22X1,5;20934FP22X1,5;
1139;A2;DIN 934 FP;A2 DIN 934  Hexagon nuts with fine thread;24X1,5;20934FP24X1,5;
1139;A2;DIN 934 FP;A2 DIN 934  Hexagon nuts with fine thread;24X2;20934FP24X2;
1139;A2;DIN 934 FP;A2 DIN 934  Hexagon nuts with fine thread;27x1,5;20934FP27X1,5;
1139;A2;DIN 934 FP;A2 DIN 934  Hexagon nuts with fine thread;27X2;20934FP27X2;
1139;A2;DIN 934 FP;A2 DIN 934  Hexagon nuts with fine thread;30X1,5;20934FP30X1,5;
1139;A2;DIN 934 FP;A2 DIN 934  Hexagon nuts with fine thread;30X2;20934FP30X2;
1139;A2;DIN 934 FP;A2 DIN 934  Hexagon nuts with fine thread;33X2;20934FP33X2;
1139;A2;DIN 934 FP;A2 DIN 934  Hexagon nuts with fine thread;36X3;20934FP36X3;
1139;A2;DIN 934 FP;A2 DIN 934  Hexagon nuts with fine thread;39X3;20934FP39X3;
1139;A2;DIN 934 FP;A2 DIN 934  Hexagon nuts with fine thread;42X3;20934FP42X3;
1139;A2;DIN 934 FP;A2 DIN 934  Hexagon nuts with fine thread;45X3;20934FP45X3;
1139;A2;DIN 934 FP;A2 DIN 934  Hexagon nuts with fine thread;48X3;20934FP48X3;
1139;A2;DIN 439 FP;A2 DIN 439  Hexagon thin nuts fine pitch type B;8X0,75;20439FP8X0,75;
1139;A2;DIN 439 FP;A2 DIN 439  Hexagon thin nuts fine pitch type B;8X1;20439FP8X1;
1139;A2;DIN 439 FP;A2 DIN 439  Hexagon thin nuts fine pitch type B;10X1;20439FP10X1;
1139;A2;DIN 439 FP;A2 DIN 439  Hexagon thin nuts fine pitch type B;10X1,25;20439FP10X1,25;
1139;A2;DIN 439 FP;A2 DIN 439  Hexagon thin nuts fine pitch type B;12X1;20439FP12X1;
1139;A2;DIN 439 FP;A2 DIN 439  Hexagon thin nuts fine pitch type B;12X1,25;20439FP12X1,25;
1139;A2;DIN 439 FP;A2 DIN 439  Hexagon thin nuts fine pitch type B;12X1,5;20439FP12X1,5;
1139;A2;DIN 439 FP;A2 DIN 439  Hexagon thin nuts fine pitch type B;14X1,5;20439FP14X1,5;
1139;A2;DIN 439 FP;A2 DIN 439  Hexagon thin nuts fine pitch type B;16X1,5;20439FP16X1,5;
1139;A2;DIN 439 FP;A2 DIN 439  Hexagon thin nuts fine pitch type B;18X1,5;20439FP18X1,5;
1139;A2;DIN 439 FP;A2 DIN 439  Hexagon thin nuts fine pitch type B;20X1,5;20439FP20X1,5;
1139;A2;DIN 439 FP;A2 DIN 439  Hexagon thin nuts fine pitch type B;20X2;20439FP20X2;
1139;A2;DIN 439 FP;A2 DIN 439  Hexagon thin nuts fine pitch type B;22X1,5;20439FP22X1,5;
1139;A2;DIN 439 FP;A2 DIN 439  Hexagon thin nuts fine pitch type B;22X2;20439FP22X2;
1139;A2;DIN 439 FP;A2 DIN 439  Hexagon thin nuts fine pitch type B;24X1,5;20439FP24X1,5;
1139;A2;DIN 439 FP;A2 DIN 439  Hexagon thin nuts fine pitch type B;24X2;20439FP24X2;
1139;A2;DIN 439 FP;A2 DIN 439  Hexagon thin nuts fine pitch type B;27X1,5;20439FP27X1,5;
1139;A2;DIN 439 FP;A2 DIN 439  Hexagon thin nuts fine pitch type B;27X2;20439FP27X2;
1139;A2;DIN 439 FP;A2 DIN 439  Hexagon thin nuts fine pitch type B;30X1,5;20439FP30X1,5;
1139;A2;DIN 439 FP;A2 DIN 439  Hexagon thin nuts fine pitch type B;30X2;20439FP30X2;
1139;A2;DIN 439 FP;A2 DIN 439  Hexagon thin nuts fine pitch type B;33X2;20439FP33X2;
1139;A2;DIN 439 FP;A2 DIN 439  Hexagon thin nuts fine pitch type B;36X2;20439FP36X2;
1139;A2;DIN 439 FP;A2 DIN 439  Hexagon thin nuts fine pitch type B;36X3;20439FP36X3;
1139;A4;DIN 934 FP;A4 DIN 934  Hexagon nuts with fine thread;8X1;40934FP8X1;
1139;A4;DIN 934 FP;A4 DIN 934  Hexagon nuts with fine thread;10X1;40934FP10X1;
1139;A4;DIN 934 FP;A4 DIN 934  Hexagon nuts with fine thread;10X1,25;40934FP10X1,25;
1139;A4;DIN 934 FP;A4 DIN 934  Hexagon nuts with fine thread;12X1;40934FP12X1;
1139;A4;DIN 934 FP;A4 DIN 934  Hexagon nuts with fine thread;12X1,25;40934FP12X1,25;
1139;A4;DIN 934 FP;A4 DIN 934  Hexagon nuts with fine thread;12X1,5;40934FP12X1,5;
1139;A4;DIN 934 FP;A4 DIN 934  Hexagon nuts with fine thread;14X1,5;40934FP14X1,5;
1139;A4;DIN 934 FP;A4 DIN 934  Hexagon nuts with fine thread;16X1,5;40934FP16X1,5;
1139;A4;DIN 934 FP;A4 DIN 934  Hexagon nuts with fine thread;18X1,5;40934FP18X1,5;
1139;A4;DIN 934 FP;A4 DIN 934  Hexagon nuts with fine thread;20X1,5;40934FP20X1,5;
1139;A4;DIN 934 FP;A4 DIN 934  Hexagon nuts with fine thread;20X2;40934FP20X2;
1139;A4;DIN 934 FP;A4 DIN 934  Hexagon nuts with fine thread;22X1,5;40934FP22X1,5;
1139;A4;DIN 934 FP;A4 DIN 934  Hexagon nuts with fine thread;24X1,5;40934FP24X1,5;
1139;A4;DIN 934 FP;A4 DIN 934  Hexagon nuts with fine thread;24X2;40934FP24X2;
1139;A4;DIN 934 FP;A4 DIN 934  Hexagon nuts with fine thread;27X2;40934FP27X2;
1139;A4;DIN 934 FP;A4 DIN 934  Hexagon nuts with fine thread;30X1,5;40934FP30X1,5;
1139;A4;DIN 934 FP;A4 DIN 934  Hexagon nuts with fine thread;30X2;40934FP30X2;
1139;A4;DIN 934 FP;A4 DIN 934  Hexagon nuts with fine thread;33X2;40934FP33X2;
1139;A4;DIN 934 FP;A4 DIN 934  Hexagon nuts with fine thread;36X3;40934FP36X3;
1139;A4;DIN 934 FP;A4 DIN 934  Hexagon nuts with fine thread;39X3;40934FP39X3;
1139;A2;DIN 988;A2 DIN 988  Shim rings;3X6X0,1;209883X6X0,1;
1139;A2;DIN 988;A2 DIN 988  Shim rings;3X6X0,2;209883X6X0,2;
1139;A2;DIN 988;A2 DIN 988  Shim rings;3X6X0,3;209883X6X0,3;
1139;A2;DIN 988;A2 DIN 988  Shim rings;3X6X0,5;209883X6X0,5;
1139;A2;DIN 988;A2 DIN 988  Shim rings;3X6X1;209883X6X1;
1139;A2;DIN 988;A2 DIN 988  Shim rings;4X8X0,1;209884X8X0,1;
1139;A2;DIN 988;A2 DIN 988  Shim rings;4X8X0,2;209884X8X0,2;
1139;A2;DIN 988;A2 DIN 988  Shim rings;4X8X0,3;209884X8X0,3;
1139;A2;DIN 988;A2 DIN 988  Shim rings;4X8X0,5;209884X8X0,5;
1139;A2;DIN 988;A2 DIN 988  Shim rings;4X8X1;209884X8X1;
1139;A2;DIN 988;A2 DIN 988  Shim rings;5X10X0,1;209885X10X0,1;
1139;A2;DIN 988;A2 DIN 988  Shim rings;5X10X0,2;209885X10X0,2;
1139;A2;DIN 988;A2 DIN 988  Shim rings;5X10X0,3;209885X10X0,3;
1139;A2;DIN 988;A2 DIN 988  Shim rings;5X10X0,5;209885X10X0,5;
1139;A2;DIN 988;A2 DIN 988  Shim rings;5X10X1;209885X10X1;
1139;A2;DIN 988;A2 DIN 988  Shim rings;6x12x0,1;209886X12X0,1;
1139;A2;DIN 988;A2 DIN 988  Shim rings;6X12X0,2;209886X12X0,2;
1139;A2;DIN 988;A2 DIN 988  Shim rings;6X12X0,3;209886X12X0,3;
1139;A2;DIN 988;A2 DIN 988  Shim rings;6X12X0,5;209886X12X0,5;
1139;A2;DIN 988;A2 DIN 988  Shim rings;6X12X1;209886X12X1;
1139;A2;DIN 988;A2 DIN 988  Shim rings;8X14X0,1;209888X14X0,1;
1139;A2;DIN 988;A2 DIN 988  Shim rings;8X14X0,2;209888X14X0,2;
1139;A2;DIN 988;A2 DIN 988  Shim rings;8X14X0,3;209888X14X0,3;
1139;A2;DIN 988;A2 DIN 988  Shim rings;8X14X0,5;209888X14X0,5;
1139;A2;DIN 988;A2 DIN 988  Shim rings;8X14X1;209888X14X1;
1139;A2;DIN 988;A2 DIN 988  Shim rings;10X16X0,1;2098810X16X0,1;
1139;A2;DIN 988;A2 DIN 988  Shim rings;10X16X0,2;2098810X16X0,2;
1139;A2;DIN 988;A2 DIN 988  Shim rings;10X16X0,3;2098810X16X0,3;
1139;A2;DIN 988;A2 DIN 988  Shim rings;10X16X0,5;2098810X16X0,5;
1139;A2;DIN 988;A2 DIN 988  Shim rings;10X16X1;2098810X16X1;
1139;A2;DIN 988;A2 DIN 988  Shim rings;12X18X0,1;2098812X18X0,1;
1139;A2;DIN 988;A2 DIN 988  Shim rings;12X18X0,2;2098812X18X0,2;
1139;A2;DIN 988;A2 DIN 988  Shim rings;12X18X0,3;2098812X18X0,3;
1139;A2;DIN 988;A2 DIN 988  Shim rings;12X18X0,5;2098812X18X0,5;
1139;A2;DIN 988;A2 DIN 988  Shim rings;12X18X1,0;2098812X18X1,0;
1139;A2;DIN 988;A2 DIN 988  Shim rings;14X20X0,1;2098814X20X0,1;
1139;A2;DIN 988;A2 DIN 988  Shim rings;14X20X0,2;2098814X20X0,2;
1139;A2;DIN 988;A2 DIN 988  Shim rings;14X20X0,3;2098814X20X0,3;
1139;A2;DIN 988;A2 DIN 988  Shim rings;14X20X0,5;2098814X20X0,5;
1139;A2;DIN 988;A2 DIN 988  Shim rings;14X20X1;2098814X20X1;
1139;A2;DIN 988;A2 DIN 988  Shim rings;15X21X0,1;2098815X21X0,1;
1139;A2;DIN 988;A2 DIN 988  Shim rings;15X21X0,2;2098815X21X0,2;
1139;A2;DIN 988;A2 DIN 988  Shim rings;15X21X0,5;2098815X21X0,5;
1139;A2;DIN 988;A2 DIN 988  Shim rings;15X21X1;2098815X21X1;
1139;A2;DIN 988;A2 DIN 988  Shim rings;15X21X1,5;2098815X21X1,5;
1139;A2;DIN 988;A2 DIN 988  Shim rings;16X22X0,1;2098816X22X0,1;
1139;A2;DIN 988;A2 DIN 988  Shim rings;16X22X0,2;2098816X22X0,2;
1139;A2;DIN 988;A2 DIN 988  Shim rings;16X22X0,3;2098816X22X0,3;
1139;A2;DIN 988;A2 DIN 988  Shim rings;16X22X0,5;2098816X22X0,5;
1139;A2;DIN 988;A2 DIN 988  Shim rings;16X22X1;2098816X22X1;
1139;A2;DIN 988;A2 DIN 988  Shim rings;17X24X0,1;2098817X24X0,1;
1139;A2;DIN 988;A2 DIN 988  Shim rings;17X24X0,2;2098817X24X0,2;
1139;A2;DIN 988;A2 DIN 988  Shim rings;17X24X0,5;2098817X24X0,5;
1139;A2;DIN 988;A2 DIN 988  Shim rings;17X24X1;2098817X24X1;
1139;A2;DIN 988;A2 DIN 988  Shim rings;17X24X1,5;2098817X24X1,5;
1139;A2;DIN 988;A2 DIN 988  Shim rings;18X25X0,3;2098818X25X0,3;
1139;A2;DIN 988;A2 DIN 988  Shim rings;18X25X0,5;2098818X25X0,5;
1139;A2;DIN 988;A2 DIN 988  Shim rings;18X25X1;2098818X25X1;
1139;A2;DIN 988;A2 DIN 988  Shim rings;19X26X0,5;2098819X26X0,5;
1139;A2;DIN 988;A2 DIN 988  Shim rings;20X28X0,1;2098820X28X0,1;
1139;A2;DIN 988;A2 DIN 988  Shim rings;20X28X0,2;2098820X28X0,2;
1139;A2;DIN 988;A2 DIN 988  Shim rings;20X28X0,3;2098820X28X0,3;
1139;A2;DIN 988;A2 DIN 988  Shim rings;20X28X0,5;2098820X28X0,5;
1139;A2;DIN 988;A2 DIN 988  Shim rings;20X28X1;2098820X28X1;
1139;A2;DIN 988;A2 DIN 988  Shim rings;22X30X0,5;2098822X30X0,5;
1139;A2;DIN 988;A2 DIN 988  Shim rings;25X35X0,1;2098825X35X0,1;
1139;A2;DIN 988;A2 DIN 988  Shim rings;25X35X0,2;2098825X35X0,2;
1139;A2;DIN 988;A2 DIN 988  Shim rings;25X35X0,3;2098825X35X0,3;
1139;A2;DIN 988;A2 DIN 988  Shim rings;25X35X0,5;2098825X35X0,5;
1139;A2;DIN 988;A2 DIN 988  Shim rings;25X35X1;2098825X35X1;
1139;A2;DIN 988;A2 DIN 988  Shim rings;25X35X1,5;2098825X35X1,5;
1139;A2;DIN 988;A2 DIN 988  Shim rings;28X40X0,5;2098828X40X0,5;
1139;A2;DIN 988;A2 DIN 988  Shim rings;30X42X0,1;2098830X42X0,1;
1139;A2;DIN 988;A2 DIN 988  Shim rings;30X42X0,3;2098830X42X0,3;
1139;A2;DIN 988;A2 DIN 988  Shim rings;30X42X0,5;2098830X42X0,5;
1139;A2;DIN 988;A2 DIN 988  Shim rings;30X42X1;2098830X42X1;
1139;A2;DIN 988;A2 DIN 988  Shim rings;30X42X2;2098830X42X2;
1139;A2;DIN 988;A2 DIN 988  Shim rings;35X45X1;2098835X45X1;
1139;A2;DIN 988;A2 DIN 988  Shim rings;40X50X0,1;2098840X50X0,1;
1139;A2;DIN 988;A2 DIN 988  Shim rings;40X50X0,5;2098840X50X0,5;
1139;A2;DIN 988;A2 DIN 988  Shim rings;40X50X1;2098840X50X1;
1139;A2;DIN 988;A2 DIN 988  Shim rings;42X52X0,5;2098842X52X0,5;
1139;A2;DIN 1440;A2 DIN 1440  Washer for clevis pins,finish coarse;24;2144024;
1139;A2;DIN 985 FP;A2 DIN 985 FP Prev.torque hex nut thin type,fine pitch;8X1;20985FP8X1;
1139;A2;DIN 985 FP;A2 DIN 985 FP Prev.torque hex nut thin type,fine pitch;10X1;20985FP10X1;
1139;A2;DIN 985 FP;A2 DIN 985 FP Prev.torque hex nut thin type,fine pitch;10X1,25;20985FP10X1,25;
1139;A2;DIN 985 FP;A2 DIN 985 FP Prev.torque hex nut thin type,fine pitch;12X1,25;20985FP12X1,25;
1139;A2;DIN 985 FP;A2 DIN 985 FP Prev.torque hex nut thin type,fine pitch;14X1,5;20985FP14X1,5;
1139;A2;DIN 985 FP;A2 DIN 985 FP Prev.torque hex nut thin type,fine pitch;16X1,5;20985FP16X1,5;
1139;A2;DIN 985 FP;A2 DIN 985 FP Prev.torque hex nut thin type,fine pitch;20X1,5;20985FP20X1,5;
1139;A4;DIN 439 FP;A4 DIN 439  Hexagon thin nuts fine pitch type B;8X0,75;40439FP8X0,75;
1139;A4;DIN 439 FP;A4 DIN 439  Hexagon thin nuts fine pitch type B;8X1;40439FP8X1;
1139;A4;DIN 439 FP;A4 DIN 439  Hexagon thin nuts fine pitch type B;10X1;40439FP10X1;
1139;A4;DIN 439 FP;A4 DIN 439  Hexagon thin nuts fine pitch type B;10X1,25;40439FP10X1,25;
1139;A4;DIN 439 FP;A4 DIN 439  Hexagon thin nuts fine pitch type B;12X1,25;40439FP12X1,25;
1139;A4;DIN 439 FP;A4 DIN 439  Hexagon thin nuts fine pitch type B;12X1,5;40439FP12X1,5;
1139;A4;DIN 439 FP;A4 DIN 439  Hexagon thin nuts fine pitch type B;14X1,5;40439FP14X1,5;
1139;A4;DIN 439 FP;A4 DIN 439  Hexagon thin nuts fine pitch type B;16X1;40439FP16X1;
1139;A4;DIN 439 FP;A4 DIN 439  Hexagon thin nuts fine pitch type B;16X1,5;40439FP16X1,5;
1139;A4;DIN 439 FP;A4 DIN 439  Hexagon thin nuts fine pitch type B;18X1,5;40439FP18X1,5;
1139;A4;DIN 439 FP;A4 DIN 439  Hexagon thin nuts fine pitch type B;20X1,5;40439FP20X1,5;
1139;A4;DIN 439 FP;A4 DIN 439  Hexagon thin nuts fine pitch type B;20X2;40439FP20X2;
1139;A4;DIN 439 FP;A4 DIN 439  Hexagon thin nuts fine pitch type B;22X1,5;40439FP22X1,5;
1139;A4;DIN 439 FP;A4 DIN 439  Hexagon thin nuts fine pitch type B;22X2;40439FP22X2;
1139;A4;DIN 439 FP;A4 DIN 439  Hexagon thin nuts fine pitch type B;24X1,5;40439FP24X1,5;
1139;A4;DIN 439 FP;A4 DIN 439  Hexagon thin nuts fine pitch type B;24X2;40439FP24X2;
1139;A4;DIN 439 FP;A4 DIN 439  Hexagon thin nuts fine pitch type B;27X2;40439FP27X2;
1139;A4;DIN 439 FP;A4 DIN 439  Hexagon thin nuts fine pitch type B;30X1,5;40439FP30X1,5;
1139;A4;DIN 439 FP;A4 DIN 439  Hexagon thin nuts fine pitch type B;30X2;40439FP30X2;
1139;A4;DIN 439 FP;A4 DIN 439  Hexagon thin nuts fine pitch type B;33X2;40439FP33X2;
1139;A4;DIN 439 FP;A4 DIN 439  Hexagon thin nuts fine pitch type B;36X2;40439FP36X2;
1139;A4;ART. 8246-A;A4 ART. 8246  Turnbuckles Type A;4;48246A04;
1139;A4;ART. 8246-A;A4 ART. 8246  Turnbuckles Type A;5;48246A05;
1139;A4;ART. 8246-A;A4 ART. 8246  Turnbuckles Type A;6;48246A06;
1139;A4;ART. 8246-A;A4 ART. 8246  Turnbuckles Type A;8;48246A08;
1139;A4;ART. 8246-A;A4 ART. 8246  Turnbuckles Type A;10;48246A10;
1139;A4;ART. 8246-A;A4 ART. 8246  Turnbuckles Type A;12;48246A12;
1139;A4;ART. 8246-A;A4 ART. 8246  Turnbuckles Type A;16;48246A16;
1139;A4;ART. 8246-A;A4 ART. 8246  Turnbuckles Type A;20;48246A20;
1139;A2;DIN 982 FP;A2 DIN 982 FP Prev.torque hex nut high type fine pitch;8X1;20982FP8X1;
1139;A2;DIN 982 FP;A2 DIN 982 FP Prev.torque hex nut high type fine pitch;10X1,25;20982FP10X1,25;
1139;A2;DIN 982 FP;A2 DIN 982 FP Prev.torque hex nut high type fine pitch;12X1,25;20982FP12X1,25;
1139;A2;DIN 982 FP;A2 DIN 982 FP Prev.torque hex nut high type fine pitch;16X1,5;20982FP16X1,5;
1139;A4;ART. 25511 M;A4 ART. 25511  AFNOR serrated conical spring washers  type M;3;425511M3;
1139;A4;ART. 25511 M;A4 ART. 25511  AFNOR serrated conical spring washers  type M;4;425511M4;
1139;A4;ART. 25511 M;A4 ART. 25511  AFNOR serrated conical spring washers  type M;5;425511M5;
1139;A4;ART. 25511 M;A4 ART. 25511  AFNOR serrated conical spring washers  type M;6;425511M6;
1139;A4;ART. 25511 M;A4 ART. 25511  AFNOR serrated conical spring washers  type M;8;425511M8;
1139;A4;ART. 25511 M;A4 ART. 25511  AFNOR serrated conical spring washers  type M;10;425511M10;
1139;A4;ART. 25511 M;A4 ART. 25511  AFNOR serrated conical spring washers  type M;12;425511M12;
1139;A4;ART. 25511 M;A4 ART. 25511  AFNOR serrated conical spring washers  type M;14;425511M14;
1139;A4;ART. 25511 M;A4 ART. 25511  AFNOR serrated conical spring washers  type M;16;425511M16;
1139;A4;ART. 25511 M;A4 ART. 25511  AFNOR serrated conical spring washers  type M;20;425511M20;
1139;A4;ART. 8248;A4 ART. 8248  Wire rope clamps;2;482482;
1139;A4;ART. 8248;A4 ART. 8248  Wire rope clamps;3;482483;
1139;A4;ART. 8248;A4 ART. 8248  Wire rope clamps;4;482484;
1139;A4;ART. 8248;A4 ART. 8248  Wire rope clamps;5;482485;
1139;A4;ART. 8248;A4 ART. 8248  Wire rope clamps;6;482486;
1139;A4;ART. 8248;A4 ART. 8248  Wire rope clamps;8;482488;
1139;A4;ART. 8248;A4 ART. 8248  Wire rope clamps;10;4824810;
1139;A4;ART. 8248;A4 ART. 8248  Wire rope clamps;13;4824813;
1139;A4;ART. 8248;A4 ART. 8248  Wire rope clamps;16;4824816;
1139;A4;DIN 7504N;A4 DIN 7504N  Self drilling scr. pan head w/cross rec;2,9X13;47504N2,9X13;
1139;A4;DIN 7504N;A4 DIN 7504N  Self drilling scr. pan head w/cross rec;2,9X16;47504N2,9X16;
1139;A4;DIN 7504N;A4 DIN 7504N  Self drilling scr. pan head w/cross rec;2,9x19;47504N2,9X19;
1139;A4;DIN 7504N;A4 DIN 7504N  Self drilling scr. pan head w/cross rec;3,5X9,5;47504N3,5X9,5;
1139;A4;DIN 7504N;A4 DIN 7504N  Self drilling scr. pan head w/cross rec;3,5X13;47504N3,5X13;
1139;A4;DIN 7504N;A4 DIN 7504N  Self drilling scr. pan head w/cross rec;3,5X16;47504N3,5X16;
1139;A4;DIN 7504N;A4 DIN 7504N  Self drilling scr. pan head w/cross rec;3,5X19;47504N3,5X19;
1139;A4;DIN 7504N;A4 DIN 7504N  Self drilling scr. pan head w/cross rec;3,5X22;47504N3,5X22;
1139;A4;DIN 7504N;A4 DIN 7504N  Self drilling scr. pan head w/cross rec;3,5X25;47504N3,5X25;
1139;A4;DIN 7504N;A4 DIN 7504N  Self drilling scr. pan head w/cross rec;3,9X13;47504N3,9X13;
1139;A4;DIN 7504N;A4 DIN 7504N  Self drilling scr. pan head w/cross rec;3,9X16;47504N3,9X16;
1139;A4;DIN 7504N;A4 DIN 7504N  Self drilling scr. pan head w/cross rec;3,9X19;47504N3,9X19;
1139;A4;DIN 7504N;A4 DIN 7504N  Self drilling scr. pan head w/cross rec;3,9X22;47504N3,9X22;
1139;A4;DIN 7504N;A4 DIN 7504N  Self drilling scr. pan head w/cross rec;3,9X25;47504N3,9X25;
1139;A4;DIN 7504N;A4 DIN 7504N  Self drilling scr. pan head w/cross rec;3,9X32;47504N3,9X32;
1139;A4;DIN 7504N;A4 DIN 7504N  Self drilling scr. pan head w/cross rec;3,9X38;47504N3,9X38;
1139;A4;DIN 7504N;A4 DIN 7504N  Self drilling scr. pan head w/cross rec;3,9X45;47504N3,9X45;
1139;A4;DIN 7504N;A4 DIN 7504N  Self drilling scr. pan head w/cross rec;4,2X19;47504N4,2X19;
1139;A4;DIN 7504N;A4 DIN 7504N  Self drilling scr. pan head w/cross rec;4,2X25;47504N4,2X25;
1139;A4;DIN 7504N;A4 DIN 7504N  Self drilling scr. pan head w/cross rec;4,2X32;47504N4,2X32;
1139;A4;DIN 7504N;A4 DIN 7504N  Self drilling scr. pan head w/cross rec;4,2X50;47504N4,2X50;
1139;A4;DIN 7504N;A4 DIN 7504N  Self drilling scr. pan head w/cross rec;4,8X13;47504N4,8X13;
1139;A4;DIN 7504N;A4 DIN 7504N  Self drilling scr. pan head w/cross rec;4,8X16;47504N4,8X16;
1139;A4;DIN 7504N;A4 DIN 7504N  Self drilling scr. pan head w/cross rec;4,8X22;47504N4,8X22;
1139;A4;DIN 7504N;A4 DIN 7504N  Self drilling scr. pan head w/cross rec;4,8X25;47504N4,8X25;
1139;A4;DIN 7504N;A4 DIN 7504N  Self drilling scr. pan head w/cross rec;4,8X32;47504N4,8X32;
1139;A4;DIN 7504N;A4 DIN 7504N  Self drilling scr. pan head w/cross rec;4,8X38;47504N4,8X38;
1139;A4;DIN 7504N;A4 DIN 7504N  Self drilling scr. pan head w/cross rec;4,8X45;47504N4,8X45;
1139;A4;DIN 7504N;A4 DIN 7504N  Self drilling scr. pan head w/cross rec;4,8X50;47504N4,8X50;
1139;A4;DIN 7504N;A4 DIN 7504N  Self drilling scr. pan head w/cross rec;5,5X19;47504N5,5X19;
1139;A4;DIN 7504N;A4 DIN 7504N  Self drilling scr. pan head w/cross rec;5,5X25;47504N5,5X25;
1139;A4;DIN 7504N;A4 DIN 7504N  Self drilling scr. pan head w/cross rec;5,5X32;47504N5,5X32;
1139;A4;DIN 7504N;A4 DIN 7504N  Self drilling scr. pan head w/cross rec;5,5X38;47504N5,5X38;
1139;A4;DIN 7504N;A4 DIN 7504N  Self drilling scr. pan head w/cross rec;5,5X45;47504N5,5X45;
1139;A4;DIN 7504N;A4 DIN 7504N  Self drilling scr. pan head w/cross rec;5,5X50;47504N5,5X50;
1139;A4;DIN 7504N;A4 DIN 7504N  Self drilling scr. pan head w/cross rec;6,3X22;47504N6,3X22;
1139;A4;DIN 7504N;A4 DIN 7504N  Self drilling scr. pan head w/cross rec;6,3X25;47504N6,3X25;
1139;A4;DIN 7504N;A4 DIN 7504N  Self drilling scr. pan head w/cross rec;6,3X38;47504N6,3X38;
1139;A4;DIN 7504N;A4 DIN 7504N  Self drilling scr. pan head w/cross rec;6,3X45;47504N6,3X45;
1139;A4;DIN 7504K;A4 DIN 7504K  Self drilling screws hexagon head;4,8X60;47504K4,8X60;
1139;A4;DIN 7504K;A4 DIN 7504K  Self drilling screws hexagon head;4,8X70;47504K4,8X70;
1139;A4;DIN 7504P;A4 DIN 7504P  Self drilling screws countersunk head;3,5X13;47504P3,5X13;
1139;A4;DIN 7504P;A4 DIN 7504P  Self drilling screws countersunk head;3,5X16;47504P3,5X16;
1139;A4;DIN 7504P;A4 DIN 7504P  Self drilling screws countersunk head;3,5X19;47504P3,5X19;
1139;A4;DIN 7504P;A4 DIN 7504P  Self drilling screws countersunk head;3,5X22;47504P3,5X22;
1139;A4;DIN 7504P;A4 DIN 7504P  Self drilling screws countersunk head;3,5X25;47504P3,5X25;
1139;A4;DIN 7504P;A4 DIN 7504P  Self drilling screws countersunk head;3,9X13;47504P3,9X13;
1139;A4;DIN 7504P;A4 DIN 7504P  Self drilling screws countersunk head;3,9X25;47504P3,9X25;
1139;A4;DIN 7504P;A4 DIN 7504P  Self drilling screws countersunk head;3,9X38;47504P3,9X38;
1139;A4;DIN 7504P;A4 DIN 7504P  Self drilling screws countersunk head;3,9X45;47504P3,9X45;
1139;A4;DIN 7504P;A4 DIN 7504P  Self drilling screws countersunk head;3,9X50;47504P3,9X50;
1139;A4;DIN 7504P;A4 DIN 7504P  Self drilling screws countersunk head;4,2X13;47504P4,2X13;
1139;A4;DIN 7504P;A4 DIN 7504P  Self drilling screws countersunk head;4,2X16;47504P4,2X16;
1139;A4;DIN 7504P;A4 DIN 7504P  Self drilling screws countersunk head;4,2X19;47504P4,2X19;
1139;A4;DIN 7504P;A4 DIN 7504P  Self drilling screws countersunk head;4,2X22;47504P4,2X22;
1139;A4;DIN 7504P;A4 DIN 7504P  Self drilling screws countersunk head;4,2X25;47504P4,2X25;
1139;A4;DIN 7504P;A4 DIN 7504P  Self drilling screws countersunk head;4,2X32;47504P4,2X32;
1139;A4;DIN 7504P;A4 DIN 7504P  Self drilling screws countersunk head;4,2X38;47504P4,2X38;
1139;A4;DIN 7504P;A4 DIN 7504P  Self drilling screws countersunk head;4,2X45;47504P4,2X45;
1139;A4;DIN 7504P;A4 DIN 7504P  Self drilling screws countersunk head;4,2X50;47504P4,2X50;
1139;A4;DIN 7504P;A4 DIN 7504P  Self drilling screws countersunk head;5,5X19;47504P5,5X19;
1139;A4;DIN 7504P;A4 DIN 7504P  Self drilling screws countersunk head;5,5X22;47504P5,5X22;
1139;A4;DIN 7504P;A4 DIN 7504P  Self drilling screws countersunk head;5,5X25;47504P5,5X25;
1139;A4;DIN 7504P;A4 DIN 7504P  Self drilling screws countersunk head;5,5X32;47504P5,5X32;
1139;A4;DIN 7504P;A4 DIN 7504P  Self drilling screws countersunk head;5,5X38;47504P5,5X38;
1139;A4;DIN 7504P;A4 DIN 7504P  Self drilling screws countersunk head;5,5X45;47504P5,5X45;
1139;A4;DIN 7504P;A4 DIN 7504P  Self drilling screws countersunk head;5,5X50;47504P5,5X50;
1139;A4;DIN 7504P;A4 DIN 7504P  Self drilling screws countersunk head;6,3X16;47504P6,3X16;
1139;A4;DIN 7504P;A4 DIN 7504P  Self drilling screws countersunk head;6,3X19;47504P6,3X19;
1139;A4;DIN 7504P;A4 DIN 7504P  Self drilling screws countersunk head;6,3X22;47504P6,3X22;
1139;A4;DIN 7504P;A4 DIN 7504P  Self drilling screws countersunk head;6,3X25;47504P6,3X25;
1139;A4;DIN 7504P;A4 DIN 7504P  Self drilling screws countersunk head;6,3X32;47504P6,3X32;
1139;A4;DIN 7504P;A4 DIN 7504P  Self drilling screws countersunk head;6,3X38;47504P6,3X38;
1139;A4;DIN 7504P;A4 DIN 7504P  Self drilling screws countersunk head;6,3X45;47504P6,3X45;
1139;A4;DIN 7504P;A4 DIN 7504P  Self drilling screws countersunk head;6,3X50;47504P6,3X50;
1139;A2;DIN 6798V;A2 DIN 6798V  Serrated lock washers type V;3;26798V3;
1139;A2;DIN 6798V;A2 DIN 6798V  Serrated lock washers type V;4;26798V4;
1139;A2;DIN 6798V;A2 DIN 6798V  Serrated lock washers type V;5;26798V5;
1139;A2;DIN 6798V;A2 DIN 6798V  Serrated lock washers type V;6;26798V6;
1139;A2;DIN 6798V;A2 DIN 6798V  Serrated lock washers type V;8;26798V8;
1139;A2;DIN 6798V;A2 DIN 6798V  Serrated lock washers type V;10;26798V10;
1139;A2;DIN 1587;A2 DIN 1587  Hexagon domed cup nuts fine thread;8X1;21587FP8X1;
1139;A2;DIN 1587;A2 DIN 1587  Hexagon domed cup nuts fine thread;10X1;21587FP10X1;
1139;A2;DIN 1587;A2 DIN 1587  Hexagon domed cup nuts fine thread;10X1,25;21587FP10X1,25;
1139;A2;DIN 1587;A2 DIN 1587  Hexagon domed cup nuts fine thread;12X1,25;21587FP12X1,25;
1139;A2;DIN 1587;A2 DIN 1587  Hexagon domed cup nuts fine thread;14X1,5;21587FP14X1,5;
1139;A2;DIN 908 M;A2 DIN 908 M Metric thread Hex socket plug w/collar & cylindr. m.t.;10X1;20908M10X1;
1139;A2;DIN 908 M;A2 DIN 908 M Metric thread Hex socket plug w/collar & cylindr. m.t.;12X1,5;20908M12X1,5;
1139;A2;DIN 908 M;A2 DIN 908 M Metric thread Hex socket plug w/collar & cylindr. m.t.;14X1,5;20908M14X1,5;
1139;A2;DIN 908 M;A2 DIN 908 M Metric thread Hex socket plug w/collar & cylindr. m.t.;16X1,5;20908M16X1,5;
1139;A2;DIN 908 M;A2 DIN 908 M Metric thread Hex socket plug w/collar & cylindr. m.t.;18X1,5;20908M18X1,5;
1139;A2;DIN 908 M;A2 DIN 908 M Metric thread Hex socket plug w/collar & cylindr. m.t.;20X1,5;20908M20X1,5;
1139;A2;DIN 908 M;A2 DIN 908 M Metric thread Hex socket plug w/collar & cylindr. m.t.;22X1,5;20908M22X1,5;
1139;A2;DIN 908 M;A2 DIN 908 M Metric thread Hex socket plug w/collar & cylindr. m.t.;24X1,5;20908M24X1,5;
1139;A2;DIN 908 M;A2 DIN 908 M Metric thread Hex socket plug w/collar & cylindr. m.t.;26X1,5;20908M26X1,5;
1139;A2;DIN 908 M;A2 DIN 908 M Metric thread Hex socket plug w/collar & cylindr. m.t.;27X2;20908M27X2;
1139;A4;DIN 908 G;A4 DIN 908 G  Hex s.s.plugs w/collar & cyl.pipe thread;03-ago;40908G3/8;
1139;A4;DIN 908 G;A4 DIN 908 G  Hex s.s.plugs w/collar & cyl.pipe thread;01-ago;40908G1/8;
1139;A4;DIN 908 G;A4 DIN 908 G  Hex s.s.plugs w/collar & cyl.pipe thread;01-apr;40908G1/4;
1139;A4;DIN 908 G;A4 DIN 908 G  Hex s.s.plugs w/collar & cyl.pipe thread;01-feb;40908G1/2;
1139;A4;DIN 908 G;A4 DIN 908 G  Hex s.s.plugs w/collar & cyl.pipe thread;03-apr;40908G3/4;
1139;A4;DIN 908 G;A4 DIN 908 G  Hex s.s.plugs w/collar & cyl.pipe thread;"1""";"40908G1""";
1139;A4;DIN 908 G;A4 DIN 908 G  Hex s.s.plugs w/collar & cyl.pipe thread;"1""1/4";"40908G1""1/4";
1139;A4;DIN 908 G;A4 DIN 908 G  Hex s.s.plugs w/collar & cyl.pipe thread;"1""1/2";40908G11/2;
1139;A4;DIN 939;A4 DIN 939  Studs metal end - 1,25xd;10X90;4093910X90;
1139;A4;DIN 939;A4 DIN 939  Studs metal end - 1,25xd;20X35;4093920X35;
1139;A4;DIN 939;A4 DIN 939  Studs metal end - 1,25xd;20X100;4093920X100;
1139;A4;DIN 985 FP;A4 DIN 985 FP Prev.torque hex nut thin type,fine pitch;8X1;40985FP8X1;
1139;A4;DIN 985 FP;A4 DIN 985 FP Prev.torque hex nut thin type,fine pitch;16X1,5;40985FP16X1,5;
1139;A4;DIN 985 FP;A4 DIN 985 FP Prev.torque hex nut thin type,fine pitch;24X2;40985FP24X2;
1139;A2;ART. 84 OW;A2   Machine screws TC - one way;4X8;20084OW4X8;
1139;A2;ART. 84 OW;A2   Machine screws TC - one way;4X10;20084OW4X10;
1139;A2;ART. 84 OW;A2   Machine screws TC - one way;4X12;20084OW4X12;
1139;A2;ART. 84 OW;A2   Machine screws TC - one way;4X16;20084OW4X16;
1139;A2;ART. 84 OW;A2   Machine screws TC - one way;4X20;20084OW4X20;
1139;A2;ART. 84 OW;A2   Machine screws TC - one way;4X25;20084OW4X25;
1139;A2;ART. 84 OW;A2   Machine screws TC - one way;4X30;20084OW4X30;
1139;A2;ART. 84 OW;A2   Machine screws TC - one way;4X35;20084OW4X35;
1139;A2;ART. 84 OW;A2   Machine screws TC - one way;4X40;20084OW4X40;
1139;A2;ART. 84 OW;A2   Machine screws TC - one way;5X8;20084OW5X8;
1139;A2;ART. 84 OW;A2   Machine screws TC - one way;5X10;20084OW5X10;
1139;A2;ART. 84 OW;A2   Machine screws TC - one way;5X12;20084OW5X12;
1139;A2;ART. 84 OW;A2   Machine screws TC - one way;5X16;20084OW5X16;
1139;A2;ART. 84 OW;A2   Machine screws TC - one way;5X20;20084OW5X20;
1139;A2;ART. 84 OW;A2   Machine screws TC - one way;5X25;20084OW5X25;
1139;A2;ART. 84 OW;A2   Machine screws TC - one way;5X30;20084OW5X30;
1139;A2;ART. 84 OW;A2   Machine screws TC - one way;5X40;20084OW5X40;
1139;A2;ART. 84 OW;A2   Machine screws TC - one way;5X45;20084OW5X45;
1139;A2;ART. 84 OW;A2   Machine screws TC - one way;5X50;20084OW5X50;
1139;A2;ART. 84 OW;A2   Machine screws TC - one way;6X10;20084OW6X10;
1139;A2;ART. 84 OW;A2   Machine screws TC - one way;6X12;20084OW6X12;
1139;A2;ART. 84 OW;A2   Machine screws TC - one way;6X16;20084OW6X16;
1139;A2;ART. 84 OW;A2   Machine screws TC - one way;6X20;20084OW6X20;
1139;A2;ART. 84 OW;A2   Machine screws TC - one way;6X25;20084OW6X25;
1139;A2;ART. 84 OW;A2   Machine screws TC - one way;6X30;20084OW6X30;
1139;A2;ART. 84 OW;A2   Machine screws TC - one way;6X40;20084OW6X40;
1139;A2;ART. 84 OW;A2   Machine screws TC - one way;6X45;20084OW6X45;
1139;A2;ART. 84 OW;A2   Machine screws TC - one way;6X50;20084OW6X50;
1139;A2;ART. 84 OW;A2   Machine screws TC - one way;6X60;20084OW6X60;
1139;A2;ART. 84 OW;A2   Machine screws TC - one way;8X16;20084OW8X16;
1139;A2;ART. 84 OW;A2   Machine screws TC - one way;8X20;20084OW8X20;
1139;A2;ART. 84 OW;A2   Machine screws TC - one way;8X25;20084OW8X25;
1139;A2;ART. 84 OW;A2   Machine screws TC - one way;8X30;20084OW8X30;
1139;A2;ART. 84 OW;A2   Machine screws TC - one way;8X35;20084OW8X35;
1139;A2;ART. 84 OW;A2   Machine screws TC - one way;8X40;20084OW8X40;
1139;A2;ART. 84 OW;A2   Machine screws TC - one way;8X45;20084OW8X45;
1139;A2;ART. 25511 M;A2 ART. 25511  AFNOR serrated conical spring washers  type M;3;225511M3;
1139;A2;ART. 25511 M;A2 ART. 25511  AFNOR serrated conical spring washers  type M;4;225511M4;
1139;A2;ART. 25511 M;A2 ART. 25511  AFNOR serrated conical spring washers  type M;5;225511M5;
1139;A2;ART. 25511 M;A2 ART. 25511  AFNOR serrated conical spring washers  type M;6;225511M6;
1139;A2;ART. 25511 M;A2 ART. 25511  AFNOR serrated conical spring washers  type M;8;225511M8;
1139;A2;ART. 25511 M;A2 ART. 25511  AFNOR serrated conical spring washers  type M;10;225511M10;
1139;A2;ART. 25511 M;A2 ART. 25511  AFNOR serrated conical spring washers  type M;12;225511M12;
1139;A2;ART. 25511 M;A2 ART. 25511  AFNOR serrated conical spring washers  type M;14;225511M14;
1139;A2;ART. 25511 M;A2 ART. 25511  AFNOR serrated conical spring washers  type M;16;225511M16;
1139;A2;ART. 25511 M;A2 ART. 25511  AFNOR serrated conical spring washers  type M;20;225511M20;
1139;A4;DIN 7985 TX;A4 DIN 7985  Pan head screws with TX;2X5;47985TX2X5;
1139;A4;DIN 7985 TX;A4 DIN 7985  Pan head screws with TX;2X6;47985TX2X6;
1139;A4;DIN 7985 TX;A4 DIN 7985  Pan head screws with TX;2X8;47985TX2X8;
1139;A4;DIN 7985 TX;A4 DIN 7985  Pan head screws with TX;2X10;47985TX2X10;
1139;A4;DIN 7985 TX;A4 DIN 7985  Pan head screws with TX;2X12;47985TX2X12;
1139;A4;DIN 7985 TX;A4 DIN 7985  Pan head screws with TX;2X16;47985TX2X16;
1139;A4;DIN 7985 TX;A4 DIN 7985  Pan head screws with TX;2,5X3;47985TX2,5X3;
1139;A4;DIN 7985 TX;A4 DIN 7985  Pan head screws with TX;2,5X4;47985TX2,5X4;
1139;A4;DIN 7985 TX;A4 DIN 7985  Pan head screws with TX;2,5X5;47985TX2,5X5;
1139;A4;DIN 7985 TX;A4 DIN 7985  Pan head screws with TX;2,5X6;47985TX2,5X6;
1139;A4;DIN 7985 TX;A4 DIN 7985  Pan head screws with TX;2,5X8;47985TX2,5X8;
1139;A4;DIN 7985 TX;A4 DIN 7985  Pan head screws with TX;2,5X10;47985TX2,5X10;
1139;A4;DIN 7985 TX;A4 DIN 7985  Pan head screws with TX;2,5X12;47985TX2,5X12;
1139;A4;DIN 7985 TX;A4 DIN 7985  Pan head screws with TX;2,5X16;47985TX2,5X16;
1139;A4;DIN 7985 TX;A4 DIN 7985  Pan head screws with TX;2,5X20;47985TX2,5X20;
1139;A4;DIN 7985 TX;A4 DIN 7985  Pan head screws with TX;2,5X25;47985TX2,5X25;
1139;A4;DIN 7985 TX;A4 DIN 7985  Pan head screws with TX;3X4;47985TX3X4;
1139;A4;DIN 7985 TX;A4 DIN 7985  Pan head screws with TX;3X5;47985TX3X5;
1139;A4;DIN 7985 TX;A4 DIN 7985  Pan head screws with TX;3X6;47985TX3X6;
1139;A4;DIN 7985 TX;A4 DIN 7985  Pan head screws with TX;3X8;47985TX3X8;
1139;A4;DIN 7985 TX;A4 DIN 7985  Pan head screws with TX;3X10;47985TX3X10;
1139;A4;DIN 7985 TX;A4 DIN 7985  Pan head screws with TX;3X12;47985TX3X12;
1139;A4;DIN 7985 TX;A4 DIN 7985  Pan head screws with TX;3X14;47985TX3X14;
1139;A4;DIN 7985 TX;A4 DIN 7985  Pan head screws with TX;3X16;47985TX3X16;
1139;A4;DIN 7985 TX;A4 DIN 7985  Pan head screws with TX;3X18;47985TX3X18;
1139;A4;DIN 7985 TX;A4 DIN 7985  Pan head screws with TX;3X20;47985TX3X20;
1139;A4;DIN 7985 TX;A4 DIN 7985  Pan head screws with TX;3X25;47985TX3X25;
1139;A4;DIN 7985 TX;A4 DIN 7985  Pan head screws with TX;3X30;47985TX3X30;
1139;A4;DIN 7985 TX;A4 DIN 7985  Pan head screws with TX;3X35;47985TX3X35;
1139;A4;DIN 7985 TX;A4 DIN 7985  Pan head screws with TX;3X40;47985TX3X40;
1139;A4;DIN 7985 TX;A4 DIN 7985  Pan head screws with TX;4X5;47985TX4X5;
1139;A4;DIN 7985 TX;A4 DIN 7985  Pan head screws with TX;4X6;47985TX4X6;
1139;A4;DIN 7985 TX;A4 DIN 7985  Pan head screws with TX;4X8;47985TX4X8;
1139;A4;DIN 7985 TX;A4 DIN 7985  Pan head screws with TX;4X10;47985TX4X10;
1139;A4;DIN 7985 TX;A4 DIN 7985  Pan head screws with TX;4X12;47985TX4X12;
1139;A4;DIN 7985 TX;A4 DIN 7985  Pan head screws with TX;4X14;47985TX4X14;
1139;A4;DIN 7985 TX;A4 DIN 7985  Pan head screws with TX;4X16;47985TX4X16;
1139;A4;DIN 7985 TX;A4 DIN 7985  Pan head screws with TX;4X18;47985TX4X18;
1139;A4;DIN 7985 TX;A4 DIN 7985  Pan head screws with TX;4X20;47985TX4X20;
1139;A4;DIN 7985 TX;A4 DIN 7985  Pan head screws with TX;4X25;47985TX4X25;
1139;A4;DIN 7985 TX;A4 DIN 7985  Pan head screws with TX;4X30;47985TX4X30;
1139;A4;DIN 7985 TX;A4 DIN 7985  Pan head screws with TX;4X35;47985TX4X35;
1139;A4;DIN 7985 TX;A4 DIN 7985  Pan head screws with TX;4X40;47985TX4X40;
1139;A4;DIN 7985 TX;A4 DIN 7985  Pan head screws with TX;5X6;47985TX5X6;
1139;A4;DIN 7985 TX;A4 DIN 7985  Pan head screws with TX;5X8;47985TX5X8;
1139;A4;DIN 7985 TX;A4 DIN 7985  Pan head screws with TX;5X10;47985TX5X10;
1139;A4;DIN 7985 TX;A4 DIN 7985  Pan head screws with TX;5X12;47985TX5X12;
1139;A4;DIN 7985 TX;A4 DIN 7985  Pan head screws with TX;5X16;47985TX5X16;
1139;A4;DIN 7985 TX;A4 DIN 7985  Pan head screws with TX;5X20;47985TX5X20;
1139;A4;DIN 7985 TX;A4 DIN 7985  Pan head screws with TX;5X25;47985TX5X25;
1139;A4;DIN 7985 TX;A4 DIN 7985  Pan head screws with TX;5X30;47985TX5X30;
1139;A4;DIN 7985 TX;A4 DIN 7985  Pan head screws with TX;5X35;47985TX5X35;
1139;A4;DIN 7985 TX;A4 DIN 7985  Pan head screws with TX;5X40;47985TX5X40;
1139;A4;DIN 7985 TX;A4 DIN 7985  Pan head screws with TX;5X45;47985TX5X45;
1139;A4;DIN 7985 TX;A4 DIN 7985  Pan head screws with TX;5X50;47985TX5X50;
1139;A4;DIN 7985 TX;A4 DIN 7985  Pan head screws with TX;6X8;47985TX6X8;
1139;A4;DIN 7985 TX;A4 DIN 7985  Pan head screws with TX;6X10;47985TX6X10;
1139;A4;DIN 7985 TX;A4 DIN 7985  Pan head screws with TX;6X12;47985TX6X12;
1139;A4;DIN 7985 TX;A4 DIN 7985  Pan head screws with TX;6X16;47985TX6X16;
1139;A4;DIN 7985 TX;A4 DIN 7985  Pan head screws with TX;6X20;47985TX6X20;
1139;A4;DIN 7985 TX;A4 DIN 7985  Pan head screws with TX;6X25;47985TX6X25;
1139;A4;DIN 7985 TX;A4 DIN 7985  Pan head screws with TX;6X30;47985TX6X30;
1139;A4;DIN 7985 TX;A4 DIN 7985  Pan head screws with TX;6X35;47985TX6X35;
1139;A4;DIN 7985 TX;A4 DIN 7985  Pan head screws with TX;6X40;47985TX6X40;
1139;A4;DIN 7985 TX;A4 DIN 7985  Pan head screws with TX;6X45;47985TX6X45;
1139;A4;DIN 7985 TX;A4 DIN 7985  Pan head screws with TX;6X50;47985TX6X50;
1139;A4;DIN 7985 TX;A4 DIN 7985  Pan head screws with TX;8X16;47985TX8X16;
1139;A4;DIN 7985 TX;A4 DIN 7985  Pan head screws with TX;8X20;47985TX8X20;
1139;A4;DIN 7985 TX;A4 DIN 7985  Pan head screws with TX;8X25;47985TX8X25;
1139;A4;DIN 7985 TX;A4 DIN 7985  Pan head screws with TX;8X30;47985TX8X30;
1139;A4;DIN 7985 TX;A4 DIN 7985  Pan head screws with TX;8X35;47985TX8X35;
1139;A4;DIN 7985 TX;A4 DIN 7985  Pan head screws with TX;8X40;47985TX8X40;
1139;A4;DIN 7985 TX;A4 DIN 7985  Pan head screws with TX;8X50;47985TX8X50;
1139;A4;sim. DIN 912;A4 sim. DIN 912  Self tapping socket capscrews;4,8X13;40912ST4,8X13;
1139;A4;sim. DIN 912;A4 sim. DIN 912  Self tapping socket capscrews;4,8X16;40912ST4,8X16;
1139;A4;sim. DIN 912;A4 sim. DIN 912  Self tapping socket capscrews;4,8X19;40912ST4,8X19;
1139;A4;sim. DIN 912;A4 sim. DIN 912  Self tapping socket capscrews;4,8X22;40912ST4,8X22;
1139;A4;sim. DIN 912;A4 sim. DIN 912  Self tapping socket capscrews;4,8X25;40912ST4,8X25;
1139;A4;sim. DIN 912;A4 sim. DIN 912  Self tapping socket capscrews;4,8X32;40912ST4,8X32;
1139;A4;sim. DIN 912;A4 sim. DIN 912  Self tapping socket capscrews;4,8X38;40912ST4,8X38;
1139;A4;sim. DIN 912;A4 sim. DIN 912  Self tapping socket capscrews;4,8X42;40912ST4,8X42;
1139;A4;sim. DIN 912;A4 sim. DIN 912  Self tapping socket capscrews;4,8X45;40912ST4,8X45;
1139;A4;sim. DIN 912;A4 sim. DIN 912  Self tapping socket capscrews;4,8X50;40912ST4,8X50;
1139;A4;sim. DIN 912;A4 sim. DIN 912  Self tapping socket capscrews;4,8X60;40912ST4,8X60;
1139;A4;sim. DIN 912;A4 sim. DIN 912  Self tapping socket capscrews;4,8X70;40912ST4,8X70;
1139;A4;sim. DIN 912;A4 sim. DIN 912  Self tapping socket capscrews;5,5X13;40912ST5,5X13;
1139;A4;sim. DIN 912;A4 sim. DIN 912  Self tapping socket capscrews;5,5X16;40912ST5,5X16;
1139;A4;sim. DIN 912;A4 sim. DIN 912  Self tapping socket capscrews;5,5X19;40912ST5,5X19;
1139;A4;sim. DIN 912;A4 sim. DIN 912  Self tapping socket capscrews;5,5X22;40912ST5,5X22;
1139;A4;sim. DIN 912;A4 sim. DIN 912  Self tapping socket capscrews;5,5X25;40912ST5,5X25;
1139;A4;sim. DIN 912;A4 sim. DIN 912  Self tapping socket capscrews;5,5X32;40912ST5,5X32;
1139;A4;sim. DIN 912;A4 sim. DIN 912  Self tapping socket capscrews;5,5X38;40912ST5,5X38;
1139;A4;sim. DIN 912;A4 sim. DIN 912  Self tapping socket capscrews;5,5X45;40912ST5,5X45;
1139;A4;sim. DIN 912;A4 sim. DIN 912  Self tapping socket capscrews;5,5X50;40912ST5,5X50;
1139;A4;sim. DIN 912;A4 sim. DIN 912  Self tapping socket capscrews;5,5X60;40912ST5,5X60;
1139;A4;sim. DIN 912;A4 sim. DIN 912  Self tapping socket capscrews;5,5X70;40912ST5,5X70;
1139;A4;sim. DIN 912;A4 sim. DIN 912  Self tapping socket capscrews;6,3X16;40912ST6,3X16;
1139;A4;sim. DIN 912;A4 sim. DIN 912  Self tapping socket capscrews;6,3X19;40912ST6,3X19;
1139;A4;sim. DIN 912;A4 sim. DIN 912  Self tapping socket capscrews;6,3X22;40912ST6,3X22;
1139;A4;sim. DIN 912;A4 sim. DIN 912  Self tapping socket capscrews;6,3X25;40912ST6,3X25;
1139;A4;sim. DIN 912;A4 sim. DIN 912  Self tapping socket capscrews;6,3X32;40912ST6,3X32;
1139;A4;sim. DIN 912;A4 sim. DIN 912  Self tapping socket capscrews;6,3X38;40912ST6,3X38;
1139;A4;sim. DIN 912;A4 sim. DIN 912  Self tapping socket capscrews;6,3X45;40912ST6,3X45;
1139;A4;sim. DIN 912;A4 sim. DIN 912  Self tapping socket capscrews;6,3X50;40912ST6,3X50;
1139;A4;sim. DIN 912;A4 sim. DIN 912  Self tapping socket capscrews;6,3X55;40912ST6,3X55;
1139;A4;sim. DIN 912;A4 sim. DIN 912  Self tapping socket capscrews;6,3X60;40912ST6,3X60;
1139;A4;sim. DIN 912;A4 sim. DIN 912  Self tapping socket capscrews;6,3X70;40912ST6,3X70;
1139;A4;sim. DIN 912;A4 sim. DIN 912  Self tapping socket capscrews;6,3X90;40912ST6,3X90;
1139;A4;DIN 7982 TX;A4 DIN 7982  Tapping screws countersunk with TX;3,5X13;47982TX3,5X13;
1139;A4;DIN 7982 TX;A4 DIN 7982  Tapping screws countersunk with TX;3,5X16;47982TX3,5X16;
1139;A4;DIN 7982 TX;A4 DIN 7982  Tapping screws countersunk with TX;3,5X22;47982TX3,5X22;
1139;A4;DIN 7982 TX;A4 DIN 7982  Tapping screws countersunk with TX;3,5X25;47982TX3,5X25;
1139;A4;DIN 7982 TX;A4 DIN 7982  Tapping screws countersunk with TX;3,9X13;47982TX3,9X13;
1139;A4;DIN 7982 TX;A4 DIN 7982  Tapping screws countersunk with TX;3,9X19;47982TX3,9X19;
1139;A4;DIN 7982 TX;A4 DIN 7982  Tapping screws countersunk with TX;3,9X22;47982TX3,9X22;
1139;A4;DIN 7982 TX;A4 DIN 7982  Tapping screws countersunk with TX;3,9X25;47982TX3,9X25;
1139;A4;DIN 7982 TX;A4 DIN 7982  Tapping screws countersunk with TX;4,2X13;47982TX4,2X13;
1139;A4;DIN 7982 TX;A4 DIN 7982  Tapping screws countersunk with TX;4,2X19;47982TX4,2X19;
1139;A4;DIN 7982 TX;A4 DIN 7982  Tapping screws countersunk with TX;4,2X25;47982TX4,2X25;
1139;A4;DIN 7982 TX;A4 DIN 7982  Tapping screws countersunk with TX;4,8X13;47982TX4,8X13;
1139;A4;DIN 7982 TX;A4 DIN 7982  Tapping screws countersunk with TX;4,8X19;47982TX4,8X19;
1139;A4;DIN 7982 TX;A4 DIN 7982  Tapping screws countersunk with TX;4,8X25;47982TX4,8X25;
1139;A4;DIN 7982 TX;A4 DIN 7982  Tapping screws countersunk with TX;4,8X32;47982TX4,8X32;
1139;A4;DIN 7982 TX;A4 DIN 7982  Tapping screws countersunk with TX;4,8X45;47982TX4,8X45;
1139;A4;DIN 7982 TX;A4 DIN 7982  Tapping screws countersunk with TX;4,8X50;47982TX4,8X50;
1139;A4;DIN 7982 TX;A4 DIN 7982  Tapping screws countersunk with TX;4,8X60;47982TX4,8X60;
1139;A4;DIN 7982 TX;A4 DIN 7982  Tapping screws countersunk with TX;5,5X16;47982TX5,5X16;
1139;A4;DIN 7982 TX;A4 DIN 7982  Tapping screws countersunk with TX;5,5X19;47982TX5,5X19;
1139;A4;DIN 7982 TX;A4 DIN 7982  Tapping screws countersunk with TX;5,5X22;47982TX5,5X22;
1139;A4;DIN 7982 TX;A4 DIN 7982  Tapping screws countersunk with TX;5,5X32;47982TX5,5X32;
1139;A4;DIN 7982 TX;A4 DIN 7982  Tapping screws countersunk with TX;5,5X45;47982TX5,5X45;
1139;A2;UNI 5587 FP;A2 UNI 5587  Hexagon heavy nuts fine pitch;10X1;25587FP10X1;
1139;A2;UNI 5587 FP;A2 UNI 5587  Hexagon heavy nuts fine pitch;16X1,5;25587FP16X1,5;
1139;A1;DIN 128 TYPE A;1.4310 DIN 128 TYPE A  Spring lock washers type A curved;2;20128A2;
1139;A1;DIN 128 TYPE A;1.4310 DIN 128 TYPE A  Spring lock washers type A curved;2,5;20128A2,5;
1139;A1;DIN 128 TYPE A;1.4310 DIN 128 TYPE A  Spring lock washers type A curved;3;20128A3;
1139;A1;DIN 128 TYPE A;1.4310 DIN 128 TYPE A  Spring lock washers type A curved;4;20128A4;
1139;A1;DIN 128 TYPE A;1.4310 DIN 128 TYPE A  Spring lock washers type A curved;5;20128A5;
1139;A1;DIN 128 TYPE A;1.4310 DIN 128 TYPE A  Spring lock washers type A curved;6;20128A6;
1139;A1;DIN 128 TYPE A;1.4310 DIN 128 TYPE A  Spring lock washers type A curved;8;20128A8;
1139;A1;DIN 128 TYPE A;1.4310 DIN 128 TYPE A  Spring lock washers type A curved;10;20128A10;
1139;A1;DIN 128 TYPE A;1.4310 DIN 128 TYPE A  Spring lock washers type A curved;12;20128A12;
1139;A1;DIN 128 TYPE A;1.4310 DIN 128 TYPE A  Spring lock washers type A curved;14;20128A14;
1139;A1;DIN 128 TYPE A;1.4310 DIN 128 TYPE A  Spring lock washers type A curved;16;20128A16;
1139;A1;DIN 128 TYPE A;1.4310 DIN 128 TYPE A  Spring lock washers type A curved;18;20128A18;
1139;A1;DIN 128 TYPE A;1.4310 DIN 128 TYPE A  Spring lock washers type A curved;20;20128A20;
1139;A1;DIN 128 TYPE A;1.4310 DIN 128 TYPE A  Spring lock washers type A curved;22;20128A22;
1139;A1;DIN 128 TYPE A;1.4310 DIN 128 TYPE A  Spring lock washers type A curved;24;20128A24;
1139;A2;DIN 7981 TX P;A2 DIN 7981  Self tapping Tx Security screw pin;4,8X13;27981TXP4,8X13;
1139;A2;DIN 7981 TX P;A2 DIN 7981  Self tapping Tx Security screw pin;4,8X19;27981TXP4,8X19;
1139;A4;DIN 934 LH;A4 DIN 934  Hexagon nuts with left hand thread;5;40934LH5;
1139;A4;DIN 934 LH;A4 DIN 934  Hexagon nuts with left hand thread;6;40934LH6;
1139;A4;DIN 934 LH;A4 DIN 934  Hexagon nuts with left hand thread;8;40934LH8;
1139;A4;DIN 934 LH;A4 DIN 934  Hexagon nuts with left hand thread;10;40934LH10;
1139;A4;DIN 934 LH;A4 DIN 934  Hexagon nuts with left hand thread;12;40934LH12;
1139;A4;DIN 934 LH;A4 DIN 934  Hexagon nuts with left hand thread;14;40934LH14;
1139;A4;DIN 934 LH;A4 DIN 934  Hexagon nuts with left hand thread;16;40934LH16;
1139;A4;DIN 934 LH;A4 DIN 934  Hexagon nuts with left hand thread;18;40934LH18;
1139;A4;DIN 934 LH;A4 DIN 934  Hexagon nuts with left hand thread;20;40934LH20;
1139;A4;DIN 934 LH;A4 DIN 934  Hexagon nuts with left hand thread;22;40934LH22;
1139;A4;DIN 934 LH;A4 DIN 934  Hexagon nuts with left hand thread;24;40934LH24;
1139;A4;DIN 934 LH;A4 DIN 934  Hexagon nuts with left hand thread;27;40934LH27;
1139;A4;DIN 934 LH;A4 DIN 934  Hexagon nuts with left hand thread;30;40934LH30;
1139;A4;sim. DIN 7505A TX;A4 sim. DIN 7505A  Chipboard screws CSK double head FT TX;3,5X16;47505ATX3,5X16;
1139;A4;sim. DIN 7505A TX;A4 sim. DIN 7505A  Chipboard screws CSK double head FT TX;3,5X20;47505ATX3,5X20;
1139;A4;sim. DIN 7505A TX;A4 sim. DIN 7505A  Chipboard screws CSK double head FT TX;3,5X25;47505ATX3,5X25;
1139;A4;sim. DIN 7505A TX;A4 sim. DIN 7505A  Chipboard screws CSK double head FT TX;3,5X30;47505ATX3,5X30;
1139;A4;sim. DIN 7505A TX;A4 sim. DIN 7505A  Chipboard screws CSK double head FT TX;3,5X35;47505ATX3,5X35;
1139;A4;sim. DIN 7505A TX;A4 sim. DIN 7505A  Chipboard screws CSK double head FT TX;3,5X40;47505ATX3,5X40;
1139;A4;sim. DIN 7505A TX;A4 sim. DIN 7505A  Chipboard screws CSK double head FT TX;4,5X40;47505ATX4,5X40;
1139;A4;sim. DIN 7505A TX;A4 sim. DIN 7505A  Chipboard screws CSK double head FT TX;4,5X50;47505ATX4,5X50;
1139;A4;sim. DIN 7505A TX;A4 sim. DIN 7505A  Chipboard screws CSK double head FT TX;5X50;47505ATX5X50;
1139;A4;sim. DIN 7505A TX;A4 sim. DIN 7505A  Chipboard screws CSK double head FT TX;5X60;47505ATX5X60;
1139;A4;sim. DIN 7505A TX;A4 sim. DIN 7505A  Chipboard screws CSK double head FT TX;6X50;47505ATX6X50;
1139;A2;ISO 10642 P;A2 ISO 10642  Countersunk socket secrews F.T. + Pin;3X8;210642P3X8;
1139;A2;ISO 10642 P;A2 ISO 10642  Countersunk socket secrews F.T. + Pin;6X25;210642P6X25;
1139;A2;ISO 10642 P;A2 ISO 10642  Countersunk socket secrews F.T. + Pin;6X30;210642P6X30;
1139;A4;ART. 766;A4 ART. 766  Chains short link;2X12;407662;
1139;A4;ART. 766;A4 ART. 766  Chains short link;3X16;407663;
1139;A4;ART. 766;A4 ART. 766  Chains short link;4X16;407664;
1139;A4;ART. 766;A4 ART. 766  Chains short link;5X18,5;407665;
1139;A4;ART. 766;A4 ART. 766  Chains short link;6X18,5;407666;
1139;A4;ART. 766;A4 ART. 766  Chains short link;8X24;407668;
1139;A4;ART. 766;A4 ART. 766  Chains short link;10X28;4076610;
1139;A4;ART. 766;A4 ART. 766  Chains short link;13X36;4076612;
1139;A1;sim. NFE 27-619;1.4305   Turned cup washers;3;211103;
1139;A1;sim. NFE 27-619;1.4305   Turned cup washers;4;211104;
1139;A1;sim. NFE 27-619;1.4305   Turned cup washers;5;211105;
1139;A1;sim. NFE 27-619;1.4305   Turned cup washers;6;211106;
1139;A1;sim. NFE 27-619;1.4305   Turned cup washers;8;211108;
1139;A1;sim. NFE 27-619;1.4305   Turned cup washers;10;2111010;
1139;A2;DIN 6926 S;A2 DIN 6926  Prevailing torque hex nutflange serrated;5;26926S5;
1139;A2;DIN 6926 S;A2 DIN 6926  Prevailing torque hex nutflange serrated;6;26926S6;
1139;A2;DIN 6926 S;A2 DIN 6926  Prevailing torque hex nutflange serrated;8;26926S8;
1139;A2;DIN 6926 S;A2 DIN 6926  Prevailing torque hex nutflange serrated;10;26926S10;
1139;A2;DIN 6926 S;A2 DIN 6926  Prevailing torque hex nutflange serrated;12;26926S12;
1139;A4;DIN 976 LH;A4 DIN 976  Threaded rods  Left Hand;5;40976LH5;
1139;A4;DIN 976 LH;A4 DIN 976  Threaded rods  Left Hand;6;40976LH6;
1139;A4;DIN 976 LH;A4 DIN 976  Threaded rods  Left Hand;8;40976LH8;
1139;A4;DIN 976 LH;A4 DIN 976  Threaded rods  Left Hand;10;40976LH10;
1139;A4;DIN 976 LH;A4 DIN 976  Threaded rods  Left Hand;12;40976LH12;
1139;A4;DIN 976 LH;A4 DIN 976  Threaded rods  Left Hand;14;40976LH14;
1139;A4;DIN 976 LH;A4 DIN 976  Threaded rods  Left Hand;16;40976LH16;
1139;A4;DIN 976 LH;A4 DIN 976  Threaded rods  Left Hand;18;40976LH18;
1139;A4;DIN 976 LH;A4 DIN 976  Threaded rods  Left Hand;20;40976LH20;
1139;A2;DIN 976;A2 DIN 976 FP Threaded rods;16X1,5;20976FP16X1,5;
1139;A2;ART. 1130;A2   sealing washers with EPDM;4,8X12;211304,8X12;
1139;A2;ART. 1130;A2   sealing washers with EPDM;4,8X14;211304,8X14;
1139;A2;ART. 1130;A2   sealing washers with EPDM;5,3X12;211305,3X12;
1139;A2;ART. 1130;A2   sealing washers with EPDM;5,3X14;211305,3X14;
1139;A2;ART. 1130;A2   sealing washers with EPDM;5,3X16;211305,3X16;
1139;A2;ART. 1130;A2   sealing washers with EPDM;5,3X19;211305,3X19;
1139;A2;ART. 1130;A2   sealing washers with EPDM;6,2X16;211306,2X16;
1139;A2;ART. 1130;A2   sealing washers with EPDM;6,7X16;211306,7X16;
1139;A2;ART. 1130;A2   sealing washers with EPDM;6,7X19;211306,7X19;
1139;A2;ART. 1130;A2   sealing washers with EPDM;6,7X22;211306,7X22;
1139;A2;ART. 1130;A2   sealing washers with EPDM;6,7X25;211306,7X25;
1139;A2;ART. 1130;A2   sealing washers with EPDM;6,7X29;211306,7X29;
1139;A2;ART. 1130;A2   sealing washers with EPDM;8,4X16;211308,4X16;
1139;A2;ART. 1130;A2   sealing washers with EPDM;8,4X19;211308,4X19;
1139;A2;ART. 1130;A2   sealing washers with EPDM;8,4X22;211308,4X22;
1139;A2;ART. 1130;A2   sealing washers with EPDM;8,4X25;211308,4X25;
1139;A2;ART. 1130;A2   sealing washers with EPDM;8,4x29;211308,4x29;
1139;A2;ART. 1130;A2   sealing washers with EPDM;10,5X25;2113010,5X25;
1139;A2;ART. 1130;A2   sealing washers with EPDM;10,5X29;2113010,5X29;
1139;A2;ART. 1130;A2   sealing washers with EPDM;13X29;2113013X29;
1139;A4;DIN 7981 TX;A4 DIN 7981  Tapping screws pan head with TX;2,9X6,5;47981TX2,9X6,5;
1139;A4;DIN 7981 TX;A4 DIN 7981  Tapping screws pan head with TX;2,9X9,5;47981TX2,9X9,5;
1139;A4;DIN 7981 TX;A4 DIN 7981  Tapping screws pan head with TX;2,9X13;47981TX2,9X13;
1139;A4;DIN 7981 TX;A4 DIN 7981  Tapping screws pan head with TX;2,9X16;47981TX2,9X16;
1139;A4;DIN 7981 TX;A4 DIN 7981  Tapping screws pan head with TX;2,9X19;47981TX2,9X19;
1139;A4;DIN 7981 TX;A4 DIN 7981  Tapping screws pan head with TX;2,9X22;47981TX2,9X22;
1139;A4;DIN 7981 TX;A4 DIN 7981  Tapping screws pan head with TX;2,9X25;47981TX2,9X25;
1139;A4;DIN 7981 TX;A4 DIN 7981  Tapping screws pan head with TX;3,5X9,5;47981TX3,5X9,5;
1139;A4;DIN 7981 TX;A4 DIN 7981  Tapping screws pan head with TX;3,5X13;47981TX3,5X13;
1139;A4;DIN 7981 TX;A4 DIN 7981  Tapping screws pan head with TX;3,5X16;47981TX3,5X16;
1139;A4;DIN 7981 TX;A4 DIN 7981  Tapping screws pan head with TX;3,5X19;47981TX3,5X19;
1139;A4;DIN 7981 TX;A4 DIN 7981  Tapping screws pan head with TX;3,5X22;47981TX3,5X22;
1139;A4;DIN 7981 TX;A4 DIN 7981  Tapping screws pan head with TX;3,5X25;47981TX3,5X25;
1139;A4;DIN 7981 TX;A4 DIN 7981  Tapping screws pan head with TX;3,5X32;47981TX3,5X32;
1139;A4;DIN 7981 TX;A4 DIN 7981  Tapping screws pan head with TX;3,9X9,5;47981TX3,9X9,5;
1139;A4;DIN 7981 TX;A4 DIN 7981  Tapping screws pan head with TX;3,9X13;47981TX3,9X13;
1139;A4;DIN 7981 TX;A4 DIN 7981  Tapping screws pan head with TX;3,9X16;47981TX3,9X16;
1139;A4;DIN 7981 TX;A4 DIN 7981  Tapping screws pan head with TX;3,9X19;47981TX3,9X19;
1139;A4;DIN 7981 TX;A4 DIN 7981  Tapping screws pan head with TX;3,9X22;47981TX3,9X22;
1139;A4;DIN 7981 TX;A4 DIN 7981  Tapping screws pan head with TX;3,9X25;47981TX3,9X25;
1139;A4;DIN 7981 TX;A4 DIN 7981  Tapping screws pan head with TX;3,9X32;47981TX3,9X32;
1139;A4;DIN 7981 TX;A4 DIN 7981  Tapping screws pan head with TX;3,9X38;47981TX3,9X38;
1139;A4;DIN 7981 TX;A4 DIN 7981  Tapping screws pan head with TX;4,2X9,5;47981TX4,2X9,5;
1139;A4;DIN 7981 TX;A4 DIN 7981  Tapping screws pan head with TX;4,2X13;47981TX4,2X13;
1139;A4;DIN 7981 TX;A4 DIN 7981  Tapping screws pan head with TX;4,2X16;47981TX4,2X16;
1139;A4;DIN 7981 TX;A4 DIN 7981  Tapping screws pan head with TX;4,2X19;47981TX4,2X19;
1139;A4;DIN 7981 TX;A4 DIN 7981  Tapping screws pan head with TX;4,2X22;47981TX4,2X22;
1139;A4;DIN 7981 TX;A4 DIN 7981  Tapping screws pan head with TX;4,2X25;47981TX4,2X25;
1139;A4;DIN 7981 TX;A4 DIN 7981  Tapping screws pan head with TX;4,2X32;47981TX4,2X32;
1139;A4;DIN 7981 TX;A4 DIN 7981  Tapping screws pan head with TX;4,2X38;47981TX4,2X38;
1139;A4;DIN 7981 TX;A4 DIN 7981  Tapping screws pan head with TX;4,2X45;47981TX4,2X45;
1139;A4;DIN 7981 TX;A4 DIN 7981  Tapping screws pan head with TX;4,2X50;47981TX4,2X50;
1139;A4;DIN 7981 TX;A4 DIN 7981  Tapping screws pan head with TX;4,2X60;47981TX4,2X60;
1139;A4;DIN 7981 TX;A4 DIN 7981  Tapping screws pan head with TX;4,8X9,5;47981TX4,8X9,5;
1139;A4;DIN 7981 TX;A4 DIN 7981  Tapping screws pan head with TX;4,8X13;47981TX4,8X13;
1139;A4;DIN 7981 TX;A4 DIN 7981  Tapping screws pan head with TX;4,8X16;47981TX4,8X16;
1139;A4;DIN 7981 TX;A4 DIN 7981  Tapping screws pan head with TX;4,8X19;47981TX4,8X19;
1139;A4;DIN 7981 TX;A4 DIN 7981  Tapping screws pan head with TX;4,8X22;47981TX4,8X22;
1139;A4;DIN 7981 TX;A4 DIN 7981  Tapping screws pan head with TX;4,8X25;47981TX4,8X25;
1139;A4;DIN 7981 TX;A4 DIN 7981  Tapping screws pan head with TX;4,8X32;47981TX4,8X32;
1139;A4;DIN 7981 TX;A4 DIN 7981  Tapping screws pan head with TX;4,8X38;47981TX4,8X38;
1139;A4;DIN 7981 TX;A4 DIN 7981  Tapping screws pan head with TX;4,8X45;47981TX4,8X45;
1139;A4;DIN 7981 TX;A4 DIN 7981  Tapping screws pan head with TX;4,8X50;47981TX4,8X50;
1139;A4;DIN 7981 TX;A4 DIN 7981  Tapping screws pan head with TX;4,8X60;47981TX4,8X60;
1139;A4;DIN 7981 TX;A4 DIN 7981  Tapping screws pan head with TX;5,5X13;47981TX5,5X13;
1139;A4;DIN 7981 TX;A4 DIN 7981  Tapping screws pan head with TX;5,5X16;47981TX5,5X16;
1139;A4;DIN 7981 TX;A4 DIN 7981  Tapping screws pan head with TX;5,5X19;47981TX5,5X19;
1139;A4;DIN 7981 TX;A4 DIN 7981  Tapping screws pan head with TX;5,5X22;47981TX5,5X22;
1139;A4;DIN 7981 TX;A4 DIN 7981  Tapping screws pan head with TX;5,5X25;47981TX5,5X25;
1139;A4;DIN 7981 TX;A4 DIN 7981  Tapping screws pan head with TX;5,5X32;47981TX5,5X32;
1139;A4;DIN 7981 TX;A4 DIN 7981  Tapping screws pan head with TX;5,5X38;47981TX5,5X38;
1139;A4;DIN 7981 TX;A4 DIN 7981  Tapping screws pan head with TX;5,5X50;47981TX5,5X50;
1139;A4;DIN 7981 TX;A4 DIN 7981  Tapping screws pan head with TX;5,5X60;47981TX5,5X60;
1139;A4;DIN 7981 TX;A4 DIN 7981  Tapping screws pan head with TX;5,5X70;47981TX5,5X70;
1139;A4;DIN 7981 TX;A4 DIN 7981  Tapping screws pan head with TX;6,3X13;47981TX6,3X13;
1139;A4;DIN 7981 TX;A4 DIN 7981  Tapping screws pan head with TX;6,3X16;47981TX6,3X16;
1139;A4;DIN 7981 TX;A4 DIN 7981  Tapping screws pan head with TX;6,3X19;47981TX6,3X19;
1139;A4;DIN 7981 TX;A4 DIN 7981  Tapping screws pan head with TX;6,3X22;47981TX6,3X22;
1139;A4;DIN 7981 TX;A4 DIN 7981  Tapping screws pan head with TX;6,3X25;47981TX6,3X25;
1139;A4;DIN 7981 TX;A4 DIN 7981  Tapping screws pan head with TX;6,3X32;47981TX6,3X32;
1139;A4;DIN 7981 TX;A4 DIN 7981  Tapping screws pan head with TX;6,3X38;47981TX6,3X38;
1139;A4;DIN 7981 TX;A4 DIN 7981  Tapping screws pan head with TX;6,3X45;47981TX6,3X45;
1139;A4;ART. 8040;A4 ART. 8040  Thimbles;2;4804002;
1139;A4;ART. 8040;A4 ART. 8040  Thimbles;2,5;480402,5;
1139;A4;ART. 8040;A4 ART. 8040  Thimbles;3;4804003;
1139;A4;ART. 8040;A4 ART. 8040  Thimbles;4;4804004;
1139;A4;ART. 8040;A4 ART. 8040  Thimbles;5;4804005;
1139;A4;ART. 8040;A4 ART. 8040  Thimbles;6;4804006;
1139;A4;ART. 8040;A4 ART. 8040  Thimbles;8;4804008;
1139;A4;ART. 8040;A4 ART. 8040  Thimbles;10;4804010;
1139;A4;ART. 8040;A4 ART. 8040  Thimbles;12;4804012;
1139;A4;ART. 8040;A4 ART. 8040  Thimbles;14;4804014;
1139;A4;ART. 8040;A4 ART. 8040  Thimbles;16;4804016;
1139;A4;ART. 8040;A4 ART. 8040  Thimbles;20;4804020;
1139;A1;DIN 2093;1.4310 DIN 2093  Disk springs;6X3,2X0,3;220936X3,2X0,3;
1139;A1;DIN 2093;1.4310 DIN 2093  Disk springs;8X3,2X0,3;220938X3,2X0,3;
1139;A1;DIN 2093;1.4310 DIN 2093  Disk springs;8X3,2X0,4;220938X3,2X0,4;
1139;A1;DIN 2093;1.4310 DIN 2093  Disk springs;8X3,2X0,5;220938X3,2X0,5;
1139;A1;DIN 2093;1.4310 DIN 2093  Disk springs;8X4,2X0,2;220938X4,2X0,2;
1139;A1;DIN 2093;1.4310 DIN 2093  Disk springs;8X4,2X0,3;220938X4,2X0,3;
1139;A1;DIN 2093;1.4310 DIN 2093  Disk springs;8X4,2X0,4;220938X4,2X0,4;
1139;A1;DIN 2093;1.4310 DIN 2093  Disk springs;10X5,2X0,25;2209310X5,2X0,25;
1139;A1;DIN 2093;1.4310 DIN 2093  Disk springs;10X5,2X0,4;2209310X5,2X0,4;
1139;A1;DIN 2093;1.4310 DIN 2093  Disk springs;10X5,2X0,5;2209310X5,2X0,5;
1139;A1;DIN 2093;1.4310 DIN 2093  Disk springs;12X4,2X0,4;2209312X4,2X0,4;
1139;A1;DIN 2093;1.4310 DIN 2093  Disk springs;12X4,2X0,5;2209312X4,2X0,5;
1139;A1;DIN 2093;1.4310 DIN 2093  Disk springs;12,5X6,2X0,35;2209312,5X6,2X0,35;
1139;A1;DIN 2093;1.4310 DIN 2093  Disk springs;12,5X6,2X0,5;2209312,5X6,2X0,5;
1139;A1;DIN 2093;1.4310 DIN 2093  Disk springs;12,5X6,2X0,7;2209312,5X6,2X0,7;
1139;A1;DIN 2093;1.4310 DIN 2093  Disk springs;14X7,2X0,35;2209314X7,2X0,35;
1139;A1;DIN 2093;1.4310 DIN 2093  Disk springs;14X7,2X0,5;2209314X7,2X0,5;
1139;A1;DIN 2093;1.4310 DIN 2093  Disk springs;14X7,2X08,;2209314X7,2X0,8;
1139;A1;DIN 2093;1.4310 DIN 2093  Disk springs;15X8,2X0,8;2209315X8,2X0,8;
1139;A1;DIN 2093;1.4310 DIN 2093  Disk springs;16X8,2X0,4;2209316X8,2X0,4;
1139;A1;DIN 2093;1.4310 DIN 2093  Disk springs;16X8,2X0,6;2209316X8,2X0,6;
1139;A1;DIN 2093;1.4310 DIN 2093  Disk springs;16X8,2X0,9;2209316X8,2X0,9;
1139;A1;DIN 2093;1.4310 DIN 2093  Disk springs;18X6,2X0,4;2209318X6,2X0,4;
1139;A1;DIN 2093;1.4310 DIN 2093  Disk springs;18X9,2X0,7;2209318X9,2X0,7;
1139;A1;DIN 2093;1.4310 DIN 2093  Disk springs;18X9,2X1;2209318X9,2X1;
1139;A1;DIN 2093;1.4310 DIN 2093  Disk springs;20X8,2X0,5;2209320X8,2X0,5;
1139;A1;DIN 2093;1.4310 DIN 2093  Disk springs;20X10,2X0,5;2209320X10,2X0,5;
1139;A1;DIN 2093;1.4310 DIN 2093  Disk springs;20X10,2X0,6;2209320X10,2X0,6;
1139;A1;DIN 2093;1.4310 DIN 2093  Disk springs;20X10,2X0,8;2209320X10,2X0,8;
1139;A1;DIN 2093;1.4310 DIN 2093  Disk springs;20X10,2X0,9;2209320X10,2X0,9;
1139;A1;DIN 2093;1.4310 DIN 2093  Disk springs;20X10,2X1;2209320X10,2X1;
1139;A1;DIN 2093;1.4310 DIN 2093  Disk springs;20X10,2X1,1;2209320X10,2X1,1;
1139;A1;DIN 2093;1.4310 DIN 2093  Disk springs;22,5X11,2X0,6;2209322,5X11,2X0,6;
1139;A1;DIN 2093;1.4310 DIN 2093  Disk springs;22,5X11,2X0,8;2209322,5X11,2X0,8;
1139;A1;DIN 2093;1.4310 DIN 2093  Disk springs;22,5X11,2X1,25;2209322,5X11,2X1,25;
1139;A1;DIN 2093;1.4310 DIN 2093  Disk springs;25X12,2X0,7;2209325X12,2X0,7;
1139;A1;DIN 2093;1.4310 DIN 2093  Disk springs;25X12,2X0,9;2209325X12,2X0,9;
1139;A1;DIN 2093;1.4310 DIN 2093  Disk springs;25X12,2X1,5;2209325X12,2X1,5;
1139;A1;DIN 2093;1.4310 DIN 2093  Disk springs;28X14,2X0,8;2209328X14,2X0,8;
1139;A1;DIN 2093;1.4310 DIN 2093  Disk springs;28X14,2X1;2209328X14,2X1;
1139;A1;DIN 2093;1.4310 DIN 2093  Disk springs;28X14,2X1,5;2209328X14,2X1,5;
1139;A1;DIN 2093;1.4310 DIN 2093  Disk springs;31,5X16,3X1,75;2209331,5X16,3X1,75;
1139;A1;DIN 2093;1.4310 DIN 2093  Disk springs;35,5X18,3X1,25;2209335,5X18,3X1,25;
1139;A1;DIN 2093;1.4310 DIN 2093  Disk springs;35,5X18,3X2;2209335,5X18,3X2;
1139;A1;DIN 2093;1.4310 DIN 2093  Disk springs;40X20,4X1,5;2209340X20,4X1,5;
1139;A1;DIN 2093;1.4310 DIN 2093  Disk springs;40X20,4X2;2209340X20,4X2;
1139;A1;DIN 2093;1.4310 DIN 2093  Disk springs;40x20,4x2,25;2209340x20,4x2,25;
1139;A1;DIN 2093;1.4310 DIN 2093  Disk springs;45X22,4X1,25;2209345X22,4X1,25;
1139;A1;DIN 2093;1.4310 DIN 2093  Disk springs;45X22,4X1,75;2209345X22,4X1,75;
1139;A1;DIN 2093;1.4310 DIN 2093  Disk springs;45X22,4X2,5;2209345X22,4X2,5;
1139;A1;DIN 2093;1.4310 DIN 2093  Disk springs;50X25,4X1,25;2209350X25,4X1,25;
1139;A1;DIN 2093;1.4310 DIN 2093  Disk springs;50X25,4X3;2209350X25,4X3;
1139;A2;DIN 7982 F;A2 DIN 7982  Tapping screws counters.H w/dog point  F;3,5X9,5;27982F3,5X9,5;
1139;A2;DIN 7982 F;A2 DIN 7982  Tapping screws counters.H w/dog point  F;3,5X13;27982F3,5X13;
1139;A2;DIN 7982 F;A2 DIN 7982  Tapping screws counters.H w/dog point  F;3,5X19;27982F3,5X19;
1139;A2;DIN 7982 F;A2 DIN 7982  Tapping screws counters.H w/dog point  F;4,8X22;27982F4,8X22;
1139;A4;DIN 137B;A4 DIN 137B  Spring washers  wave type B;24;40137B24;
1139;A2;DIN 6319 C;A2 DIN 6319  Spherical washers type C;14;26319C14;
1139;A2;DIN 6319 C;A2 DIN 6319  Spherical washers type C;30;26319C30;
1139;A2;DIN 6319 D;A2 DIN 6319  Conical seats type D;24;26319D24;
1139;A2;DIN 6319 D;A2 DIN 6319  Conical seats type D;30;26319D30;
1139;A4;DIN 6796;A4 DIN 6796  Conical spring washers;3;467963;
1139;A4;DIN 6796;A4 DIN 6796  Conical spring washers;24;4679624;
1139;A2;ART. 25511 Z;A2 ART. 25511  AFNOR serrated conical spring washers  type Z;3;225511Z3;
1139;A2;ART. 25511 Z;A2 ART. 25511  AFNOR serrated conical spring washers  type Z;4;225511Z4;
1139;A2;ART. 25511 Z;A2 ART. 25511  AFNOR serrated conical spring washers  type Z;5;225511Z5;
1139;A2;ART. 25511 Z;A2 ART. 25511  AFNOR serrated conical spring washers  type Z;6;225511Z6;
1139;A2;ART. 25511 Z;A2 ART. 25511  AFNOR serrated conical spring washers  type Z;8;225511Z8;
1139;A2;ART. 25511 Z;A2 ART. 25511  AFNOR serrated conical spring washers  type Z;10;225511Z10;
1139;A2;ART. 25511 Z;A2 ART. 25511  AFNOR serrated conical spring washers  type Z;12;225511Z12;
1139;A4;ART. 8060;A4 ART. 8060  Spring hooks;4;480604;
1139;A4;ART. 8060;A4 ART. 8060  Spring hooks;5;480605;
1139;A4;ART. 8060;A4 ART. 8060  Spring hooks;6;480606;
1139;A4;ART. 8060;A4 ART. 8060  Spring hooks;7;480607;
1139;A4;ART. 8060;A4 ART. 8060  Spring hooks;8;480608;
1139;A4;ART. 8060;A4 ART. 8060  Spring hooks;10;4806010;
1139;A4;ART. 8060;A4 ART. 8060  Spring hooks;11;4806011;
1139;A4;ART. 8060;A4 ART. 8060  Spring hooks;12;4806012;
1139;A2;ART. 2815;A2 ART. 2815  Hammer head bolts type 28/15;8X20;228158X20;
1139;A2;ART. 2815;A2 ART. 2815  Hammer head bolts type 28/15;8X25;228158X25;
1139;A2;ART. 2815;A2 ART. 2815  Hammer head bolts type 28/15;10X20;2281510X20;
1139;A2;ART. 2815;A2 ART. 2815  Hammer head bolts type 28/15;10X25;2281510X25;
1139;A2;ART. 2815;A2 ART. 2815  Hammer head bolts type 28/15;10X30;2281510X30;
1139;A2;DIN 906 M;A2 DIN 906 M  Hex socket pipe w/conical metric thread;8X1;20906M8X1;
1139;A2;DIN 906 M;A2 DIN 906 M  Hex socket pipe w/conical metric thread;10X1;20906M10X1;
1139;A2;DIN 906 M;A2 DIN 906 M  Hex socket pipe w/conical metric thread;12X1,5;20906M12X1,5;
1139;A2;DIN 906 M;A2 DIN 906 M  Hex socket pipe w/conical metric thread;14X1,5;20906M14X1,5;
1139;A2;DIN 906 M;A2 DIN 906 M  Hex socket pipe w/conical metric thread;16X1,5;20906M16X1,5;
1139;A2;DIN 906 M;A2 DIN 906 M  Hex socket pipe w/conical metric thread;18X1,5;20906M18X1,5;
1139;A2;DIN 906 M;A2 DIN 906 M  Hex socket pipe w/conical metric thread;20X1,5;20906M20X1,5;
1139;A2;DIN 906 M;A2 DIN 906 M  Hex socket pipe w/conical metric thread;22X1,5;20906M22X1,5;
1139;A2;DIN 906 M;A2 DIN 906 M  Hex socket pipe w/conical metric thread;24X1,5;20906M24X1,5;
1139;A2;DIN 906 M;A2 DIN 906 M  Hex socket pipe w/conical metric thread;30X1,5;20906M30X1,5;
1139;A2;DIN 906 M;A2 DIN 906 M  Hex socket pipe w/conical metric thread;30X2;20906M30X2;
1139;A4;DIN 440 R;A4 DIN 440 R  Washers for wood construction type R;5;40440R5;
1139;A4;DIN 440 R;A4 DIN 440 R  Washers for wood construction type R;6;40440R6;
1139;A4;DIN 440 R;A4 DIN 440 R  Washers for wood construction type R;8;40440R8;
1139;A4;DIN 440 R;A4 DIN 440 R  Washers for wood construction type R;10;40440R10;
1139;A4;DIN 440 R;A4 DIN 440 R  Washers for wood construction type R;12;40440R12;
1139;A4;DIN 440 R;A4 DIN 440 R  Washers for wood construction type R;16;40440R16;
1139;A4;DIN 440 R;A4 DIN 440 R  Washers for wood construction type R;20;40440R20;
1139;A4;DIN 440 R;A4 DIN 440 R  Washers for wood construction type R;22;40440R22;
1139;A4;DIN 440 R;A4 DIN 440 R  Washers for wood construction type R;24;40440R24;
1139;A4;DIN 128 TYPE A;A4 DIN 128 TYPE A  Spring lock washers type A curved;2;40128A2;
1139;A4;DIN 128 TYPE A;A4 DIN 128 TYPE A  Spring lock washers type A curved;3;40128A3;
1139;A4;DIN 128 TYPE A;A4 DIN 128 TYPE A  Spring lock washers type A curved;3,5;40128A3,5;
1139;A4;DIN 128 TYPE A;A4 DIN 128 TYPE A  Spring lock washers type A curved;4;40128A4;
1139;A4;DIN 128 TYPE A;A4 DIN 128 TYPE A  Spring lock washers type A curved;5;40128A5;
1139;A4;DIN 128 TYPE A;A4 DIN 128 TYPE A  Spring lock washers type A curved;6;40128A6;
1139;A4;DIN 128 TYPE A;A4 DIN 128 TYPE A  Spring lock washers type A curved;8;40128A8;
1139;A4;DIN 128 TYPE A;A4 DIN 128 TYPE A  Spring lock washers type A curved;10;40128A10;
1139;A4;DIN 128 TYPE A;A4 DIN 128 TYPE A  Spring lock washers type A curved;12;40128A12;
1139;A4;DIN 128 TYPE A;A4 DIN 128 TYPE A  Spring lock washers type A curved;14;40128A14;
1139;A4;DIN 128 TYPE A;A4 DIN 128 TYPE A  Spring lock washers type A curved;16;40128A16;
1139;A4;DIN 128 TYPE A;A4 DIN 128 TYPE A  Spring lock washers type A curved;18;40128A18;
1139;A4;DIN 128 TYPE A;A4 DIN 128 TYPE A  Spring lock washers type A curved;20;40128A20;
1139;A4;DIN 128 TYPE A;A4 DIN 128 TYPE A  Spring lock washers type A curved;24;40128A24;
1139;A4;DIN 7349;A4 DIN 7349  Washers for bolts with heavy spring pins;18;4734918;
1139;A4;DIN 7349;A4 DIN 7349  Washers for bolts with heavy spring pins;22;4734922;
1139;A4;DIN 6319 C;A4 DIN 6319  Spherical washers type C;14;46319C14;
1139;A4;DIN 6319 C;A4 DIN 6319  Spherical washers type C;24;46319C24;
1139;A4;DIN 6319 D;A4 DIN 6319  Conical seats type D;6;46319D6;
1139;A4;DIN 6319 D;A4 DIN 6319  Conical seats type D;8;46319D8;
1139;A4;DIN 6319 D;A4 DIN 6319  Conical seats type D;14;46319D14;
1139;A4;DIN 6319 D;A4 DIN 6319  Conical seats type D;24;46319D24;
1139;A4;DIN 562;A4 DIN 562  Square thin nuts;2,5;405622,5;
1139;A4;DIN 6921 S;A4 DIN 6921  Hexagon bolt w/flange serrated FT;5X8;46921S5X8;
1139;A4;DIN 6921 S;A4 DIN 6921  Hexagon bolt w/flange serrated FT;5X10;46921S5X10;
1139;A4;DIN 6921 S;A4 DIN 6921  Hexagon bolt w/flange serrated FT;5X12;46921S5X12;
1139;A4;DIN 6921 S;A4 DIN 6921  Hexagon bolt w/flange serrated FT;5X16;46921S5X16;
1139;A4;DIN 6921 S;A4 DIN 6921  Hexagon bolt w/flange serrated FT;5X20;46921S5X20;
1139;A4;DIN 6921 S;A4 DIN 6921  Hexagon bolt w/flange serrated FT;5X25;46921S5X25;
1139;A4;DIN 6921 S;A4 DIN 6921  Hexagon bolt w/flange serrated FT;5X30;46921S5X30;
1139;A4;DIN 6921 S;A4 DIN 6921  Hexagon bolt w/flange serrated FT;6X8;46921S6X8;
1139;A4;DIN 6921 S;A4 DIN 6921  Hexagon bolt w/flange serrated FT;6X10;46921S6X10;
1139;A4;DIN 6921 S;A4 DIN 6921  Hexagon bolt w/flange serrated FT;6X12;46921S6X12;
1139;A4;DIN 6921 S;A4 DIN 6921  Hexagon bolt w/flange serrated FT;6X16;46921S6X16;
1139;A4;DIN 6921 S;A4 DIN 6921  Hexagon bolt w/flange serrated FT;6X20;46921S6X20;
1139;A4;DIN 6921 S;A4 DIN 6921  Hexagon bolt w/flange serrated FT;6X25;46921S6X25;
1139;A4;DIN 6921 S;A4 DIN 6921  Hexagon bolt w/flange serrated FT;6X30;46921S6X30;
1139;A4;DIN 6921 S;A4 DIN 6921  Hexagon bolt w/flange serrated FT;8X12;46921S8X12;
1139;A4;DIN 6921 S;A4 DIN 6921  Hexagon bolt w/flange serrated FT;8X16;46921S8X16;
1139;A4;DIN 6921 S;A4 DIN 6921  Hexagon bolt w/flange serrated FT;8X20;46921S8X20;
1139;A4;DIN 6921 S;A4 DIN 6921  Hexagon bolt w/flange serrated FT;8X25;46921S8X25;
1139;A4;DIN 6921 S;A4 DIN 6921  Hexagon bolt w/flange serrated FT;8X30;46921S8X30;
1139;A4;DIN 6921 S;A4 DIN 6921  Hexagon bolt w/flange serrated FT;8X35;46921S8X35;
1139;A4;DIN 6921 S;A4 DIN 6921  Hexagon bolt w/flange serrated FT;8X40;46921S8X40;
1139;A4;DIN 6921 S;A4 DIN 6921  Hexagon bolt w/flange serrated FT;8X55;46921S8X55;
1139;A4;DIN 6921 S;A4 DIN 6921  Hexagon bolt w/flange serrated FT;10X20;46921S10X20;
1139;A4;DIN 6921 S;A4 DIN 6921  Hexagon bolt w/flange serrated FT;10X25;46921S10X25;
1139;A4;DIN 6921 S;A4 DIN 6921  Hexagon bolt w/flange serrated FT;10X30;46921S10X30;
1139;A4;DIN 6921 S;A4 DIN 6921  Hexagon bolt w/flange serrated FT;10X35;46921S10X35;
1139;A4;DIN 6921 S;A4 DIN 6921  Hexagon bolt w/flange serrated FT;10X40;46921S10X40;
1139;A4;ART. 6335 SIM DIN 6334;A4   Hexagon coupler nuts sim. DIN 6334;6X20;463356X20;
1139;A4;ART. 6335 SIM DIN 6334;A4   Hexagon coupler nuts sim. DIN 6334;6X30;463356X30;
1139;A4;ART. 6335 SIM DIN 6334;A4   Hexagon coupler nuts sim. DIN 6334;8X20;463358X20;
1139;A4;ART. 6335 SIM DIN 6334;A4   Hexagon coupler nuts sim. DIN 6334;8x30;463358x30;
1139;A4;ART. 6335 SIM DIN 6334;A4   Hexagon coupler nuts sim. DIN 6334;10X25;4633510X25;
1139;A4;ART. 6335 SIM DIN 6334;A4   Hexagon coupler nuts sim. DIN 6334;10X40;4633510X40;
1139;A4;ART. 6335 SIM DIN 6334;A4   Hexagon coupler nuts sim. DIN 6334;12X30;4633512X30;
1139;A4;ART. 6335 SIM DIN 6334;A4   Hexagon coupler nuts sim. DIN 6334;12X40;4633512X40;
1139;A4;ART. 6335 SIM DIN 6334;A4   Hexagon coupler nuts sim. DIN 6334;12X50;4633512X50;
1139;A2;ISO 7380 TXF;A2 ISO 7380-2  Hexagon socket button head screws F.T. Tx With flange;3X4;27380TXF3X4;
1139;A2;ISO 7380 TXF;A2 ISO 7380-2  Hexagon socket button head screws F.T. Tx With flange;3X5;27380TXF3X5;
1139;A2;ISO 7380 TXF;A2 ISO 7380-2  Hexagon socket button head screws F.T. Tx With flange;3X6;27380TXF3X6;
1139;A2;ISO 7380 TXF;A2 ISO 7380-2  Hexagon socket button head screws F.T. Tx With flange;3X8;27380TXF3X8;
1139;A2;ISO 7380 TXF;A2 ISO 7380-2  Hexagon socket button head screws F.T. Tx With flange;3X10;27380TXF3X10;
1139;A2;ISO 7380 TXF;A2 ISO 7380-2  Hexagon socket button head screws F.T. Tx With flange;3X12;27380TXF3X12;
1139;A2;ISO 7380 TXF;A2 ISO 7380-2  Hexagon socket button head screws F.T. Tx With flange;3X16;27380TXF3X16;
1139;A2;ISO 7380 TXF;A2 ISO 7380-2  Hexagon socket button head screws F.T. Tx With flange;3X20;27380TXF3X20;
1139;A2;ISO 7380 TXF;A2 ISO 7380-2  Hexagon socket button head screws F.T. Tx With flange;3X25;27380TXF3X25;
1139;A2;ISO 7380 TXF;A2 ISO 7380-2  Hexagon socket button head screws F.T. Tx With flange;4X4;27380TXF4X4;
1139;A2;ISO 7380 TXF;A2 ISO 7380-2  Hexagon socket button head screws F.T. Tx With flange;4X5;27380TXF4X5;
1139;A2;ISO 7380 TXF;A2 ISO 7380-2  Hexagon socket button head screws F.T. Tx With flange;4X6;27380TXF4X6;
1139;A2;ISO 7380 TXF;A2 ISO 7380-2  Hexagon socket button head screws F.T. Tx With flange;4X8;27380TXF4X8;
1139;A2;ISO 7380 TXF;A2 ISO 7380-2  Hexagon socket button head screws F.T. Tx With flange;4X10;27380TXF4X10;
1139;A2;ISO 7380 TXF;A2 ISO 7380-2  Hexagon socket button head screws F.T. Tx With flange;4X12;27380TXF4X12;
1139;A2;ISO 7380 TXF;A2 ISO 7380-2  Hexagon socket button head screws F.T. Tx With flange;4X14;27380TXF4X14;
1139;A2;ISO 7380 TXF;A2 ISO 7380-2  Hexagon socket button head screws F.T. Tx With flange;4X16;27380TXF4X16;
1139;A2;ISO 7380 TXF;A2 ISO 7380-2  Hexagon socket button head screws F.T. Tx With flange;4X20;27380TXF4X20;
1139;A2;ISO 7380 TXF;A2 ISO 7380-2  Hexagon socket button head screws F.T. Tx With flange;4X25;27380TXF4X25;
1139;A2;ISO 7380 TXF;A2 ISO 7380-2  Hexagon socket button head screws F.T. Tx With flange;4X30;27380TXF4X30;
1139;A2;ISO 7380 TXF;A2 ISO 7380-2  Hexagon socket button head screws F.T. Tx With flange;4X40;27380TXF4X40;
1139;A2;ISO 7380 TXF;A2 ISO 7380-2  Hexagon socket button head screws F.T. Tx With flange;5X6;27380TXF5X6;
1139;A2;ISO 7380 TXF;A2 ISO 7380-2  Hexagon socket button head screws F.T. Tx With flange;5X8;27380TXF5X8;
1139;A2;ISO 7380 TXF;A2 ISO 7380-2  Hexagon socket button head screws F.T. Tx With flange;5X10;27380TXF5X10;
1139;A2;ISO 7380 TXF;A2 ISO 7380-2  Hexagon socket button head screws F.T. Tx With flange;5X12;27380TXF5X12;
1139;A2;ISO 7380 TXF;A2 ISO 7380-2  Hexagon socket button head screws F.T. Tx With flange;5X16;27380TXF5X16;
1139;A2;ISO 7380 TXF;A2 ISO 7380-2  Hexagon socket button head screws F.T. Tx With flange;5X20;27380TXF5X20;
1139;A2;ISO 7380 TXF;A2 ISO 7380-2  Hexagon socket button head screws F.T. Tx With flange;5X25;27380TXF5X25;
1139;A2;ISO 7380 TXF;A2 ISO 7380-2  Hexagon socket button head screws F.T. Tx With flange;5X30;27380TXF5X30;
1139;A2;ISO 7380 TXF;A2 ISO 7380-2  Hexagon socket button head screws F.T. Tx With flange;5X35;27380TXF5X35;
1139;A2;ISO 7380 TXF;A2 ISO 7380-2  Hexagon socket button head screws F.T. Tx With flange;5X40;27380TXF5X40;
1139;A2;ISO 7380 TXF;A2 ISO 7380-2  Hexagon socket button head screws F.T. Tx With flange;5X50;27380TXF5X50;
1139;A2;ISO 7380 TXF;A2 ISO 7380-2  Hexagon socket button head screws F.T. Tx With flange;5X60;27380TXF5X60;
1139;A2;ISO 7380 TXF;A2 ISO 7380-2  Hexagon socket button head screws F.T. Tx With flange;5X70;27380TXF5X70;
1139;A2;ISO 7380 TXF;A2 ISO 7380-2  Hexagon socket button head screws F.T. Tx With flange;6X10;27380TXF6X10;
1139;A2;ISO 7380 TXF;A2 ISO 7380-2  Hexagon socket button head screws F.T. Tx With flange;6X12;27380TXF6X12;
1139;A2;ISO 7380 TXF;A2 ISO 7380-2  Hexagon socket button head screws F.T. Tx With flange;6X14;27380TXF6X14;
1139;A2;ISO 7380 TXF;A2 ISO 7380-2  Hexagon socket button head screws F.T. Tx With flange;6X16;27380TXF6X16;
1139;A2;ISO 7380 TXF;A2 ISO 7380-2  Hexagon socket button head screws F.T. Tx With flange;6X18;27380TXF6X18;
1139;A2;ISO 7380 TXF;A2 ISO 7380-2  Hexagon socket button head screws F.T. Tx With flange;6X20;27380TXF6X20;
1139;A2;ISO 7380 TXF;A2 ISO 7380-2  Hexagon socket button head screws F.T. Tx With flange;6X25;27380TXF6X25;
1139;A2;ISO 7380 TXF;A2 ISO 7380-2  Hexagon socket button head screws F.T. Tx With flange;6X30;27380TXF6X30;
1139;A2;ISO 7380 TXF;A2 ISO 7380-2  Hexagon socket button head screws F.T. Tx With flange;6X35;27380TXF6X35;
1139;A2;ISO 7380 TXF;A2 ISO 7380-2  Hexagon socket button head screws F.T. Tx With flange;6X40;27380TXF6X40;
1139;A2;ISO 7380 TXF;A2 ISO 7380-2  Hexagon socket button head screws F.T. Tx With flange;6X45;27380TXF6X45;
1139;A2;ISO 7380 TXF;A2 ISO 7380-2  Hexagon socket button head screws F.T. Tx With flange;6X50;27380TXF6X50;
1139;A2;ISO 7380 TXF;A2 ISO 7380-2  Hexagon socket button head screws F.T. Tx With flange;6X60;27380TXF6X60;
1139;A2;ISO 7380 TXF;A2 ISO 7380-2  Hexagon socket button head screws F.T. Tx With flange;8X10;27380TXF8X10;
1139;A2;ISO 7380 TXF;A2 ISO 7380-2  Hexagon socket button head screws F.T. Tx With flange;8X12;27380TXF8X12;
1139;A2;ISO 7380 TXF;A2 ISO 7380-2  Hexagon socket button head screws F.T. Tx With flange;8X14;27380TXF8X14;
1139;A2;ISO 7380 TXF;A2 ISO 7380-2  Hexagon socket button head screws F.T. Tx With flange;8X16;27380TXF8X16;
1139;A2;ISO 7380 TXF;A2 ISO 7380-2  Hexagon socket button head screws F.T. Tx With flange;8X20;27380TXF8X20;
1139;A2;ISO 7380 TXF;A2 ISO 7380-2  Hexagon socket button head screws F.T. Tx With flange;8X25;27380TXF8X25;
1139;A2;ISO 7380 TXF;A2 ISO 7380-2  Hexagon socket button head screws F.T. Tx With flange;8X30;27380TXF8X30;
1139;A2;ISO 7380 TXF;A2 ISO 7380-2  Hexagon socket button head screws F.T. Tx With flange;8X35;27380TXF8X35;
1139;A2;ISO 7380 TXF;A2 ISO 7380-2  Hexagon socket button head screws F.T. Tx With flange;8X40;27380TXF8X40;
1139;A2;ISO 7380 TXF;A2 ISO 7380-2  Hexagon socket button head screws F.T. Tx With flange;8X45;27380TXF8X45;
1139;A2;ISO 7380 TXF;A2 ISO 7380-2  Hexagon socket button head screws F.T. Tx With flange;8X50;27380TXF8X50;
1139;A2;ISO 7380 TXF;A2 ISO 7380-2  Hexagon socket button head screws F.T. Tx With flange;8X60;27380TXF8X60;
1139;A2;ISO 7380 TXF;A2 ISO 7380-2  Hexagon socket button head screws F.T. Tx With flange;8X70;27380TXF8X70;
1139;A2;ISO 7380 TXF;A2 ISO 7380-2  Hexagon socket button head screws F.T. Tx With flange;8X80;27380TXF8X80;
1139;A2;ISO 7380 TXF;A2 ISO 7380-2  Hexagon socket button head screws F.T. Tx With flange;10X16;27380TXF10X16;
1139;A2;ISO 7380 TXF;A2 ISO 7380-2  Hexagon socket button head screws F.T. Tx With flange;10X20;27380TXF10X20;
1139;A2;ISO 7380 TXF;A2 ISO 7380-2  Hexagon socket button head screws F.T. Tx With flange;10X25;27380TXF10X25;
1139;A2;ISO 7380 TXF;A2 ISO 7380-2  Hexagon socket button head screws F.T. Tx With flange;10X30;27380TXF10X30;
1139;A2;ISO 7380 TXF;A2 ISO 7380-2  Hexagon socket button head screws F.T. Tx With flange;10X35;27380TXF10X35;
1139;A2;ISO 7380 TXF;A2 ISO 7380-2  Hexagon socket button head screws F.T. Tx With flange;10X40;27380TXF10X40;
1139;A2;ISO 7380 TXF;A2 ISO 7380-2  Hexagon socket button head screws F.T. Tx With flange;10X50;27380TXF10X50;
1139;A4;ART. 8246-B;A4 ART. 8246  Turnbuckles Type B;5;48246B5;
1139;A4;ART. 8246-B;A4 ART. 8246  Turnbuckles Type B;6;48246B6;
1139;A4;ART. 8246-B;A4 ART. 8246  Turnbuckles Type B;8;48246B8;
1139;A4;ART. 8246-B;A4 ART. 8246  Turnbuckles Type B;10;48246B10;
1139;A4;ART. 8246-B;A4 ART. 8246  Turnbuckles Type B;12;48246B12;
1139;A4;ART. 8246-B;A4 ART. 8246  Turnbuckles Type B;16;48246B16;
1139;A4;ART. 8246-B;A4 ART. 8246  Turnbuckles Type B;20;48246B20;
1139;A4;DIN 439 LH;A4 DIN 439  Hexagon thin nuts left hand type B;5;40439LH5;
1139;A4;DIN 439 LH;A4 DIN 439  Hexagon thin nuts left hand type B;6;40439LH6;
1139;A4;DIN 439 LH;A4 DIN 439  Hexagon thin nuts left hand type B;10;40439LH10;
1139;A4;DIN 439 LH;A4 DIN 439  Hexagon thin nuts left hand type B;12;40439LH12;
1139;A4;DIN 439 LH;A4 DIN 439  Hexagon thin nuts left hand type B;16;40439LH16;
1139;A4;DIN 439 LH;A4 DIN 439  Hexagon thin nuts left hand type B;20;40439LH20;
1139;A4;DIN 439 LH;A4 DIN 439  Hexagon thin nuts left hand type B;24;40439LH24;
1139;A4;sim. NFE 27-619;A4   Turned cup washers;3;411103;
1139;A4;sim. NFE 27-619;A4   Turned cup washers;4;411104;
1139;A4;sim. NFE 27-619;A4   Turned cup washers;5;411105;
1139;A4;sim. NFE 27-619;A4   Turned cup washers;6;411106;
1139;A4;sim. NFE 27-619;A4   Turned cup washers;8;411108;
1139;A4;sim. NFE 27-619;A4   Turned cup washers;10;4111010;
1139;A4;sim. NFE 27-619;A4   Turned cup washers;12;4111012;
1139;A2;DIN 7500 M TX;A2 DIN 7500ME  Thread rolling countersunk head screw TX;2,5X6;27500MTX2,5X6;
1139;A2;DIN 7500 M TX;A2 DIN 7500ME  Thread rolling countersunk head screw TX;2,5X8;27500MTX2,5X8;
1139;A2;DIN 7500 M TX;A2 DIN 7500ME  Thread rolling countersunk head screw TX;2,5X10;27500MTX2,5X10;
1139;A2;DIN 7500 M TX;A2 DIN 7500ME  Thread rolling countersunk head screw TX;2,5X12;27500MTX2,5X12;
1139;A2;DIN 7500 M TX;A2 DIN 7500ME  Thread rolling countersunk head screw TX;3X6;27500MTX3X6;
1139;A2;DIN 7500 M TX;A2 DIN 7500ME  Thread rolling countersunk head screw TX;3X8;27500MTX3X8;
1139;A2;DIN 7500 M TX;A2 DIN 7500ME  Thread rolling countersunk head screw TX;3X10;27500MTX3X10;
1139;A2;DIN 7500 M TX;A2 DIN 7500ME  Thread rolling countersunk head screw TX;3X12;27500MTX3X12;
1139;A2;DIN 7500 M TX;A2 DIN 7500ME  Thread rolling countersunk head screw TX;3X16;27500MTX3X16;
1139;A2;DIN 7500 M TX;A2 DIN 7500ME  Thread rolling countersunk head screw TX;3X20;27500MTX3X20;
1139;A2;DIN 7500 M TX;A2 DIN 7500ME  Thread rolling countersunk head screw TX;4X8;27500MTX4X8;
1139;A2;DIN 7500 M TX;A2 DIN 7500ME  Thread rolling countersunk head screw TX;4X10;27500MTX4X10;
1139;A2;DIN 7500 M TX;A2 DIN 7500ME  Thread rolling countersunk head screw TX;4X12;27500MTX4X12;
1139;A2;DIN 7500 M TX;A2 DIN 7500ME  Thread rolling countersunk head screw TX;4X16;27500MTX4X16;
1139;A2;DIN 7500 M TX;A2 DIN 7500ME  Thread rolling countersunk head screw TX;4X20;27500MTX4X20;
1139;A2;DIN 7500 M TX;A2 DIN 7500ME  Thread rolling countersunk head screw TX;4X25;27500MTX4X25;
1139;A2;DIN 7500 M TX;A2 DIN 7500ME  Thread rolling countersunk head screw TX;4X30;27500MTX4X30;
1139;A2;DIN 7500 M TX;A2 DIN 7500ME  Thread rolling countersunk head screw TX;5X8;27500MTX5X8;
1139;A2;DIN 7500 M TX;A2 DIN 7500ME  Thread rolling countersunk head screw TX;5X10;27500MTX5X10;
1139;A2;DIN 7500 M TX;A2 DIN 7500ME  Thread rolling countersunk head screw TX;5X12;27500MTX5X12;
1139;A2;DIN 7500 M TX;A2 DIN 7500ME  Thread rolling countersunk head screw TX;5X16;27500MTX5X16;
1139;A2;DIN 7500 M TX;A2 DIN 7500ME  Thread rolling countersunk head screw TX;5X20;27500MTX5X20;
1139;A2;DIN 7500 M TX;A2 DIN 7500ME  Thread rolling countersunk head screw TX;5X25;27500MTX5X25;
1139;A2;DIN 7500 M TX;A2 DIN 7500ME  Thread rolling countersunk head screw TX;5X30;27500MTX5X30;
1139;A2;DIN 7500 M TX;A2 DIN 7500ME  Thread rolling countersunk head screw TX;6X10;27500MTX6X10;
1139;A2;DIN 7500 M TX;A2 DIN 7500ME  Thread rolling countersunk head screw TX;6X12;27500MTX6X12;
1139;A2;DIN 7500 M TX;A2 DIN 7500ME  Thread rolling countersunk head screw TX;6X16;27500MTX6X16;
1139;A2;DIN 7500 M TX;A2 DIN 7500ME  Thread rolling countersunk head screw TX;6X20;27500MTX6X20;
1139;A2;DIN 7500 M TX;A2 DIN 7500ME  Thread rolling countersunk head screw TX;6X25;27500MTX6X25;
1139;A2;DIN 7500 M TX;A2 DIN 7500ME  Thread rolling countersunk head screw TX;6X30;27500MTX6X30;
1139;A4;ISO 4032;A4 ISO 4032  Hex nuts;5 sw 8;440325;
1139;A4;ISO 4032;A4 ISO 4032  Hex nuts;6 sw 10;440326;
1139;A4;ISO 4032;A4 ISO 4032  Hex nuts;8 sw 13;440328;
1139;A4;ISO 4032;A4 ISO 4032  Hex nuts;10 sw 16;4403210;
1139;A4;ISO 4032;A4 ISO 4032  Hex nuts;12 sw 18;4403212;
1139;A4;ISO 4032;A4 ISO 4032  Hex nuts;14 sw 21;4403214;
1139;A4;ISO 4032;A4 ISO 4032  Hex nuts;16 sw 24;4403216;
1139;A4;ISO 4032;A4 ISO 4032  Hex nuts;20 sw 30;4403220;
1139;A4;ISO 4032;A4 ISO 4032  Hex nuts;24 sw 36;4403224;
1139;A4;ISO 7380 TX;A4 ISO 7380  Button head witn TX F.T.;3X8;47380TX3X8;
1139;A4;ISO 7380 TX;A4 ISO 7380  Button head witn TX F.T.;3X10;47380TX3X10;
1139;A4;ISO 7380 TX;A4 ISO 7380  Button head witn TX F.T.;3X12;47380TX3X12;
1139;A4;ISO 7380 TX;A4 ISO 7380  Button head witn TX F.T.;3X14;47380TX3X14;
1139;A4;ISO 7380 TX;A4 ISO 7380  Button head witn TX F.T.;3X16;47380TX3X16;
1139;A4;ISO 7380 TX;A4 ISO 7380  Button head witn TX F.T.;4X8;47380TX4X8;
1139;A4;ISO 7380 TX;A4 ISO 7380  Button head witn TX F.T.;4X10;47380TX4X10;
1139;A4;ISO 7380 TX;A4 ISO 7380  Button head witn TX F.T.;4X12;47380TX4X12;
1139;A4;ISO 7380 TX;A4 ISO 7380  Button head witn TX F.T.;4X16;47380TX4X16;
1139;A4;ISO 7380 TX;A4 ISO 7380  Button head witn TX F.T.;4X20;47380TX4X20;
1139;A4;ISO 7380 TX;A4 ISO 7380  Button head witn TX F.T.;4X25;47380TX4X25;
1139;A4;ISO 7380 TX;A4 ISO 7380  Button head witn TX F.T.;4X30;47380TX4X30;
1139;A4;ISO 7380 TX;A4 ISO 7380  Button head witn TX F.T.;5X8;47380TX5X8;
1139;A4;ISO 7380 TX;A4 ISO 7380  Button head witn TX F.T.;5X10;47380TX5X10;
1139;A4;ISO 7380 TX;A4 ISO 7380  Button head witn TX F.T.;5X12;47380TX5X12;
1139;A4;ISO 7380 TX;A4 ISO 7380  Button head witn TX F.T.;5X16;47380TX5X16;
1139;A4;ISO 7380 TX;A4 ISO 7380  Button head witn TX F.T.;5X20;47380TX5X20;
1139;A4;ISO 7380 TX;A4 ISO 7380  Button head witn TX F.T.;5X25;47380TX5X25;
1139;A4;ISO 7380 TX;A4 ISO 7380  Button head witn TX F.T.;6X10;47380TX6X10;
1139;A4;ISO 7380 TX;A4 ISO 7380  Button head witn TX F.T.;6X12;47380TX6X12;
1139;A4;ISO 7380 TX;A4 ISO 7380  Button head witn TX F.T.;6X16;47380TX6X16;
1139;A4;ISO 7380 TX;A4 ISO 7380  Button head witn TX F.T.;6X20;47380TX6X20;
1139;A4;ISO 7380 TX;A4 ISO 7380  Button head witn TX F.T.;6X25;47380TX6X25;
1139;A4;ISO 7380 TX;A4 ISO 7380  Button head witn TX F.T.;6X30;47380TX6X30;
1139;A4;ISO 7380 TX;A4 ISO 7380  Button head witn TX F.T.;8X12;47380TX8X12;
1139;A4;ISO 7380 TX;A4 ISO 7380  Button head witn TX F.T.;8X16;47380TX8X16;
1139;A4;ISO 7380 TX;A4 ISO 7380  Button head witn TX F.T.;8X20;47380TX8X20;
1139;A4;ISO 7380 TX;A4 ISO 7380  Button head witn TX F.T.;8X25;47380TX8X25;
1139;A4;ISO 7380 TX;A4 ISO 7380  Button head witn TX F.T.;8X30;47380TX8X30;
1139;A2;DIN 906 G;A2 DIN 906 G  Hex socket pipe plugs with conical pipe;01-apr;20906G1/4;
1139;A2;DIN 906 G;A2 DIN 906 G  Hex socket pipe plugs with conical pipe;01-feb;20906G1/2;
1139;A2;DIN 906 G;A2 DIN 906 G  Hex socket pipe plugs with conical pipe;01-ago;20906G1/8;
1139;A2;DIN 906 G;A2 DIN 906 G  Hex socket pipe plugs with conical pipe;03-apr;20906G3/4;
1139;A2;DIN 906 G;A2 DIN 906 G  Hex socket pipe plugs with conical pipe;03-ago;20906G3/8;
1139;A2;DIN 906 G;A2 DIN 906 G  Hex socket pipe plugs with conical pipe;1;"20906G1""";
1139;A2;DIN 906 G;A2 DIN 906 G  Hex socket pipe plugs with conical pipe;"1""1/4";20906G11/4;
1139;A4;DIN 906 G;A4 DIN 906 G GAS Hex socket pipe plugs with conical pipe;01-apr;40906G1/4;
1139;A4;DIN 906 G;A4 DIN 906 G GAS Hex socket pipe plugs with conical pipe;01-feb;40906G1/2;
1139;A4;DIN 906 G;A4 DIN 906 G GAS Hex socket pipe plugs with conical pipe;01-ago;40906G1/8;
1139;A4;DIN 906 G;A4 DIN 906 G GAS Hex socket pipe plugs with conical pipe;03-apr;40906G3/4;
1139;A4;DIN 906 G;A4 DIN 906 G GAS Hex socket pipe plugs with conical pipe;03-ago;40906G3/8;
1139;A4;DIN 906 G;A4 DIN 906 G GAS Hex socket pipe plugs with conical pipe;1;40906G1;
1139;A2;DIN 908 G;A2 DIN 908 G  Hex s.s.plugs w/collar & cyl.pipe thread;03-apr;20908G3/4;
1139;A2;DIN 908 G;A2 DIN 908 G  Hex s.s.plugs w/collar & cyl.pipe thread;03-ago;20908G3/8;
1139;A2;DIN 908 G;A2 DIN 908 G  Hex s.s.plugs w/collar & cyl.pipe thread;11-apr;20908G11/4;
1139;A2;DIN 908 G;A2 DIN 908 G  Hex s.s.plugs w/collar & cyl.pipe thread;11-feb;20908G11/2;
1139;A2;DIN 908 G;A2 DIN 908 G  Hex s.s.plugs w/collar & cyl.pipe thread;01-feb;20908G1/2;
1139;A2;DIN 908 G;A2 DIN 908 G  Hex s.s.plugs w/collar & cyl.pipe thread;01-apr;20908G1/4;
1139;A2;DIN 908 G;A2 DIN 908 G  Hex s.s.plugs w/collar & cyl.pipe thread;01-ago;20908G1/8;
1139;A2;DIN 908 G;A2 DIN 908 G  Hex s.s.plugs w/collar & cyl.pipe thread;2;20908G2;
1139;A2;DIN 908 G;A2 DIN 908 G  Hex s.s.plugs w/collar & cyl.pipe thread;"1""";20908G1;
1139;A2;DIN 910 G;A2 DIN 910 G  Hex head plugs w/collar & cylindrical;11-feb;20910G11/2;
1139;A2;DIN 910 G;A2 DIN 910 G  Hex head plugs w/collar & cylindrical;01-ago;20910G1/8;
1139;A2;DIN 910 G;A2 DIN 910 G  Hex head plugs w/collar & cylindrical;05-ago;20910G5/8;
1139;A2;DIN 910 G;A2 DIN 910 G  Hex head plugs w/collar & cylindrical;01-feb;20910G1/2;
1139;A2;DIN 910 G;A2 DIN 910 G  Hex head plugs w/collar & cylindrical;11-apr;20910G11/4;
1139;A2;DIN 910 G;A2 DIN 910 G  Hex head plugs w/collar & cylindrical;01-apr;20910G1/4;
1139;A2;DIN 910 G;A2 DIN 910 G  Hex head plugs w/collar & cylindrical;03-apr;20910G3/4;
1139;A2;DIN 910 G;A2 DIN 910 G  Hex head plugs w/collar & cylindrical;03-ago;20910G3/8;
1139;A2;DIN 910 G;A2 DIN 910 G  Hex head plugs w/collar & cylindrical;2;20910G2;
1139;A2;DIN 439 FP;A2 DIN 439  Hexagon thin nuts left hand fine thread;20X1,5;20439LHFP20X1,5;
1139;A2;DIN 439 FP;A2 DIN 439  Hexagon thin nuts left hand fine thread;24X2;20439LHFP24X2;
1139;A2;DIN 9021;A2 DIN 9021  Plain washers with outside diameter 3d;2,7X8X0,8;290212,5;
1139;A2;DIN 9021;A2 DIN 9021  Plain washers with outside diameter 3d;3,2X9X0,8;290213;
1139;A2;DIN 9021;A2 DIN 9021  Plain washers with outside diameter 3d;4,3X12X1;290214;
1139;A2;DIN 9021;A2 DIN 9021  Plain washers with outside diameter 3d;5,3X15X1,2;290215;
1139;A2;DIN 9021;A2 DIN 9021  Plain washers with outside diameter 3d;6,4X18X1,6;290216;
1139;A2;DIN 9021;A2 DIN 9021  Plain washers with outside diameter 3d;7,4X22X2;290217;
1139;A2;DIN 9021;A2 DIN 9021  Plain washers with outside diameter 3d;8,4X24X2;290218;
1139;A2;DIN 9021;A2 DIN 9021  Plain washers with outside diameter 3d;10,5X30X2,5;2902110;
1139;A2;DIN 9021;A2 DIN 9021  Plain washers with outside diameter 3d;13X37X3;2902112;
1139;A2;DIN 9021;A2 DIN 9021  Plain washers with outside diameter 3d;15X44X3;2902114;
1139;A2;DIN 9021;A2 DIN 9021  Plain washers with outside diameter 3d;17X50X3;2902116;
1139;A2;DIN 9021;A2 DIN 9021  Plain washers with outside diameter 3d;20X56X4;2902118;
1139;A2;DIN 9021;A2 DIN 9021  Plain washers with outside diameter 3d;22X60X4;2902120;
1139;A2;DIN 9021;A2 DIN 9021  Plain washers with outside diameter 3d;26X72X5;2902124;
1139;A2;DIN 9021;A2 DIN 9021  Plain washers with outside diameter 3d;33X92X6;2902130;
1139;A2;DIN 9021;A2 DIN 9021  Plain washers with outside diameter 3d;39X110X8;2902136;
1139;A4;DIN 9021;A4 DIN 9021  Plain washers with outside diameter 3d;2,2X7X0,8;490212;
1139;A4;DIN 9021;A4 DIN 9021  Plain washers with outside diameter 3d;2,7X8X0,8;490212,5;
1139;A4;DIN 9021;A4 DIN 9021  Plain washers with outside diameter 3d;3,2X9X0,8;490213;
1139;A4;DIN 9021;A4 DIN 9021  Plain washers with outside diameter 3d;4,3X12X1;490214;
1139;A4;DIN 9021;A4 DIN 9021  Plain washers with outside diameter 3d;5,3X15X1,2;490215;
1139;A4;DIN 9021;A4 DIN 9021  Plain washers with outside diameter 3d;6,4X18X1,6;490216;
1139;A4;DIN 9021;A4 DIN 9021  Plain washers with outside diameter 3d;7,4X22X2;490217;
1139;A4;DIN 9021;A4 DIN 9021  Plain washers with outside diameter 3d;8,4X24X2;490218;
1139;A4;DIN 9021;A4 DIN 9021  Plain washers with outside diameter 3d;10,5X30X2,5;4902110;
1139;A4;DIN 9021;A4 DIN 9021  Plain washers with outside diameter 3d;13X37X3;4902112;
1139;A4;DIN 9021;A4 DIN 9021  Plain washers with outside diameter 3d;15X44X3;4902114;
1139;A4;DIN 9021;A4 DIN 9021  Plain washers with outside diameter 3d;17X50X3;4902116;
1139;A4;DIN 9021;A4 DIN 9021  Plain washers with outside diameter 3d;20X56X4;4902118;
1139;A4;DIN 9021;A4 DIN 9021  Plain washers with outside diameter 3d;22X60X4;4902120;
1139;A4;DIN 9021;A4 DIN 9021  Plain washers with outside diameter 3d;23X66X5;4902122;
1139;A4;DIN 9021;A4 DIN 9021  Plain washers with outside diameter 3d;26X72X5;4902124;
1139;A4;DIN 9021;A4 DIN 9021  Plain washers with outside diameter 3d;28X78X5;4902127;
1139;A4;DIN 9021;A4 DIN 9021  Plain washers with outside diameter 3d;33X92X6;4902130;
1139;A4;DIN 9021;A4 DIN 9021  Plain washers with outside diameter 3d;39X110X8;4902136;
1139;A4;ART. 8000 sim. DIN 3053;A4 ART. 8000 sim. DIN 3053  Wire ropes, 1X19 rigid;1;4800001;
1139;A4;ART. 8000 sim. DIN 3053;A4 ART. 8000 sim. DIN 3053  Wire ropes, 1X19 rigid;1,5;480001,5;
1139;A4;ART. 8000 sim. DIN 3053;A4 ART. 8000 sim. DIN 3053  Wire ropes, 1X19 rigid;2;4800002;
1139;A4;ART. 8000 sim. DIN 3053;A4 ART. 8000 sim. DIN 3053  Wire ropes, 1X19 rigid;3;4800003;
1139;A4;ART. 8000 sim. DIN 3053;A4 ART. 8000 sim. DIN 3053  Wire ropes, 1X19 rigid;4;4800004;
1139;A4;ART. 8000 sim. DIN 3053;A4 ART. 8000 sim. DIN 3053  Wire ropes, 1X19 rigid;5;4800005;
1139;A4;ART. 8000 sim. DIN 3053;A4 ART. 8000 sim. DIN 3053  Wire ropes, 1X19 rigid;6;4800006;
1139;A4;ART. 8000 sim. DIN 3053;A4 ART. 8000 sim. DIN 3053  Wire ropes, 1X19 rigid;8;4800008;
1139;A4;ART. 8000 sim. DIN 3053;A4 ART. 8000 sim. DIN 3053  Wire ropes, 1X19 rigid;10;4800010;
1139;A4;ART. 8000 sim. DIN 3053;A4 ART. 8000 sim. DIN 3053  Wire ropes, 1X19 rigid;12;4800012;
1139;A4;ART. 8001 sim. DIN 3055;A4 ART. 8001 sim. DIN 3055  Wire ropes, 7X7 soft;1,5;480011,5;
1139;A4;ART. 8001 sim. DIN 3055;A4 ART. 8001 sim. DIN 3055  Wire ropes, 7X7 soft;2;4800102;
1139;A4;ART. 8001 sim. DIN 3055;A4 ART. 8001 sim. DIN 3055  Wire ropes, 7X7 soft;2,5;480012,5;
1139;A4;ART. 8001 sim. DIN 3055;A4 ART. 8001 sim. DIN 3055  Wire ropes, 7X7 soft;3;4800103;
1139;A4;ART. 8001 sim. DIN 3055;A4 ART. 8001 sim. DIN 3055  Wire ropes, 7X7 soft;4;4800104;
1139;A4;ART. 8001 sim. DIN 3055;A4 ART. 8001 sim. DIN 3055  Wire ropes, 7X7 soft;5;4800105;
1139;A4;ART. 8001 sim. DIN 3055;A4 ART. 8001 sim. DIN 3055  Wire ropes, 7X7 soft;6;4800106;
1139;A4;ART. 8001 sim. DIN 3055;A4 ART. 8001 sim. DIN 3055  Wire ropes, 7X7 soft;7;4800107;
1139;A4;ART. 8001 sim. DIN 3055;A4 ART. 8001 sim. DIN 3055  Wire ropes, 7X7 soft;8;4800108;
1139;A4;ART. 8001 sim. DIN 3055;A4 ART. 8001 sim. DIN 3055  Wire ropes, 7X7 soft;12;4800112;
1139;A4;ART. 8002 sim. DIN 3060;A4 ART. 8002 sim. DIN 3060  Wire ropes, 7X19 flexible;1;4800201;
1139;A4;ART. 8002 sim. DIN 3060;A4 ART. 8002 sim. DIN 3060  Wire ropes, 7X19 flexible;1,5;480021,5;
1139;A4;ART. 8002 sim. DIN 3060;A4 ART. 8002 sim. DIN 3060  Wire ropes, 7X19 flexible;2;4800202;
1139;A4;ART. 8002 sim. DIN 3060;A4 ART. 8002 sim. DIN 3060  Wire ropes, 7X19 flexible;2,5;480022,5;
1139;A4;ART. 8002 sim. DIN 3060;A4 ART. 8002 sim. DIN 3060  Wire ropes, 7X19 flexible;3;4800203;
1139;A4;ART. 8002 sim. DIN 3060;A4 ART. 8002 sim. DIN 3060  Wire ropes, 7X19 flexible;4;4800204;
1139;A4;ART. 8002 sim. DIN 3060;A4 ART. 8002 sim. DIN 3060  Wire ropes, 7X19 flexible;5;4800205;
1139;A4;ART. 8002 sim. DIN 3060;A4 ART. 8002 sim. DIN 3060  Wire ropes, 7X19 flexible;6;4800206;
1139;A4;ART. 8002 sim. DIN 3060;A4 ART. 8002 sim. DIN 3060  Wire ropes, 7X19 flexible;7;4800207;
1139;A4;ART. 8002 sim. DIN 3060;A4 ART. 8002 sim. DIN 3060  Wire ropes, 7X19 flexible;8;4800208;
1139;A4;ART. 8002 sim. DIN 3060;A4 ART. 8002 sim. DIN 3060  Wire ropes, 7X19 flexible;10;4800210;
1139;A4;ART. 8002 sim. DIN 3060;A4 ART. 8002 sim. DIN 3060  Wire ropes, 7X19 flexible;12;4800212;
1139;A4;ART. 8002 sim. DIN 3060;A4 ART. 8002 sim. DIN 3060  Wire ropes, 7X19 flexible;14;4800214;
1139;A4;ART. 8246-C;A4 ART. 8246  Turnbuckles Type C;5;48246C5;
1139;A4;ART. 8246-C;A4 ART. 8246  Turnbuckles Type C;6;48246C6;
1139;A4;ART. 8246-C;A4 ART. 8246  Turnbuckles Type C;8;48246C8;
1139;A4;ART. 8246-C;A4 ART. 8246  Turnbuckles Type C;10;48246C10;
1139;A4;ART. 8246-C;A4 ART. 8246  Turnbuckles Type C;12;48246C12;
1139;A2;DIN 7982 Z;A2 DIN 7982  Tapping screws countersunk Z;2,2X6,5;27982Z2,2X6,5;
1139;A2;DIN 7982 Z;A2 DIN 7982  Tapping screws countersunk Z;2,2X9,5;27982Z2,2X9,5;
1139;A2;DIN 7982 Z;A2 DIN 7982  Tapping screws countersunk Z;2,2X13;27982Z2,2X13;
1139;A2;DIN 7982 Z;A2 DIN 7982  Tapping screws countersunk Z;2,2X16;27982Z2,2X16;
1139;A2;DIN 7982 Z;A2 DIN 7982  Tapping screws countersunk Z;2,2X19;27982Z2,2X19;
1139;A2;DIN 7982 Z;A2 DIN 7982  Tapping screws countersunk Z;2,2X22;27982Z2,2X22;
1139;A2;DIN 7982 Z;A2 DIN 7982  Tapping screws countersunk Z;2,2X25;27982Z2,2X25;
1139;A2;DIN 7982 Z;A2 DIN 7982  Tapping screws countersunk Z;2,9X6,5;27982Z2,9X6,5;
1139;A2;DIN 7982 Z;A2 DIN 7982  Tapping screws countersunk Z;2,9X9,5;27982Z2,9X9,5;
1139;A2;DIN 7982 Z;A2 DIN 7982  Tapping screws countersunk Z;2,9X13;27982Z2,9X13;
1139;A2;DIN 7982 Z;A2 DIN 7982  Tapping screws countersunk Z;2,9X16;27982Z2,9X16;
1139;A2;DIN 7982 Z;A2 DIN 7982  Tapping screws countersunk Z;2,9X19;27982Z2,9X19;
1139;A2;DIN 7982 Z;A2 DIN 7982  Tapping screws countersunk Z;2,9X22;27982Z2,9X22;
1139;A2;DIN 7982 Z;A2 DIN 7982  Tapping screws countersunk Z;2,9X25;27982Z2,9X25;
1139;A2;DIN 7982 Z;A2 DIN 7982  Tapping screws countersunk Z;2,9X32;27982Z2,9X32;
1139;A2;DIN 7982 Z;A2 DIN 7982  Tapping screws countersunk Z;2,9X38;27982Z2,9X38;
1139;A2;DIN 7982 Z;A2 DIN 7982  Tapping screws countersunk Z;3,5X6,5;27982Z3,5X6,5;
1139;A2;DIN 7982 Z;A2 DIN 7982  Tapping screws countersunk Z;3,5X9,5;27982Z3,5X9,5;
1139;A2;DIN 7982 Z;A2 DIN 7982  Tapping screws countersunk Z;3,5X13;27982Z3,5X13;
1139;A2;DIN 7982 Z;A2 DIN 7982  Tapping screws countersunk Z;3,5X16;27982Z3,5X16;
1139;A2;DIN 7982 Z;A2 DIN 7982  Tapping screws countersunk Z;3,5X19;27982Z3,5X19;
1139;A2;DIN 7982 Z;A2 DIN 7982  Tapping screws countersunk Z;3,5X25;27982Z3,5X25;
1139;A2;DIN 7982 Z;A2 DIN 7982  Tapping screws countersunk Z;3,5X32;27982Z3,5X32;
1139;A2;DIN 7982 Z;A2 DIN 7982  Tapping screws countersunk Z;3,9X6,5;27982Z3,9X6,5;
1139;A2;DIN 7982 Z;A2 DIN 7982  Tapping screws countersunk Z;3,9X9,5;27982Z3,9X9,5;
1139;A2;DIN 7982 Z;A2 DIN 7982  Tapping screws countersunk Z;3,9X13;27982Z3,9X13;
1139;A2;DIN 7982 Z;A2 DIN 7982  Tapping screws countersunk Z;3,9X16;27982Z3,9X16;
1139;A2;DIN 7982 Z;A2 DIN 7982  Tapping screws countersunk Z;3,9X19;27982Z3,9X19;
1139;A2;DIN 7982 Z;A2 DIN 7982  Tapping screws countersunk Z;3,9X22;27982Z3,9X22;
1139;A2;DIN 7982 Z;A2 DIN 7982  Tapping screws countersunk Z;3,9X25;27982Z3,9X25;
1139;A2;DIN 7982 Z;A2 DIN 7982  Tapping screws countersunk Z;3,9X32;27982Z3,9X32;
1139;A2;DIN 7982 Z;A2 DIN 7982  Tapping screws countersunk Z;3,9X38;27982Z3,9X38;
1139;A2;DIN 7982 Z;A2 DIN 7982  Tapping screws countersunk Z;3,9X45;27982Z3,9X45;
1139;A2;DIN 7982 Z;A2 DIN 7982  Tapping screws countersunk Z;3,9X50;27982Z3,9X50;
1139;A2;DIN 7982 Z;A2 DIN 7982  Tapping screws countersunk Z;4,2X9,5;27982Z4,2X9,5;
1139;A2;DIN 7982 Z;A2 DIN 7982  Tapping screws countersunk Z;4,2X13;27982Z4,2X13;
1139;A2;DIN 7982 Z;A2 DIN 7982  Tapping screws countersunk Z;4,2X16;27982Z4,2X16;
1139;A2;DIN 7982 Z;A2 DIN 7982  Tapping screws countersunk Z;4,2X19;27982Z4,2X19;
1139;A2;DIN 7982 Z;A2 DIN 7982  Tapping screws countersunk Z;4,2X22;27982Z4,2X22;
1139;A2;DIN 7982 Z;A2 DIN 7982  Tapping screws countersunk Z;4,2X25;27982Z4,2X25;
1139;A2;DIN 7982 Z;A2 DIN 7982  Tapping screws countersunk Z;4,2X32;27982Z4,2X32;
1139;A2;DIN 7982 Z;A2 DIN 7982  Tapping screws countersunk Z;4,2X38;27982Z4,2X38;
1139;A2;DIN 7982 Z;A2 DIN 7982  Tapping screws countersunk Z;4,2X45;27982Z4,2X45;
1139;A2;DIN 7982 Z;A2 DIN 7982  Tapping screws countersunk Z;4,2X50;27982Z4,2X50;
1139;A2;DIN 7982 Z;A2 DIN 7982  Tapping screws countersunk Z;4,2X60;27982Z4,2X60;
1139;A2;DIN 7982 Z;A2 DIN 7982  Tapping screws countersunk Z;4,8X9,5;27982Z4,8X9,5;
1139;A2;DIN 7982 Z;A2 DIN 7982  Tapping screws countersunk Z;4,8X13;27982Z4,8X13;
1139;A2;DIN 7982 Z;A2 DIN 7982  Tapping screws countersunk Z;4,8X16;27982Z4,8X16;
1139;A2;DIN 7982 Z;A2 DIN 7982  Tapping screws countersunk Z;4,8X19;27982Z4,8X19;
1139;A2;DIN 7982 Z;A2 DIN 7982  Tapping screws countersunk Z;4,8X22;27982Z4,8X22;
1139;A2;DIN 7982 Z;A2 DIN 7982  Tapping screws countersunk Z;4,8X25;27982Z4,8X25;
1139;A2;DIN 7982 Z;A2 DIN 7982  Tapping screws countersunk Z;4,8X32;27982Z4,8X32;
1139;A2;DIN 7982 Z;A2 DIN 7982  Tapping screws countersunk Z;4,8X38;27982Z4,8X38;
1139;A2;DIN 7982 Z;A2 DIN 7982  Tapping screws countersunk Z;4,8X45;27982Z4,8X45;
1139;A2;DIN 7982 Z;A2 DIN 7982  Tapping screws countersunk Z;4,8X50;27982Z4,8X50;
1139;A2;DIN 7982 Z;A2 DIN 7982  Tapping screws countersunk Z;4,8X60;27982Z4,8X60;
1139;A2;DIN 7982 Z;A2 DIN 7982  Tapping screws countersunk Z;4,8X70;27982Z4,8X70;
1139;A2;DIN 7982 Z;A2 DIN 7982  Tapping screws countersunk Z;4,8X80;27982Z4,8X80;
1139;A2;DIN 7982 Z;A2 DIN 7982  Tapping screws countersunk Z;5,5X13;27982Z5,5X13;
1139;A2;DIN 7982 Z;A2 DIN 7982  Tapping screws countersunk Z;5,5X16;27982Z5,5X16;
1139;A2;DIN 7982 Z;A2 DIN 7982  Tapping screws countersunk Z;5,5X19;27982Z5,5X19;
1139;A2;DIN 7982 Z;A2 DIN 7982  Tapping screws countersunk Z;5,5X22;27982Z5,5X22;
1139;A2;DIN 7982 Z;A2 DIN 7982  Tapping screws countersunk Z;5,5X25;27982Z5,5X25;
1139;A2;DIN 7982 Z;A2 DIN 7982  Tapping screws countersunk Z;5,5X32;27982Z5,5X32;
1139;A2;DIN 7982 Z;A2 DIN 7982  Tapping screws countersunk Z;5,5X38;27982Z5,5X38;
1139;A2;DIN 7982 Z;A2 DIN 7982  Tapping screws countersunk Z;5,5X45;27982Z5,5X45;
1139;A2;DIN 7982 Z;A2 DIN 7982  Tapping screws countersunk Z;5,5X50;27982Z5,5X50;
1139;A2;DIN 7982 Z;A2 DIN 7982  Tapping screws countersunk Z;5,5X60;27982Z5,5X60;
1139;A2;DIN 7982 Z;A2 DIN 7982  Tapping screws countersunk Z;5,5X70;27982Z5,5X70;
1139;A2;DIN 7982 Z;A2 DIN 7982  Tapping screws countersunk Z;5,5X80;27982Z5,5X80;
1139;A2;DIN 7982 Z;A2 DIN 7982  Tapping screws countersunk Z;6,3X13;27982Z6,3X13;
1139;A2;DIN 7982 Z;A2 DIN 7982  Tapping screws countersunk Z;6,3X16;27982Z6,3X16;
1139;A2;DIN 7982 Z;A2 DIN 7982  Tapping screws countersunk Z;6,3X19;27982Z6,3X19;
1139;A2;DIN 7982 Z;A2 DIN 7982  Tapping screws countersunk Z;6,3X22;27982Z6,3X22;
1139;A2;DIN 7982 Z;A2 DIN 7982  Tapping screws countersunk Z;6,3X25;27982Z6,3X25;
1139;A2;DIN 7982 Z;A2 DIN 7982  Tapping screws countersunk Z;6,3X32;27982Z6,3X32;
1139;A2;DIN 7982 Z;A2 DIN 7982  Tapping screws countersunk Z;6,3X38;27982Z6,3X38;
1139;A2;DIN 7982 Z;A2 DIN 7982  Tapping screws countersunk Z;6,3X50;27982Z6,3X50;
1139;A2;DIN 7982 Z;A2 DIN 7982  Tapping screws countersunk Z;6,3X60;27982Z6,3X60;
1139;A2;DIN 7982 Z;A2 DIN 7982  Tapping screws countersunk Z;6,3X70;27982Z6,3X70;
1139;A2;DIN 7982 Z;A2 DIN 7982  Tapping screws countersunk Z;6,3X80;27982Z6,3X80;
1139;A4-80;DIN 912;A4-80 DIN 912  Hexagon socket head cap screws;16X160;8091216X160;
1139;A4-80;DIN 912;A4-80 DIN 912  Hexagon socket head cap screws;18X120;8091218X120;
1139;A4-80;DIN 912;A4-80 DIN 912  Hexagon socket head cap screws;18X160;8091218X160;
1139;A4-80;DIN 912;A4-80 DIN 912  Hexagon socket head cap screws;20X160;8091220X160;
1139;A4-80;DIN 912;A4-80 DIN 912  Hexagon socket head cap screws;20X180;8091220X180;
1139;A4-80;DIN 912;A4-80 DIN 912  Hexagon socket head cap screws;20X190;8091220X190;
1139;A4-80;DIN 912;A4-80 DIN 912  Hexagon socket head cap screws;20X200;8091220X200;
1139;A4-80;DIN 912;A4-80 DIN 912  Hexagon socket head cap screws;24X160;8091224X160;
1139;A4-80;DIN 912;A4-80 DIN 912  Hexagon socket head cap screws;27X80;8091227X80;
1139;A4-80;DIN 912;A4-80 DIN 912  Hexagon socket head cap screws;27X90;8091227X90;
1139;A4-80;DIN 912;A4-80 DIN 912  Hexagon socket head cap screws;27X100;8091227X100;
1139;A4-80;DIN 912;A4-80 DIN 912  Hexagon socket head cap screws;27X110;8091227X110;
1139;A4-80;DIN 912;A4-80 DIN 912  Hexagon socket head cap screws;27X120;8091227X120;
1139;A4-80;DIN 912;A4-80 DIN 912  Hexagon socket head cap screws;27X130;8091227X130;
1139;A4-80;DIN 912;A4-80 DIN 912  Hexagon socket head cap screws;27X140;8091227X140;
1139;A4-80;DIN 912;A4-80 DIN 912  Hexagon socket head cap screws;27X150;8091227X150;
1139;A4-80;DIN 912;A4-80 DIN 912  Hexagon socket head cap screws;27X160;8091227X160;
1139;A4-80;DIN 912;A4-80 DIN 912  Hexagon socket head cap screws;30X80;8091230X80;
1139;A4-80;DIN 912;A4-80 DIN 912  Hexagon socket head cap screws;30X90;8091230X90;
1139;A4-80;DIN 912;A4-80 DIN 912  Hexagon socket head cap screws;30X100;8091230X100;
1139;A4-80;DIN 912;A4-80 DIN 912  Hexagon socket head cap screws;30X110;8091230X110;
1139;A4-80;DIN 912;A4-80 DIN 912  Hexagon socket head cap screws;30X130;8091230X130;
1139;A4-80;DIN 912;A4-80 DIN 912  Hexagon socket head cap screws;30X140;8091230X140;
1139;A4-80;DIN 912;A4-80 DIN 912  Hexagon socket head cap screws;30X150;8091230X150;
1139;A4-80;DIN 912;A4-80 DIN 912  Hexagon socket head cap screws;30X160;8091230X160;
1139;A4-80;DIN 912;A4-80 DIN 912  Hexagon socket head cap screws;30X170;8091230X170;
1139;A4-80;DIN 912;A4-80 DIN 912  Hexagon socket head cap screws;30X180;8091230X180;
1139;A4-80;DIN 931;A4-80 DIN 931  Hexagon head screws with shank;18X60;8093118X60;
1139;A4-80;DIN 931;A4-80 DIN 931  Hexagon head screws with shank;18X70;8093118X70;
1139;A4-80;DIN 931;A4-80 DIN 931  Hexagon head screws with shank;18X120;8093118X120;
1139;A4-80;DIN 931;A4-80 DIN 931  Hexagon head screws with shank;18X130;8093118X130;
1139;A4-80;DIN 931;A4-80 DIN 931  Hexagon head screws with shank;18X180;8093118X180;
1139;A4-80;DIN 933;A4-80 DIN 933  Hexagon head screws full thread;10X18;8093310X18;
1139;A4-80;DIN 933;A4-80 DIN 933  Hexagon head screws full thread;10X22;8093310X22;
1139;A4-80;DIN 933;A4-80 DIN 933  Hexagon head screws full thread;18X30;8093318X30;
1139;A4-80;DIN 933;A4-80 DIN 933  Hexagon head screws full thread;18X35;8093318X35;
1139;A4-80;DIN 933;A4-80 DIN 933  Hexagon head screws full thread;18X40;8093318X40;
1139;A4-80;DIN 933;A4-80 DIN 933  Hexagon head screws full thread;18X45;8093318X45;
1139;A4-80;DIN 933;A4-80 DIN 933  Hexagon head screws full thread;18X55;8093318X55;
1139;A4-80;DIN 933;A4-80 DIN 933  Hexagon head screws full thread;18X60;8093318X60;
1139;A4-80;DIN 933;A4-80 DIN 933  Hexagon head screws full thread;18X65;8093318X65;
1139;A4-80;DIN 933;A4-80 DIN 933  Hexagon head screws full thread;18X70;8093318X70;
1139;A4-80;DIN 933;A4-80 DIN 933  Hexagon head screws full thread;18X75;8093318X75;
1139;A4-80;DIN 933;A4-80 DIN 933  Hexagon head screws full thread;18X80;8093318X80;
1139;A4-80;DIN 933;A4-80 DIN 933  Hexagon head screws full thread;18X90;8093318X90;
1139;A4-80;DIN 933;A4-80 DIN 933  Hexagon head screws full thread;18X100;8093318X100;
1139;A4-80;DIN 933;A4-80 DIN 933  Hexagon head screws full thread;18X110;8093318X110;
1139;A4-80;DIN 933;A4-80 DIN 933  Hexagon head screws full thread;18X120;8093318X120;
1139;A4-80;DIN 933;A4-80 DIN 933  Hexagon head screws full thread;18X130;8093318X130;
1139;A4-80;DIN 933;A4-80 DIN 933  Hexagon head screws full thread;22X40;8093322X40;
1139;A4-80;DIN 933;A4-80 DIN 933  Hexagon head screws full thread;22X70;8093322X70;
1139;A4-80;DIN 933;A4-80 DIN 933  Hexagon head screws full thread;30X160;8093330X160;
1139;A4-80;DIN 933;A4-80 DIN 933  Hexagon head screws full thread;30X170;8093330X170;
1139;A4-80;DIN 933;A4-80 DIN 933  Hexagon head screws full thread;30X180;8093330X180;
1139;A2;DIN 961;A2 DIN 961  Hexagon head fine thread;8X1X16;20961FP8X1X16;
1139;A2;DIN 961;A2 DIN 961  Hexagon head fine thread;8X1X20;20961FP8X1X20;
1139;A2;DIN 961;A2 DIN 961  Hexagon head fine thread;8X1X25;20961FP8X1X25;
1139;A2;DIN 961;A2 DIN 961  Hexagon head fine thread;8X1X30;20961FP8X1X30;
1139;A2;DIN 961;A2 DIN 961  Hexagon head fine thread;8X1X35;20961FP8X1X35;
1139;A2;DIN 961;A2 DIN 961  Hexagon head fine thread;8X1X40;20961FP8X1X40;
1139;A2;DIN 961;A2 DIN 961  Hexagon head fine thread;8X1X45;20961FP8X1X45;
1139;A2;DIN 961;A2 DIN 961  Hexagon head fine thread;8X1X50;20961FP8X1X50;
1139;A2;DIN 961;A2 DIN 961  Hexagon head fine thread;8X1X60;20961FP8X1X60;
1139;A2;DIN 961;A2 DIN 961  Hexagon head fine thread;10X1,25X20;20961FP10X1,25X20;
1139;A2;DIN 961;A2 DIN 961  Hexagon head fine thread;10X1,25X25;20961FP10X1,25X25;
1139;A2;DIN 961;A2 DIN 961  Hexagon head fine thread;10X1,25X30;20961FP10X1,25X30;
1139;A2;DIN 961;A2 DIN 961  Hexagon head fine thread;10X1,25X35;20961FP10X1,25X35;
1139;A2;DIN 961;A2 DIN 961  Hexagon head fine thread;10X1,25X40;20961FP10X1,25X40;
1139;A2;DIN 961;A2 DIN 961  Hexagon head fine thread;10X1,25X45;20961FP10X1,25X45;
1139;A2;DIN 961;A2 DIN 961  Hexagon head fine thread;10X1,25X50;20961FP10X1,25X50;
1139;A2;DIN 961;A2 DIN 961  Hexagon head fine thread;10X1,25X60;20961FP10X1,25X60;
1139;A2;DIN 961;A2 DIN 961  Hexagon head fine thread;10X1,25X100;20961FP10X1,25X100;
1139;A2;DIN 961;A2 DIN 961  Hexagon head fine thread;12X1,5X20;20961FP12X1,5X20;
1139;A2;DIN 961;A2 DIN 961  Hexagon head fine thread;12X1,5X25;20961FP12X1,5X25;
1139;A2;DIN 961;A2 DIN 961  Hexagon head fine thread;12X1,5X30;20961FP12X1,5X30;
1139;A2;DIN 961;A2 DIN 961  Hexagon head fine thread;12X1,5X35;20961FP12X1,5X35;
1139;A2;DIN 961;A2 DIN 961  Hexagon head fine thread;12X1,5X40;20961FP12X1,5X40;
1139;A2;DIN 961;A2 DIN 961  Hexagon head fine thread;12X1,5X45;20961FP12X1,5X45;
1139;A2;DIN 961;A2 DIN 961  Hexagon head fine thread;12X1,5X50;20961FP12X1,5X50;
1139;A2;DIN 961;A2 DIN 961  Hexagon head fine thread;12X1,5X60;20961FP12X1,5X60;
1139;A2;DIN 961;A2 DIN 961  Hexagon head fine thread;12X1,5X100;20961FP12X1,5X100;
1139;A2;DIN 961;A2 DIN 961  Hexagon head fine thread;16X1,5X30;20961FP16X1,5X30;
1139;A2;DIN 961;A2 DIN 961  Hexagon head fine thread;16X1,5X35;20961FP16X1,5X35;
1139;A2;DIN 961;A2 DIN 961  Hexagon head fine thread;16X1,5X40;20961FP16X1,5X40;
1139;A2;DIN 961;A2 DIN 961  Hexagon head fine thread;16X1,5X45;20961FP16X1,5X45;
1139;A2;DIN 961;A2 DIN 961  Hexagon head fine thread;16X1,5X50;20961FP16X1,5X50;
1139;A2;DIN 961;A2 DIN 961  Hexagon head fine thread;16X1,5X60;20961FP16X1,5X60;
1139;A2;DIN 961;A2 DIN 961  Hexagon head fine thread;16X1,5X100;20961FP16X1,5X100;
1139;A4;DIN 1440;A4 DIN 1440  Washer for clevis pins,finish coarse;7;414407;
1139;A4;DIN 1440;A4 DIN 1440  Washer for clevis pins,finish coarse;26;4144026;
1139;A4;DIN 1440;A4 DIN 1440  Washer for clevis pins,finish coarse;27;4144027;
1139;A4;DIN 1440;A4 DIN 1440  Washer for clevis pins,finish coarse;28;4144028;
1139;A4;DIN 1440;A4 DIN 1440  Washer for clevis pins,finish coarse;32;4144032;
1139;A4;DIN 1440;A4 DIN 1440  Washer for clevis pins,finish coarse;33;4144033;
1139;A4-80;DIN 976;A4-80 DIN 976  Threaded rods;6;809766;
1139;A4-80;DIN 976;A4-80 DIN 976  Threaded rods;8;809768;
1139;A4-80;DIN 976;A4-80 DIN 976  Threaded rods;10;8097610;
1139;A4-80;DIN 976;A4-80 DIN 976  Threaded rods;12;8097612;
1139;A4-80;DIN 976;A4-80 DIN 976  Threaded rods;14;8097614;
1139;A4-80;DIN 976;A4-80 DIN 976  Threaded rods;16;8097616;
1139;A4-80;DIN 976;A4-80 DIN 976  Threaded rods;20;8097620;
1139;A4-80;DIN 976;A4-80 DIN 976  Threaded rods;24;8097624;
1139;A4-80;DIN 976;A4-80 DIN 976  Threaded rods;36;8097636;
1139;A2;ART. 1230;A2 ART. 1230  Pan head screws for thermo plastics;3X8;212303X8;
1139;A2;ART. 1230;A2 ART. 1230  Pan head screws for thermo plastics;3X10;212303X10;
1139;A2;ART. 1230;A2 ART. 1230  Pan head screws for thermo plastics;3X12;212303X12;
1139;A2;ART. 1230;A2 ART. 1230  Pan head screws for thermo plastics;3X14;212303X14;
1139;A2;ART. 1230;A2 ART. 1230  Pan head screws for thermo plastics;3X16;212303X16;
1139;A2;ART. 1230;A2 ART. 1230  Pan head screws for thermo plastics;3X20;212303X20;
1139;A2;ART. 1230;A2 ART. 1230  Pan head screws for thermo plastics;3X25;212303X25;
1139;A2;ART. 1230;A2 ART. 1230  Pan head screws for thermo plastics;3,5X8;212303,5X8;
1139;A2;ART. 1230;A2 ART. 1230  Pan head screws for thermo plastics;3,5X10;212303,5X10;
1139;A2;ART. 1230;A2 ART. 1230  Pan head screws for thermo plastics;3,5X12;212303,5X12;
1139;A2;ART. 1230;A2 ART. 1230  Pan head screws for thermo plastics;3,5X14;212303,5X14;
1139;A2;ART. 1230;A2 ART. 1230  Pan head screws for thermo plastics;3,5X16;212303,5X16;
1139;A2;ART. 1230;A2 ART. 1230  Pan head screws for thermo plastics;3,5X20;212303,5X20;
1139;A2;ART. 1230;A2 ART. 1230  Pan head screws for thermo plastics;4X8;212304X8;
1139;A2;ART. 1230;A2 ART. 1230  Pan head screws for thermo plastics;4X10;212304X10;
1139;A2;ART. 1230;A2 ART. 1230  Pan head screws for thermo plastics;4X12;212304X12;
1139;A2;ART. 1230;A2 ART. 1230  Pan head screws for thermo plastics;4X14;212304X14;
1139;A2;ART. 1230;A2 ART. 1230  Pan head screws for thermo plastics;4X16;212304X16;
1139;A2;ART. 1230;A2 ART. 1230  Pan head screws for thermo plastics;4X20;212304X20;
1139;A2;ART. 1230;A2 ART. 1230  Pan head screws for thermo plastics;4X25;212304X25;
1139;A2;sim. NFE 27-619;A2   Stamped cup washers;3;212903;
1139;A2;sim. NFE 27-619;A2   Stamped cup washers;4;212904;
1139;A2;sim. NFE 27-619;A2   Stamped cup washers;5;212905;
1139;A2;sim. NFE 27-619;A2   Stamped cup washers;6;212906;
1139;A2;sim. NFE 27-619;A2   Stamped cup washers;8;212908;
1139;A2;sim. DIN 7505A TX PF;A2 sim. DIN 7505A  Chipboard screws CSK  double head HT TX;6X100/60;27505ATX6X100/60;
1139;A2;sim. DIN 7505A TX PF;A2 sim. DIN 7505A  Chipboard screws CSK  double head HT TX;5X50/30;27505ATX5X50/30;
1139;A2;ART. 1250;A2 ART. 1250  Countersunk head screws for thermo plast;3X8;212503X8;
1139;A2;ART. 1250;A2 ART. 1250  Countersunk head screws for thermo plast;3X10;212503X10;
1139;A2;ART. 1250;A2 ART. 1250  Countersunk head screws for thermo plast;3X12;212503X12;
1139;A2;ART. 1250;A2 ART. 1250  Countersunk head screws for thermo plast;3X14;212503X14;
1139;A2;ART. 1250;A2 ART. 1250  Countersunk head screws for thermo plast;3X16;212503X16;
1139;A2;ART. 1250;A2 ART. 1250  Countersunk head screws for thermo plast;3X20;212503X20;
1139;A2;ART. 1250;A2 ART. 1250  Countersunk head screws for thermo plast;3,5X10;212503,5X10;
1139;A2;ART. 1250;A2 ART. 1250  Countersunk head screws for thermo plast;3,5X12;212503,5X12;
1139;A2;ART. 1250;A2 ART. 1250  Countersunk head screws for thermo plast;3,5X16;212503,5X16;
1139;A2;ART. 1250;A2 ART. 1250  Countersunk head screws for thermo plast;3,5X20;212503,5X20;
1139;A2;ART. 1250;A2 ART. 1250  Countersunk head screws for thermo plast;3,5X25;212503,5X25;
1139;A2;ART. 1250;A2 ART. 1250  Countersunk head screws for thermo plast;4X8;212504X8;
1139;A2;ART. 1250;A2 ART. 1250  Countersunk head screws for thermo plast;4X16;212504X16;
1139;A4;DIN 431;A4 DIN 431  Pipe nuts type B;01-ago;40431G1/8;
1139;A4;DIN 431;A4 DIN 431  Pipe nuts type B;03-ago;40431G3/8;
1139;A4;DIN 431;A4 DIN 431  Pipe nuts type B;05-ago;40431G5/8;
1139;A4;DIN 431;A4 DIN 431  Pipe nuts type B;01-feb;40431G1/2;
1139;A4;DIN 431;A4 DIN 431  Pipe nuts type B;01-apr;40431G1/4;
1139;A4;DIN 431;A4 DIN 431  Pipe nuts type B;03-apr;40431G3/4;
1139;A4;DIN 431;A4 DIN 431  Pipe nuts type B;1;40431G1;
1139;A4;DIN 431;A4 DIN 431  Pipe nuts type B;"1""1/4";40431G11/4;
1139;A4;DIN 431;A4 DIN 431  Pipe nuts type B;"1""1/2";40431G11/2;
1139;A4;DIN 431;A4 DIN 431  Pipe nuts type B;"2""";40431G2;
1139;A4;ART. 25511 L;A4 ART. 25511  AFNOR serrated conical spring washers  type L;8;425511L8;
1139;A4;DIN 906 M;A4 DIN 906 M  Hex socket pipe w/conical metric thread;8X1;40906M8X1;
1139;A4;DIN 906 M;A4 DIN 906 M  Hex socket pipe w/conical metric thread;10X1;40906M10X1;
1139;A4;DIN 906 M;A4 DIN 906 M  Hex socket pipe w/conical metric thread;12X1,5;40906M12X1,5;
1139;A4;DIN 906 M;A4 DIN 906 M  Hex socket pipe w/conical metric thread;14X1,5;40906M14X1,5;
1139;A4;DIN 906 M;A4 DIN 906 M  Hex socket pipe w/conical metric thread;16X1,5;40906M16X1,5;
1139;A4;DIN 906 M;A4 DIN 906 M  Hex socket pipe w/conical metric thread;18X1,5;40906M18X1,5;
1139;A4;DIN 906 M;A4 DIN 906 M  Hex socket pipe w/conical metric thread;20X1,5;40906M20X1,5;
1139;A4;DIN 906 M;A4 DIN 906 M  Hex socket pipe w/conical metric thread;22X1,5;40906M22X1,5;
1139;A4;DIN 906 M;A4 DIN 906 M  Hex socket pipe w/conical metric thread;24X1,5;40906M24X1,5;
1139;A4;DIN 906 M;A4 DIN 906 M  Hex socket pipe w/conical metric thread;27X2;40906M27X2;
1139;A4;DIN 906 M;A4 DIN 906 M  Hex socket pipe w/conical metric thread;30X1,5;40906M30X1,5;
1139;A4;DIN 906 M;A4 DIN 906 M  Hex socket pipe w/conical metric thread;30X2;40906M30X2;
1139;A4;DIN 906 M;A4 DIN 906 M  Hex socket pipe w/conical metric thread;33X2;40906M33X2;
1139;A2;ISO 14580;A2 ISO 14580  Socket head cap sc.six lobe drive, TX;2X3;2145802X3;
1139;A2;ISO 14580;A2 ISO 14580  Socket head cap sc.six lobe drive, TX;2X4;2145802X4;
1139;A2;ISO 14580;A2 ISO 14580  Socket head cap sc.six lobe drive, TX;2X5;2145802X5;
1139;A2;ISO 14580;A2 ISO 14580  Socket head cap sc.six lobe drive, TX;2X6;2145802X6;
1139;A2;ISO 14580;A2 ISO 14580  Socket head cap sc.six lobe drive, TX;2X8;2145802X8;
1139;A2;ISO 14580;A2 ISO 14580  Socket head cap sc.six lobe drive, TX;2X10;2145802X10;
1139;A2;ISO 14580;A2 ISO 14580  Socket head cap sc.six lobe drive, TX;2X12;2145802X12;
1139;A2;ISO 14580;A2 ISO 14580  Socket head cap sc.six lobe drive, TX;2X14;2145802X14;
1139;A2;ISO 14580;A2 ISO 14580  Socket head cap sc.six lobe drive, TX;2X16;2145802X16;
1139;A2;ISO 14580;A2 ISO 14580  Socket head cap sc.six lobe drive, TX;2,5X3;2145802,5X3;
1139;A2;ISO 14580;A2 ISO 14580  Socket head cap sc.six lobe drive, TX;2,5X5;2145802,5X5;
1139;A2;ISO 14580;A2 ISO 14580  Socket head cap sc.six lobe drive, TX;2,5X8;2145802,5X8;
1139;A2;ISO 14580;A2 ISO 14580  Socket head cap sc.six lobe drive, TX;2,5X10;2145802,5X10;
1139;A2;ISO 14580;A2 ISO 14580  Socket head cap sc.six lobe drive, TX;2,5X12;2145802,5X12;
1139;A2;ISO 14580;A2 ISO 14580  Socket head cap sc.six lobe drive, TX;2,5X14;2145802,5X14;
1139;A2;ISO 14580;A2 ISO 14580  Socket head cap sc.six lobe drive, TX;2,5X16;2145802,5X16;
1139;A2;ISO 14580;A2 ISO 14580  Socket head cap sc.six lobe drive, TX;2,5X18;2145802,5X18;
1139;A2;ISO 14580;A2 ISO 14580  Socket head cap sc.six lobe drive, TX;3X4;2145803X4;
1139;A2;ISO 14580;A2 ISO 14580  Socket head cap sc.six lobe drive, TX;3X5;2145803X5;
1139;A2;ISO 14580;A2 ISO 14580  Socket head cap sc.six lobe drive, TX;3X8;2145803X8;
1139;A2;ISO 14580;A2 ISO 14580  Socket head cap sc.six lobe drive, TX;3X10;2145803X10;
1139;A2;ISO 14580;A2 ISO 14580  Socket head cap sc.six lobe drive, TX;3X12;2145803X12;
1139;A2;ISO 14580;A2 ISO 14580  Socket head cap sc.six lobe drive, TX;3X14;2145803X14;
1139;A2;ISO 14580;A2 ISO 14580  Socket head cap sc.six lobe drive, TX;3X16;2145803X16;
1139;A2;ISO 14580;A2 ISO 14580  Socket head cap sc.six lobe drive, TX;3X18;2145803X18;
1139;A2;ISO 14580;A2 ISO 14580  Socket head cap sc.six lobe drive, TX;3X20;2145803X20;
1139;A2;ISO 14580;A2 ISO 14580  Socket head cap sc.six lobe drive, TX;3X22;2145803X22;
1139;A2;ISO 14580;A2 ISO 14580  Socket head cap sc.six lobe drive, TX;3X25;2145803X25;
1139;A2;ISO 14580;A2 ISO 14580  Socket head cap sc.six lobe drive, TX;3X30;2145803X30;
1139;A2;ISO 14580;A2 ISO 14580  Socket head cap sc.six lobe drive, TX;4X5;2145804X5;
1139;A2;ISO 14580;A2 ISO 14580  Socket head cap sc.six lobe drive, TX;4X6;2145804X6;
1139;A2;ISO 14580;A2 ISO 14580  Socket head cap sc.six lobe drive, TX;4X8;2145804X8;
1139;A2;ISO 14580;A2 ISO 14580  Socket head cap sc.six lobe drive, TX;4X10;2145804X10;
1139;A2;ISO 14580;A2 ISO 14580  Socket head cap sc.six lobe drive, TX;4X12;2145804X12;
1139;A2;ISO 14580;A2 ISO 14580  Socket head cap sc.six lobe drive, TX;4X14;2145804X14;
1139;A2;ISO 14580;A2 ISO 14580  Socket head cap sc.six lobe drive, TX;4X16;2145804X16;
1139;A2;ISO 14580;A2 ISO 14580  Socket head cap sc.six lobe drive, TX;4X18;2145804X18;
1139;A2;ISO 14580;A2 ISO 14580  Socket head cap sc.six lobe drive, TX;4X20;2145804X20;
1139;A2;ISO 14580;A2 ISO 14580  Socket head cap sc.six lobe drive, TX;4X22;2145804X22;
1139;A2;ISO 14580;A2 ISO 14580  Socket head cap sc.six lobe drive, TX;4X25;2145804X25;
1139;A2;ISO 14580;A2 ISO 14580  Socket head cap sc.six lobe drive, TX;4X30;2145804X30;
1139;A2;ISO 14580;A2 ISO 14580  Socket head cap sc.six lobe drive, TX;4X35;2145804X35;
1139;A2;ISO 14580;A2 ISO 14580  Socket head cap sc.six lobe drive, TX;4X40;2145804X40;
1139;A2;ISO 14580;A2 ISO 14580  Socket head cap sc.six lobe drive, TX;5X6;2145805X6;
1139;A2;ISO 14580;A2 ISO 14580  Socket head cap sc.six lobe drive, TX;5X8;2145805X8;
1139;A2;ISO 14580;A2 ISO 14580  Socket head cap sc.six lobe drive, TX;5X10;2145805X10;
1139;A2;ISO 14580;A2 ISO 14580  Socket head cap sc.six lobe drive, TX;5X12;2145805X12;
1139;A2;ISO 14580;A2 ISO 14580  Socket head cap sc.six lobe drive, TX;5X16;2145805X16;
1139;A2;ISO 14580;A2 ISO 14580  Socket head cap sc.six lobe drive, TX;5X20;2145805X20;
1139;A2;ISO 14580;A2 ISO 14580  Socket head cap sc.six lobe drive, TX;5X25;2145805X25;
1139;A2;ISO 14580;A2 ISO 14580  Socket head cap sc.six lobe drive, TX;5X30;2145805X30;
1139;A2;ISO 14580;A2 ISO 14580  Socket head cap sc.six lobe drive, TX;6X10;2145806X10;
1139;A2;ISO 14580;A2 ISO 14580  Socket head cap sc.six lobe drive, TX;6X12;2145806X12;
1139;A2;ISO 14580;A2 ISO 14580  Socket head cap sc.six lobe drive, TX;6X14;2145806X14;
1139;A2;ISO 14580;A2 ISO 14580  Socket head cap sc.six lobe drive, TX;6X16;2145806X16;
1139;A2;ISO 14580;A2 ISO 14580  Socket head cap sc.six lobe drive, TX;6X20;2145806X20;
1139;A2;ISO 14580;A2 ISO 14580  Socket head cap sc.six lobe drive, TX;6X25;2145806X25;
1139;A2;ISO 14580;A2 ISO 14580  Socket head cap sc.six lobe drive, TX;6X30;2145806X30;
1139;A2;ISO 14580;A2 ISO 14580  Socket head cap sc.six lobe drive, TX;6X35;2145806X35;
1139;A2;ISO 14580;A2 ISO 14580  Socket head cap sc.six lobe drive, TX;6X40;2145806X40;
1139;A2;ISO 14580;A2 ISO 14580  Socket head cap sc.six lobe drive, TX;6X45;2145806X45;
1139;A2;ISO 14580;A2 ISO 14580  Socket head cap sc.six lobe drive, TX;6X50;2145806X50;
1139;A2;ISO 14580;A2 ISO 14580  Socket head cap sc.six lobe drive, TX;8X10;2145808X10;
1139;A2;ISO 14580;A2 ISO 14580  Socket head cap sc.six lobe drive, TX;8X12;2145808X12;
1139;A2;ISO 14580;A2 ISO 14580  Socket head cap sc.six lobe drive, TX;8X16;2145808X16;
1139;A2;ISO 14580;A2 ISO 14580  Socket head cap sc.six lobe drive, TX;8X20;2145808X20;
1139;A2;ISO 14580;A2 ISO 14580  Socket head cap sc.six lobe drive, TX;8X22;2145808X22;
1139;A2;ISO 14580;A2 ISO 14580  Socket head cap sc.six lobe drive, TX;8X25;2145808X25;
1139;A2;ISO 14580;A2 ISO 14580  Socket head cap sc.six lobe drive, TX;8X30;2145808X30;
1139;A2;ISO 14580;A2 ISO 14580  Socket head cap sc.six lobe drive, TX;8X35;2145808X35;
1139;A2;ISO 14580;A2 ISO 14580  Socket head cap sc.six lobe drive, TX;8X40;2145808X40;
1139;A2;ISO 14580;A2 ISO 14580  Socket head cap sc.six lobe drive, TX;8X45;2145808X45;
1139;A2;ISO 14580;A2 ISO 14580  Socket head cap sc.six lobe drive, TX;8X50;2145808X50;
1139;A2;ISO 14580;A2 ISO 14580  Socket head cap sc.six lobe drive, TX;8X55;2145808X55;
1139;A2;ISO 14580;A2 ISO 14580  Socket head cap sc.six lobe drive, TX;8X60;2145808X60;
1139;A4;DIN 432;A4 DIN 432  Locking washers with external tab;22;4043222;
1139;A4;DIN 432;A4 DIN 432  Locking washers with external tab;27;4043227;
1139;A4;DIN 432;A4 DIN 432  Locking washers with external tab;33;4043233;
1139;A2;DIN 134;A2 DIN 134  Plain washers;3;201343;
1139;A2;DIN 134;A2 DIN 134  Plain washers;4;201344;
1139;A2;DIN 134;A2 DIN 134  Plain washers;5;201345;
1139;A2;DIN 134;A2 DIN 134  Plain washers;6;201346;
1139;A2;DIN 134;A2 DIN 134  Plain washers;8;201348;
1139;A2;DIN 134;A2 DIN 134  Plain washers;10;2013410;
1139;A2;DIN 134;A2 DIN 134  Plain washers;12;2013412;
1139;A2;DIN 134;A2 DIN 134  Plain washers;16;2013416;
1139;A2;DIN 134;A2 DIN 134  Plain washers;20;2013420;
1139;A4;DIN 7982 Z;A4 DIN 7982  Tapping screws countersunk Z;2,2X6,5;47982Z2,2X6,5;
1139;A4;DIN 7982 Z;A4 DIN 7982  Tapping screws countersunk Z;2,2X9,5;47982Z2,2X9,5;
1139;A4;DIN 7982 Z;A4 DIN 7982  Tapping screws countersunk Z;2,2X13;47982Z2,2X13;
1139;A4;DIN 7982 Z;A4 DIN 7982  Tapping screws countersunk Z;2,2X16;47982Z2,2X16;
1139;A4;DIN 7982 Z;A4 DIN 7982  Tapping screws countersunk Z;2,2X19;47982Z2,2X19;
1139;A4;DIN 7982 Z;A4 DIN 7982  Tapping screws countersunk Z;2,2X22;47982Z2,2X22;
1139;A4;DIN 7982 Z;A4 DIN 7982  Tapping screws countersunk Z;2,2X25;47982Z2,2X25;
1139;A4;DIN 7982 Z;A4 DIN 7982  Tapping screws countersunk Z;2,9X6,5;47982Z2,9X6,5;
1139;A4;DIN 7982 Z;A4 DIN 7982  Tapping screws countersunk Z;2,9X9,5;47982Z2,9X9,5;
1139;A4;DIN 7982 Z;A4 DIN 7982  Tapping screws countersunk Z;2,9X13;47982Z2,9X13;
1139;A4;DIN 7982 Z;A4 DIN 7982  Tapping screws countersunk Z;2,9X16;47982Z2,9X16;
1139;A4;DIN 7982 Z;A4 DIN 7982  Tapping screws countersunk Z;2,9X19;47982Z2,9X19;
1139;A4;DIN 7982 Z;A4 DIN 7982  Tapping screws countersunk Z;2,9X22;47982Z2,9X22;
1139;A4;DIN 7982 Z;A4 DIN 7982  Tapping screws countersunk Z;2,9X25;47982Z2,9X25;
1139;A4;DIN 7982 Z;A4 DIN 7982  Tapping screws countersunk Z;2,9X32;47982Z2,9X32;
1139;A4;DIN 7982 Z;A4 DIN 7982  Tapping screws countersunk Z;3,5X6,5;47982Z3,5X6,5;
1139;A4;DIN 7982 Z;A4 DIN 7982  Tapping screws countersunk Z;3,5X9,5;47982Z3,5X9,5;
1139;A4;DIN 7982 Z;A4 DIN 7982  Tapping screws countersunk Z;3,5X13;47982Z3,5X13;
1139;A4;DIN 7982 Z;A4 DIN 7982  Tapping screws countersunk Z;3,5X16;47982Z3,5X16;
1139;A4;DIN 7982 Z;A4 DIN 7982  Tapping screws countersunk Z;3,5X19;47982Z3,5X19;
1139;A4;DIN 7982 Z;A4 DIN 7982  Tapping screws countersunk Z;3,5X25;47982Z3,5X25;
1139;A4;DIN 7982 Z;A4 DIN 7982  Tapping screws countersunk Z;3,5X38;47982Z3,5X38;
1139;A4;DIN 7982 Z;A4 DIN 7982  Tapping screws countersunk Z;3,9X6,5;47982Z3,9X6,5;
1139;A4;DIN 7982 Z;A4 DIN 7982  Tapping screws countersunk Z;3,9X13;47982Z3,9X13;
1139;A4;DIN 7982 Z;A4 DIN 7982  Tapping screws countersunk Z;3,9X16;47982Z3,9X16;
1139;A4;DIN 7982 Z;A4 DIN 7982  Tapping screws countersunk Z;3,9X19;47982Z3,9X19;
1139;A4;DIN 7982 Z;A4 DIN 7982  Tapping screws countersunk Z;3,9X22;47982Z3,9X22;
1139;A4;DIN 7982 Z;A4 DIN 7982  Tapping screws countersunk Z;3,9X25;47982Z3,9X25;
1139;A4;DIN 7982 Z;A4 DIN 7982  Tapping screws countersunk Z;3,9X32;47982Z3,9X32;
1139;A4;DIN 7982 Z;A4 DIN 7982  Tapping screws countersunk Z;3,9X38;47982Z3,9X38;
1139;A4;DIN 7982 Z;A4 DIN 7982  Tapping screws countersunk Z;3,9X45;47982Z3,9X45;
1139;A4;DIN 7982 Z;A4 DIN 7982  Tapping screws countersunk Z;3,9X50;47982Z3,9X50;
1139;A4;DIN 7982 Z;A4 DIN 7982  Tapping screws countersunk Z;4,2X9,5;47982Z4,2X9,5;
1139;A4;DIN 7982 Z;A4 DIN 7982  Tapping screws countersunk Z;4,2X13;47982Z4,2X13;
1139;A4;DIN 7982 Z;A4 DIN 7982  Tapping screws countersunk Z;4,2X16;47982Z4,2X16;
1139;A4;DIN 7982 Z;A4 DIN 7982  Tapping screws countersunk Z;4,2X19;47982Z4,2X19;
1139;A4;DIN 7982 Z;A4 DIN 7982  Tapping screws countersunk Z;4,2X22;47982Z4,2X22;
1139;A4;DIN 7982 Z;A4 DIN 7982  Tapping screws countersunk Z;4,2X25;47982Z4,2X25;
1139;A4;DIN 7982 Z;A4 DIN 7982  Tapping screws countersunk Z;4,2X32;47982Z4,2X32;
1139;A4;DIN 7982 Z;A4 DIN 7982  Tapping screws countersunk Z;4,2X38;47982Z4,2X38;
1139;A4;DIN 7982 Z;A4 DIN 7982  Tapping screws countersunk Z;4,2X45;47982Z4,2X45;
1139;A4;DIN 7982 Z;A4 DIN 7982  Tapping screws countersunk Z;4,2X50;47982Z4,2X50;
1139;A4;DIN 7982 Z;A4 DIN 7982  Tapping screws countersunk Z;4,2X60;47982Z4,2X60;
1139;A4;DIN 7982 Z;A4 DIN 7982  Tapping screws countersunk Z;4,8X9,5;47982Z4,8X9,5;
1139;A4;DIN 7982 Z;A4 DIN 7982  Tapping screws countersunk Z;4,8X13;47982Z4,8X13;
1139;A4;DIN 7982 Z;A4 DIN 7982  Tapping screws countersunk Z;4,8X16;47982Z4,8X16;
1139;A4;DIN 7982 Z;A4 DIN 7982  Tapping screws countersunk Z;4,8X19;47982Z4,8X19;
1139;A4;DIN 7982 Z;A4 DIN 7982  Tapping screws countersunk Z;4,8X22;47982Z4,8X22;
1139;A4;DIN 7982 Z;A4 DIN 7982  Tapping screws countersunk Z;4,8X25;47982Z4,8X25;
1139;A4;DIN 7982 Z;A4 DIN 7982  Tapping screws countersunk Z;4,8X32;47982Z4,8X32;
1139;A4;DIN 7982 Z;A4 DIN 7982  Tapping screws countersunk Z;4,8X38;47982Z4,8X38;
1139;A4;DIN 7982 Z;A4 DIN 7982  Tapping screws countersunk Z;4,8X45;47982Z4,8X45;
1139;A4;DIN 7982 Z;A4 DIN 7982  Tapping screws countersunk Z;4,8X50;47982Z4,8X50;
1139;A4;DIN 7982 Z;A4 DIN 7982  Tapping screws countersunk Z;4,8X60;47982Z4,8X60;
1139;A4;DIN 7982 Z;A4 DIN 7982  Tapping screws countersunk Z;4,8X70;47982Z4,8X70;
1139;A4;DIN 7982 Z;A4 DIN 7982  Tapping screws countersunk Z;4,8X80;47982Z4,8X80;
1139;A4;DIN 7982 Z;A4 DIN 7982  Tapping screws countersunk Z;5,5X13;47982Z5,5X13;
1139;A4;DIN 7982 Z;A4 DIN 7982  Tapping screws countersunk Z;5,5X16;47982Z5,5X16;
1139;A4;DIN 7982 Z;A4 DIN 7982  Tapping screws countersunk Z;5,5X19;47982Z5,5X19;
1139;A4;DIN 7982 Z;A4 DIN 7982  Tapping screws countersunk Z;5,5X22;47982Z5,5X22;
1139;A4;DIN 7982 Z;A4 DIN 7982  Tapping screws countersunk Z;5,5X25;47982Z5,5X25;
1139;A4;DIN 7982 Z;A4 DIN 7982  Tapping screws countersunk Z;5,5X32;47982Z5,5X32;
1139;A4;DIN 7982 Z;A4 DIN 7982  Tapping screws countersunk Z;5,5X38;47982Z5,5X38;
1139;A4;DIN 7982 Z;A4 DIN 7982  Tapping screws countersunk Z;5,5X45;47982Z5,5X45;
1139;A4;DIN 7982 Z;A4 DIN 7982  Tapping screws countersunk Z;5,5X50;47982Z5,5X50;
1139;A4;DIN 7982 Z;A4 DIN 7982  Tapping screws countersunk Z;5,5X60;47982Z5,5X60;
1139;A4;DIN 7982 Z;A4 DIN 7982  Tapping screws countersunk Z;5,5X70;47982Z5,5X70;
1139;A4;DIN 7982 Z;A4 DIN 7982  Tapping screws countersunk Z;5,5X80;47982Z5,5X80;
1139;A4;DIN 7982 Z;A4 DIN 7982  Tapping screws countersunk Z;6,3X13;47982Z6,3X13;
1139;A4;DIN 7982 Z;A4 DIN 7982  Tapping screws countersunk Z;6,3X16;47982Z6,3X16;
1139;A4;DIN 7982 Z;A4 DIN 7982  Tapping screws countersunk Z;6,3X19;47982Z6,3X19;
1139;A4;DIN 7982 Z;A4 DIN 7982  Tapping screws countersunk Z;6,3X22;47982Z6,3X22;
1139;A4;DIN 7982 Z;A4 DIN 7982  Tapping screws countersunk Z;6,3X25;47982Z6,3X25;
1139;A4;DIN 7982 Z;A4 DIN 7982  Tapping screws countersunk Z;6,3X32;47982Z6,3X32;
1139;A4;DIN 7982 Z;A4 DIN 7982  Tapping screws countersunk Z;6,3X38;47982Z6,3X38;
1139;A4;DIN 7982 Z;A4 DIN 7982  Tapping screws countersunk Z;6,3X45;47982Z6,3X45;
1139;A4;DIN 7982 Z;A4 DIN 7982  Tapping screws countersunk Z;6,3X50;47982Z6,3X50;
1139;A4;DIN 7982 Z;A4 DIN 7982  Tapping screws countersunk Z;6,3X60;47982Z6,3X60;
1139;A4;DIN 7982 Z;A4 DIN 7982  Tapping screws countersunk Z;6,3X70;47982Z6,3X70;
1139;A4;DIN 7982 Z;A4 DIN 7982  Tapping screws countersunk Z;6,3X80;47982Z6,3X80;
1139;A4;sim. DIN 7505A PF;A4 sim. DIN 7505A  Chipboard screws CSK double head  HT Z;6X90/54;47505A6X90/54;
1139;A4;sim. DIN 7505A PF;A4 sim. DIN 7505A  Chipboard screws CSK double head  HT Z;6X100/70;47505A6X100/70;
1139;A4;sim. DIN 7505A PF;A4 sim. DIN 7505A  Chipboard screws CSK double head  HT Z;4X30/18;47505A4X30/18;
1139;A4;sim. DIN 7505A PF;A4 sim. DIN 7505A  Chipboard screws CSK double head  HT Z;3,5X30/18;47505A3,5X30/18;
1139;A2;ART. 2120;A2 ART. 2120  Rivet nuts flat head open type knurled;3X10;221203X10;
1139;A2;ART. 2120;A2 ART. 2120  Rivet nuts flat head open type knurled;4X10;221204X10;
1139;A2;ART. 2120;A2 ART. 2120  Rivet nuts flat head open type knurled;4X11,5;221204X11,5;
1139;A2;ART. 2120;A2 ART. 2120  Rivet nuts flat head open type knurled;5X12;221205X12;
1139;A2;ART. 2120;A2 ART. 2120  Rivet nuts flat head open type knurled;5X15;221205X15;
1139;A2;ART. 2120;A2 ART. 2120  Rivet nuts flat head open type knurled;6X14,5;221206X14,5;
1139;A2;ART. 2120;A2 ART. 2120  Rivet nuts flat head open type knurled;6X16;221206X16;
1139;A2;ART. 2120;A2 ART. 2120  Rivet nuts flat head open type knurled;8X16;221208X16;
1139;A2;ART. 2120;A2 ART. 2120  Rivet nuts flat head open type knurled;8X18,5;221208X18,5;
1139;A2;ART. 2120;A2 ART. 2120  Rivet nuts flat head open type knurled;10X17;2212010X17;
1139;A2;ART. 2120;A2 ART. 2120  Rivet nuts flat head open type knurled;10X22;2212010X22;
1139;A2;DIN 934 FP LH;A2 DIN 934  Hexagon nuts with left hand fine thread;10X1,25;20934LHFP10X1,25;
1139;A2;DIN 934 FP LH;A2 DIN 934  Hexagon nuts with left hand fine thread;16X1,5;20934LHFP16X1,5;
1139;A2;DIN 934 FP LH;A2 DIN 934  Hexagon nuts with left hand fine thread;20X1,5;20934LHFP20X1,5;
1139;A2;DIN 934 FP LH;A2 DIN 934  Hexagon nuts with left hand fine thread;24X2;20934LHFP24X2;
1139;A4;ISO 7089;A4 ISO 7089  Plain washers,normal series, 200HV;2;470892;
1139;A2;ART. 25514 L;A2 ART.25514  AFNOR washers type L;3;225514L3;
1139;A2;ART. 25514 L;A2 ART.25514  AFNOR washers type L;4;225514L4;
1139;A2;ART. 25514 L;A2 ART.25514  AFNOR washers type L;5;225514L5;
1139;A2;ART. 25514 L;A2 ART.25514  AFNOR washers type L;6;225514L6;
1139;A2;ART. 25514 L;A2 ART.25514  AFNOR washers type L;8;225514L8;
1139;A2;ART. 25514 L;A2 ART.25514  AFNOR washers type L;10;225514L10;
1139;A2;ART. 25514 L;A2 ART.25514  AFNOR washers type L;12;225514L12;
1139;A2;ART. 25514 L;A2 ART.25514  AFNOR washers type L;14;225514L14;
1139;A2;ART. 25514 L;A2 ART.25514  AFNOR washers type L;16;225514L16;
1139;A2;ART. 25514 L;A2 ART.25514  AFNOR washers type L;18;225514L18;
1139;A2;ART. 25514 L;A2 ART.25514  AFNOR washers type L;20;225514L20;
1139;A4;ART. 25514 M;A4 ART.25514  AFNOR washers type M;3;425514M3;
1139;A4;ART. 25514 M;A4 ART.25514  AFNOR washers type M;4;425514M4;
1139;A4;ART. 25514 M;A4 ART.25514  AFNOR washers type M;5;425514M5;
1139;A4;ART. 25514 M;A4 ART.25514  AFNOR washers type M;6;425514M6;
1139;A4;ART. 25514 M;A4 ART.25514  AFNOR washers type M;8;425514M8;
1139;A4;ART. 25514 M;A4 ART.25514  AFNOR washers type M;10;425514M10;
1139;A4;ART. 25514 M;A4 ART.25514  AFNOR washers type M;12;425514M12;
1139;A4;ART. 25514 M;A4 ART.25514  AFNOR washers type M;14;425514M14;
1139;A4;ART. 25514 M;A4 ART.25514  AFNOR washers type M;16;425514M16;
1139;A4;ART. 25514 M;A4 ART.25514  AFNOR washers type M;18;425514M18;
1139;A4;ART. 25514 M;A4 ART.25514  AFNOR washers type M;20;425514M20;
1139;A4;ART. 25514 M;A4 ART.25514  AFNOR washers type M;24;425514M24;
1139;A2;ART. 2129;A2 ART. 2129  Barconnectors, round coupler nuts;6X30;221296X30;
1139;A2;ART. 2129;A2 ART. 2129  Barconnectors, round coupler nuts;8X20;221298X20;
1139;A2;ART. 2129;A2 ART. 2129  Barconnectors, round coupler nuts;8X25;221298X25;
1139;A2;ART. 2129;A2 ART. 2129  Barconnectors, round coupler nuts;8X30;221298X30;
1139;A2;ART. 2129;A2 ART. 2129  Barconnectors, round coupler nuts;8X35;221298X35;
1139;A2;ART. 2129;A2 ART. 2129  Barconnectors, round coupler nuts;8X40;221298X40;
1139;A2;ART. 2129;A2 ART. 2129  Barconnectors, round coupler nuts;10X20;2212910X20;
1139;A2;ART. 2129;A2 ART. 2129  Barconnectors, round coupler nuts;10X25;2212910X25;
1139;A2;ART. 2129;A2 ART. 2129  Barconnectors, round coupler nuts;10X30;2212910X30;
1139;A2;ART. 2129;A2 ART. 2129  Barconnectors, round coupler nuts;16X40;2212916X40;
1139;A2;ART. 2129;A2 ART. 2129  Barconnectors, round coupler nuts;20X50;2212920X50;
1139;A2;ART. 2131;A2 ART. 2131  Plain washers,Karosserienscheiben;8,4X40X1,5;221318,4X40X1,5;
1139;A2;ART. 2131;A2 ART. 2131  Plain washers,Karosserienscheiben;8,4X40X3;221318,4X40X3;
1139;A2;ART. 2140;A2 ART. 2140  Rivet nuts with CSK head open type knurl;3X9;221403X9;
1139;A2;ART. 2140;A2 ART. 2140  Rivet nuts with CSK head open type knurl;4X11,5;221404X11,5;
1139;A2;ART. 2140;A2 ART. 2140  Rivet nuts with CSK head open type knurl;5X13,5;221405X13,5;
1139;A2;ART. 2140;A2 ART. 2140  Rivet nuts with CSK head open type knurl;6X16;221406X16;
1139;A2;ART. 2140;A2 ART. 2140  Rivet nuts with CSK head open type knurl;8X19;221408X19;
1139;A2;ART. 2140;A2 ART. 2140  Rivet nuts with CSK head open type knurl;10X21;2214010X21;
1139;A2;DIN 705;A2 DIN 705  Adjusting rings incl. set screws Din 914;5;207055;
1139;A2;DIN 705;A2 DIN 705  Adjusting rings incl. set screws Din 914;6;207056;
1139;A2;DIN 705;A2 DIN 705  Adjusting rings incl. set screws Din 914;8;207058;
1139;A2;DIN 705;A2 DIN 705  Adjusting rings incl. set screws Din 914;10;2070510;
1139;A2;DIN 705;A2 DIN 705  Adjusting rings incl. set screws Din 914;11;2070511;
1139;A2;DIN 705;A2 DIN 705  Adjusting rings incl. set screws Din 914;12;2070512;
1139;A2;DIN 705;A2 DIN 705  Adjusting rings incl. set screws Din 914;13;2070513;
1139;A2;DIN 705;A2 DIN 705  Adjusting rings incl. set screws Din 914;14;2070514;
1139;A2;DIN 705;A2 DIN 705  Adjusting rings incl. set screws Din 914;15;2070515;
1139;A2;DIN 705;A2 DIN 705  Adjusting rings incl. set screws Din 914;18;2070518;
1139;A2;DIN 705;A2 DIN 705  Adjusting rings incl. set screws Din 914;25;2070525;
1139;A2;DIN 705;A2 DIN 705  Adjusting rings incl. set screws Din 914;28;2070528;
1139;A2;DIN 705;A2 DIN 705  Adjusting rings incl. set screws Din 914;30;2070530;
1139;A2;DIN 705;A2 DIN 705  Adjusting rings incl. set screws Din 914;35;2070535;
1139;A2;DIN 705;A2 DIN 705  Adjusting rings incl. set screws Din 914;40;2070540;
1139;A2;DIN 705;A2 DIN 705  Adjusting rings incl. set screws Din 914;45;2070545;
1139;A2;DIN 705;A2 DIN 705  Adjusting rings incl. set screws Din 914;50;2070550;
1139;A2;DIN 705;A2 DIN 705  Adjusting rings incl. set screws Din 914;60;2070560;
1139;A2;DIN 705;A2 DIN 705  Adjusting rings incl. set screws Din 914;70;2070570;
1139;A2;ISO 13918;A2 ISO 13918  Welding studs type PT;3X6;2139183X6;
1139;A2;ISO 13918;A2 ISO 13918  Welding studs type PT;3X8;2139183X8;
1139;A2;ISO 13918;A2 ISO 13918  Welding studs type PT;3X10;2139183X10;
1139;A2;ISO 13918;A2 ISO 13918  Welding studs type PT;3X12;2139183X12;
1139;A2;ISO 13918;A2 ISO 13918  Welding studs type PT;3X16;2139183X16;
1139;A2;ISO 13918;A2 ISO 13918  Welding studs type PT;3X20;2139183X20;
1139;A2;ISO 13918;A2 ISO 13918  Welding studs type PT;3X25;2139183X25;
1139;A2;ISO 13918;A2 ISO 13918  Welding studs type PT;3X30;2139183X30;
1139;A2;ISO 13918;A2 ISO 13918  Welding studs type PT;3X35;2139183X35;
1139;A2;ISO 13918;A2 ISO 13918  Welding studs type PT;3X40;2139183X40;
1139;A2;ISO 13918;A2 ISO 13918  Welding studs type PT;4X8;2139184X8;
1139;A2;ISO 13918;A2 ISO 13918  Welding studs type PT;4X10;2139184X10;
1139;A2;ISO 13918;A2 ISO 13918  Welding studs type PT;4X12;2139184X12;
1139;A2;ISO 13918;A2 ISO 13918  Welding studs type PT;4X16;2139184X16;
1139;A2;ISO 13918;A2 ISO 13918  Welding studs type PT;4X20;2139184X20;
1139;A2;ISO 13918;A2 ISO 13918  Welding studs type PT;4X25;2139184X25;
1139;A2;ISO 13918;A2 ISO 13918  Welding studs type PT;4X30;2139184X30;
1139;A2;ISO 13918;A2 ISO 13918  Welding studs type PT;4X35;2139184X35;
1139;A2;ISO 13918;A2 ISO 13918  Welding studs type PT;4X40;2139184X40;
1139;A2;ISO 13918;A2 ISO 13918  Welding studs type PT;4X45;2139184X45;
1139;A2;ISO 13918;A2 ISO 13918  Welding studs type PT;4X50;2139184X50;
1139;A2;ISO 13918;A2 ISO 13918  Welding studs type PT;5X8;2139185X8;
1139;A2;ISO 13918;A2 ISO 13918  Welding studs type PT;5X10;2139185X10;
1139;A2;ISO 13918;A2 ISO 13918  Welding studs type PT;5X12;2139185X12;
1139;A2;ISO 13918;A2 ISO 13918  Welding studs type PT;5X16;2139185X16;
1139;A2;ISO 13918;A2 ISO 13918  Welding studs type PT;5X20;2139185X20;
1139;A2;ISO 13918;A2 ISO 13918  Welding studs type PT;5X25;2139185X25;
1139;A2;ISO 13918;A2 ISO 13918  Welding studs type PT;5X30;2139185X30;
1139;A2;ISO 13918;A2 ISO 13918  Welding studs type PT;5X35;2139185X35;
1139;A2;ISO 13918;A2 ISO 13918  Welding studs type PT;5X40;2139185X40;
1139;A2;ISO 13918;A2 ISO 13918  Welding studs type PT;5X45;2139185X45;
1139;A2;ISO 13918;A2 ISO 13918  Welding studs type PT;5X50;2139185X50;
1139;A2;ISO 13918;A2 ISO 13918  Welding studs type PT;6X8;2139186X8;
1139;A2;ISO 13918;A2 ISO 13918  Welding studs type PT;6X10;2139186X10;
1139;A2;ISO 13918;A2 ISO 13918  Welding studs type PT;6X12;2139186X12;
1139;A2;ISO 13918;A2 ISO 13918  Welding studs type PT;6X16;2139186X16;
1139;A2;ISO 13918;A2 ISO 13918  Welding studs type PT;6X20;2139186X20;
1139;A2;ISO 13918;A2 ISO 13918  Welding studs type PT;6X25;2139186X25;
1139;A2;ISO 13918;A2 ISO 13918  Welding studs type PT;6X30;2139186X30;
1139;A2;ISO 13918;A2 ISO 13918  Welding studs type PT;6X35;2139186X35;
1139;A2;ISO 13918;A2 ISO 13918  Welding studs type PT;6X40;2139186X40;
1139;A2;ISO 13918;A2 ISO 13918  Welding studs type PT;6X45;2139186X45;
1139;A2;ISO 13918;A2 ISO 13918  Welding studs type PT;6X50;2139186X50;
1139;A2;ISO 13918;A2 ISO 13918  Welding studs type PT;6X55;2139186X55;
1139;A2;ISO 13918;A2 ISO 13918  Welding studs type PT;6X60;2139186X60;
1139;A2;ISO 13918;A2 ISO 13918  Welding studs type PT;8X10;2139188X10;
1139;A2;ISO 13918;A2 ISO 13918  Welding studs type PT;8X12;2139188X12;
1139;A2;ISO 13918;A2 ISO 13918  Welding studs type PT;8X16;2139188X16;
1139;A2;ISO 13918;A2 ISO 13918  Welding studs type PT;8X20;2139188X20;
1139;A2;ISO 13918;A2 ISO 13918  Welding studs type PT;8X25;2139188X25;
1139;A2;ISO 13918;A2 ISO 13918  Welding studs type PT;8X30;2139188X30;
1139;A2;ISO 13918;A2 ISO 13918  Welding studs type PT;8X35;2139188X35;
1139;A2;ISO 13918;A2 ISO 13918  Welding studs type PT;8X40;2139188X40;
1139;A2;ISO 13918;A2 ISO 13918  Welding studs type PT;8X45;2139188X45;
1139;A2;ISO 13918;A2 ISO 13918  Welding studs type PT;8X50;2139188X50;
1139;A2;ISO 13918;A2 ISO 13918  Welding studs type PT;8X60;2139188X60;
1139;A4;DIN 463;A4 DIN 463  Tab washers with two tabs;18;4046318;
1139;A4;DIN 463;A4 DIN 463  Tab washers with two tabs;33;4046333;
1139;A2;ART. 2152;A2 ART. 2152  Hexagon insert press nuts;5;221525;
1139;A2;ART. 2152;A2 ART. 2152  Hexagon insert press nuts;6;221526;
1139;A2;ART. 2152;A2 ART. 2152  Hexagon insert press nuts;8;221528;
1139;A2;ART. 2152;A2 ART. 2152  Hexagon insert press nuts;10;2215210;
1139;A2;ART. 2152;A2 ART. 2152  Hexagon insert press nuts;12;2215212;
1139;A2;ART. 2152;A2 ART. 2152  Hexagon insert press nuts;16;2215216;
1139;A2;ART. 2161;A2 ART. 2161  Rivet nuts w/small CSK head open type kn;3X9;221613X9;
1139;A2;ART. 2161;A2 ART. 2161  Rivet nuts w/small CSK head open type kn;4X10;221614X10;
1139;A2;ART. 2161;A2 ART. 2161  Rivet nuts w/small CSK head open type kn;5X11,5;221615X11,5;
1139;A2;ART. 2161;A2 ART. 2161  Rivet nuts w/small CSK head open type kn;6X14;221616X14;
1139;A2;ART. 2161;A2 ART. 2161  Rivet nuts w/small CSK head open type kn;8X15,5;221618X15,5;
1139;A2;ART. 2161;A2 ART. 2161  Rivet nuts w/small CSK head open type kn;10X19,5;2216110X19,5;
1139;A4;DIN 6923 NS;A4 DIN 6923  Hexagon flange nuts WITHOUT serration;NS4;46923NS4;
1139;A4;DIN 6923 NS;A4 DIN 6923  Hexagon flange nuts WITHOUT serration;NS8;46923NS8;
1139;A4;DIN 7981 Z;A4 DIN 7981  Recessed pan head self tapping screws Z;2,2X6,5;47981Z2,2X6,5;
1139;A4;DIN 7981 Z;A4 DIN 7981  Recessed pan head self tapping screws Z;2,2X9,5;47981Z2,2X9,5;
1139;A4;DIN 7981 Z;A4 DIN 7981  Recessed pan head self tapping screws Z;2,2X13;47981Z2,2X13;
1139;A4;DIN 7981 Z;A4 DIN 7981  Recessed pan head self tapping screws Z;2,2X16;47981Z2,2X16;
1139;A4;DIN 7981 Z;A4 DIN 7981  Recessed pan head self tapping screws Z;2,2X19;47981Z2,2X19;
1139;A4;DIN 7981 Z;A4 DIN 7981  Recessed pan head self tapping screws Z;2,2X22;47981Z2,2X22;
1139;A4;DIN 7981 Z;A4 DIN 7981  Recessed pan head self tapping screws Z;2,2X25;47981Z2,2X25;
1139;A4;DIN 7981 Z;A4 DIN 7981  Recessed pan head self tapping screws Z;2,9X6,5;47981Z2,9X6,5;
1139;A4;DIN 7981 Z;A4 DIN 7981  Recessed pan head self tapping screws Z;2,9X9,5;47981Z2,9X9,5;
1139;A4;DIN 7981 Z;A4 DIN 7981  Recessed pan head self tapping screws Z;2,9X13;47981Z2,9X13;
1139;A4;DIN 7981 Z;A4 DIN 7981  Recessed pan head self tapping screws Z;2,9X16;47981Z2,9X16;
1139;A4;DIN 7981 Z;A4 DIN 7981  Recessed pan head self tapping screws Z;2,9X19;47981Z2,9X19;
1139;A4;DIN 7981 Z;A4 DIN 7981  Recessed pan head self tapping screws Z;2,9X25;47981Z2,9X25;
1139;A4;DIN 7981 Z;A4 DIN 7981  Recessed pan head self tapping screws Z;2,9X32;47981Z2,9X32;
1139;A4;DIN 7981 Z;A4 DIN 7981  Recessed pan head self tapping screws Z;3,9X6,5;47981Z3,9X6,5;
1139;A4;DIN 7981 Z;A4 DIN 7981  Recessed pan head self tapping screws Z;3,9X9,5;47981Z3,9X9,5;
1139;A4;DIN 7981 Z;A4 DIN 7981  Recessed pan head self tapping screws Z;3,9X13;47981Z3,9X13;
1139;A4;DIN 7981 Z;A4 DIN 7981  Recessed pan head self tapping screws Z;3,9X16;47981Z3,9X16;
1139;A4;DIN 7981 Z;A4 DIN 7981  Recessed pan head self tapping screws Z;3,9X19;47981Z3,9X19;
1139;A4;DIN 7981 Z;A4 DIN 7981  Recessed pan head self tapping screws Z;3,9X22;47981Z3,9X22;
1139;A4;DIN 7981 Z;A4 DIN 7981  Recessed pan head self tapping screws Z;3,9X25;47981Z3,9X25;
1139;A4;DIN 7981 Z;A4 DIN 7981  Recessed pan head self tapping screws Z;3,9X32;47981Z3,9X32;
1139;A4;DIN 7981 Z;A4 DIN 7981  Recessed pan head self tapping screws Z;3,9X38;47981Z3,9X38;
1139;A4;DIN 7981 Z;A4 DIN 7981  Recessed pan head self tapping screws Z;3,9X45;47981Z3,9X45;
1139;A4;DIN 7981 Z;A4 DIN 7981  Recessed pan head self tapping screws Z;3,9X50;47981Z3,9X50;
1139;A4;DIN 7981 Z;A4 DIN 7981  Recessed pan head self tapping screws Z;4,2X9,5;47981Z4,2X9,5;
1139;A4;DIN 7981 Z;A4 DIN 7981  Recessed pan head self tapping screws Z;4,2X13;47981Z4,2X13;
1139;A4;DIN 7981 Z;A4 DIN 7981  Recessed pan head self tapping screws Z;4,2X16;47981Z4,2X16;
1139;A4;DIN 7981 Z;A4 DIN 7981  Recessed pan head self tapping screws Z;4,2X19;47981Z4,2X19;
1139;A4;DIN 7981 Z;A4 DIN 7981  Recessed pan head self tapping screws Z;4,2X22;47981Z4,2X22;
1139;A4;DIN 7981 Z;A4 DIN 7981  Recessed pan head self tapping screws Z;4,2X25;47981Z4,2X25;
1139;A4;DIN 7981 Z;A4 DIN 7981  Recessed pan head self tapping screws Z;4,2X32;47981Z4,2X32;
1139;A4;DIN 7981 Z;A4 DIN 7981  Recessed pan head self tapping screws Z;4,2X38;47981Z4,2X38;
1139;A4;DIN 7981 Z;A4 DIN 7981  Recessed pan head self tapping screws Z;4,2X45;47981Z4,2X45;
1139;A4;DIN 7981 Z;A4 DIN 7981  Recessed pan head self tapping screws Z;4,2X50;47981Z4,2X50;
1139;A4;DIN 7981 Z;A4 DIN 7981  Recessed pan head self tapping screws Z;4,2X60;47981Z4,2X60;
1139;A4;DIN 7981 Z;A4 DIN 7981  Recessed pan head self tapping screws Z;4,8X9,5;47981Z4,8X9,5;
1139;A4;DIN 7981 Z;A4 DIN 7981  Recessed pan head self tapping screws Z;4,8X13;47981Z4,8X13;
1139;A4;DIN 7981 Z;A4 DIN 7981  Recessed pan head self tapping screws Z;4,8X16;47981Z4,8X16;
1139;A4;DIN 7981 Z;A4 DIN 7981  Recessed pan head self tapping screws Z;4,8X19;47981Z4,8X19;
1139;A4;DIN 7981 Z;A4 DIN 7981  Recessed pan head self tapping screws Z;4,8X22;47981Z4,8X22;
1139;A4;DIN 7981 Z;A4 DIN 7981  Recessed pan head self tapping screws Z;4,8X25;47981Z4,8X25;
1139;A4;DIN 7981 Z;A4 DIN 7981  Recessed pan head self tapping screws Z;4,8X32;47981Z4,8X32;
1139;A4;DIN 7981 Z;A4 DIN 7981  Recessed pan head self tapping screws Z;4,8X38;47981Z4,8X38;
1139;A4;DIN 7981 Z;A4 DIN 7981  Recessed pan head self tapping screws Z;4,8X45;47981Z4,8X45;
1139;A4;DIN 7981 Z;A4 DIN 7981  Recessed pan head self tapping screws Z;4,8X50;47981Z4,8X50;
1139;A4;DIN 7981 Z;A4 DIN 7981  Recessed pan head self tapping screws Z;4,8X60;47981Z4,8X60;
1139;A4;DIN 7981 Z;A4 DIN 7981  Recessed pan head self tapping screws Z;4,8X70;47981Z4,8X70;
1139;A4;DIN 7981 Z;A4 DIN 7981  Recessed pan head self tapping screws Z;4,8X80;47981Z4,8X80;
1139;A4;DIN 7981 Z;A4 DIN 7981  Recessed pan head self tapping screws Z;5,5X13;47981Z5,5X13;
1139;A4;DIN 7981 Z;A4 DIN 7981  Recessed pan head self tapping screws Z;5,5X16;47981Z5,5X16;
1139;A4;DIN 7981 Z;A4 DIN 7981  Recessed pan head self tapping screws Z;5,5X19;47981Z5,5X19;
1139;A4;DIN 7981 Z;A4 DIN 7981  Recessed pan head self tapping screws Z;5,5X22;47981Z5,5X22;
1139;A4;DIN 7981 Z;A4 DIN 7981  Recessed pan head self tapping screws Z;5,5X25;47981Z5,5X25;
1139;A4;DIN 7981 Z;A4 DIN 7981  Recessed pan head self tapping screws Z;5,5X32;47981Z5,5X32;
1139;A4;DIN 7981 Z;A4 DIN 7981  Recessed pan head self tapping screws Z;5,5X38;47981Z5,5X38;
1139;A4;DIN 7981 Z;A4 DIN 7981  Recessed pan head self tapping screws Z;5,5X45;47981Z5,5X45;
1139;A4;DIN 7981 Z;A4 DIN 7981  Recessed pan head self tapping screws Z;5,5X50;47981Z5,5X50;
1139;A4;DIN 7981 Z;A4 DIN 7981  Recessed pan head self tapping screws Z;5,5X60;47981Z5,5X60;
1139;A4;DIN 7981 Z;A4 DIN 7981  Recessed pan head self tapping screws Z;5,5X70;47981Z5,5X70;
1139;A4;DIN 7981 Z;A4 DIN 7981  Recessed pan head self tapping screws Z;5,5X80;47981Z5,5X80;
1139;A4;DIN 7981 Z;A4 DIN 7981  Recessed pan head self tapping screws Z;6,3X13;47981Z6,3X13;
1139;A4;DIN 7981 Z;A4 DIN 7981  Recessed pan head self tapping screws Z;6,3X16;47981Z6,3X16;
1139;A4;DIN 7981 Z;A4 DIN 7981  Recessed pan head self tapping screws Z;6,3X19;47981Z6,3X19;
1139;A4;DIN 7981 Z;A4 DIN 7981  Recessed pan head self tapping screws Z;6,3X22;47981Z6,3X22;
1139;A4;DIN 7981 Z;A4 DIN 7981  Recessed pan head self tapping screws Z;6,3X25;47981Z6,3X25;
1139;A4;DIN 7981 Z;A4 DIN 7981  Recessed pan head self tapping screws Z;6,3X32;47981Z6,3X32;
1139;A4;DIN 7981 Z;A4 DIN 7981  Recessed pan head self tapping screws Z;6,3X38;47981Z6,3X38;
1139;A4;DIN 7981 Z;A4 DIN 7981  Recessed pan head self tapping screws Z;6,3X45;47981Z6,3X45;
1139;A4;DIN 7981 Z;A4 DIN 7981  Recessed pan head self tapping screws Z;6,3X50;47981Z6,3X50;
1139;A4;DIN 7981 Z;A4 DIN 7981  Recessed pan head self tapping screws Z;6,3X60;47981Z6,3X60;
1139;A4;DIN 7981 Z;A4 DIN 7981  Recessed pan head self tapping screws Z;6,3X70;47981Z6,3X70;
1139;A4;DIN 7981 Z;A4 DIN 7981  Recessed pan head self tapping screws Z;6,3X80;47981Z6,3X80;
1139;A2;DIN 440 V;A2 DIN 440 V  Washers for wood construction type V;5;20440V5;
1139;A2;DIN 440 V;A2 DIN 440 V  Washers for wood construction type V;6;20440V6;
1139;A2;DIN 440 V;A2 DIN 440 V  Washers for wood construction type V;10;20440V10;
1139;A2;DIN 440 V;A2 DIN 440 V  Washers for wood construction type V;12;20440V12;
1139;A2;DIN 440 V;A2 DIN 440 V  Washers for wood construction type V;16;20440V16;
1139;A2;DIN 440 V;A2 DIN 440 V  Washers for wood construction type V;20;20440V20;
1139;A4;DIN 1;A4 DIN 1  Taper pins;6X30;400016X30;
1139;A4;DIN 908 M;A4 DIN 908 M  Hex socket plug w/collar & cylindr. m.t.;8X1;40908M8X1;
1139;A4;DIN 908 M;A4 DIN 908 M  Hex socket plug w/collar & cylindr. m.t.;10X1;40908M10X1;
1139;A4;DIN 908 M;A4 DIN 908 M  Hex socket plug w/collar & cylindr. m.t.;18X1,5;40908M18X1,5;
1139;A4;DIN 908 M;A4 DIN 908 M  Hex socket plug w/collar & cylindr. m.t.;20X1,5;40908M20X1,5;
1139;A4;DIN 908 M;A4 DIN 908 M  Hex socket plug w/collar & cylindr. m.t.;24X1,5;40908M24X1,5;
1139;AISI 316;DIN 7989;AISI 316 DIN 7989  Washers for steel construction;16;4798916;
1139;A2;ART. 1310;A2 ART. 1310  All-metal prevailing torque type hex nut;8;213108;
1139;A4;ART. 8245;A4 ART. 8245  Rigging Screw,welded,closed body,jaw/jaw;12;4824512;
1139;A4;ISO 14580;A4 ISO 14580  Socket head cap sc.six lobe drive, TX;2X3;4145802X3;
1139;A4;ISO 14580;A4 ISO 14580  Socket head cap sc.six lobe drive, TX;2X4;4145802X4;
1139;A4;ISO 14580;A4 ISO 14580  Socket head cap sc.six lobe drive, TX;2X5;4145802X5;
1139;A4;ISO 14580;A4 ISO 14580  Socket head cap sc.six lobe drive, TX;2X6;4145802X6;
1139;A4;ISO 14580;A4 ISO 14580  Socket head cap sc.six lobe drive, TX;2X8;4145802X8;
1139;A4;ISO 14580;A4 ISO 14580  Socket head cap sc.six lobe drive, TX;2X10;4145802X10;
1139;A4;ISO 14580;A4 ISO 14580  Socket head cap sc.six lobe drive, TX;2X12;4145802X12;
1139;A4;ISO 14580;A4 ISO 14580  Socket head cap sc.six lobe drive, TX;2X14;4145802X14;
1139;A4;ISO 14580;A4 ISO 14580  Socket head cap sc.six lobe drive, TX;2X16;4145802X16;
1139;A4;ISO 14580;A4 ISO 14580  Socket head cap sc.six lobe drive, TX;2X18;4145802X18;
1139;A4;ISO 14580;A4 ISO 14580  Socket head cap sc.six lobe drive, TX;2X20;4145802X20;
1139;A4;ISO 14580;A4 ISO 14580  Socket head cap sc.six lobe drive, TX;2,5X3;4145802,5X3;
1139;A4;ISO 14580;A4 ISO 14580  Socket head cap sc.six lobe drive, TX;2,5X4;4145802,5X4;
1139;A4;ISO 14580;A4 ISO 14580  Socket head cap sc.six lobe drive, TX;2,5X5;4145802,5X5;
1139;A4;ISO 14580;A4 ISO 14580  Socket head cap sc.six lobe drive, TX;2,5X6;4145802,5X6;
1139;A4;ISO 14580;A4 ISO 14580  Socket head cap sc.six lobe drive, TX;2,5X8;4145802,5X8;
1139;A4;ISO 14580;A4 ISO 14580  Socket head cap sc.six lobe drive, TX;2,5X10;4145802,5X10;
1139;A4;ISO 14580;A4 ISO 14580  Socket head cap sc.six lobe drive, TX;2,5X12;4145802,5X12;
1139;A4;ISO 14580;A4 ISO 14580  Socket head cap sc.six lobe drive, TX;2,5X14;4145802,5X14;
1139;A4;ISO 14580;A4 ISO 14580  Socket head cap sc.six lobe drive, TX;2,5X16;4145802,5X16;
1139;A4;ISO 14580;A4 ISO 14580  Socket head cap sc.six lobe drive, TX;2,5X18;4145802,5X18;
1139;A4;ISO 14580;A4 ISO 14580  Socket head cap sc.six lobe drive, TX;2,5X20;4145802,5X20;
1139;A4;ISO 14580;A4 ISO 14580  Socket head cap sc.six lobe drive, TX;3X4;4145803X4;
1139;A4;ISO 14580;A4 ISO 14580  Socket head cap sc.six lobe drive, TX;3X5;4145803X5;
1139;A4;ISO 14580;A4 ISO 14580  Socket head cap sc.six lobe drive, TX;3X6;4145803X6;
1139;A4;ISO 14580;A4 ISO 14580  Socket head cap sc.six lobe drive, TX;3X8;4145803X8;
1139;A4;ISO 14580;A4 ISO 14580  Socket head cap sc.six lobe drive, TX;3X10;4145803X10;
1139;A4;ISO 14580;A4 ISO 14580  Socket head cap sc.six lobe drive, TX;3X12;4145803X12;
1139;A4;ISO 14580;A4 ISO 14580  Socket head cap sc.six lobe drive, TX;3X14;4145803X14;
1139;A4;ISO 14580;A4 ISO 14580  Socket head cap sc.six lobe drive, TX;3X16;4145803X16;
1139;A4;ISO 14580;A4 ISO 14580  Socket head cap sc.six lobe drive, TX;3X18;4145803X18;
1139;A4;ISO 14580;A4 ISO 14580  Socket head cap sc.six lobe drive, TX;3X20;4145803X20;
1139;A4;ISO 14580;A4 ISO 14580  Socket head cap sc.six lobe drive, TX;3X22;4145803X22;
1139;A4;ISO 14580;A4 ISO 14580  Socket head cap sc.six lobe drive, TX;3X25;4145803X25;
1139;A4;ISO 14580;A4 ISO 14580  Socket head cap sc.six lobe drive, TX;3X30;4145803X30;
1139;A4;ISO 14580;A4 ISO 14580  Socket head cap sc.six lobe drive, TX;4X5;4145804X5;
1139;A4;ISO 14580;A4 ISO 14580  Socket head cap sc.six lobe drive, TX;4X6;4145804X6;
1139;A4;ISO 14580;A4 ISO 14580  Socket head cap sc.six lobe drive, TX;4X8;4145804X8;
1139;A4;ISO 14580;A4 ISO 14580  Socket head cap sc.six lobe drive, TX;4X10;4145804X10;
1139;A4;ISO 14580;A4 ISO 14580  Socket head cap sc.six lobe drive, TX;4X12;4145804X12;
1139;A4;ISO 14580;A4 ISO 14580  Socket head cap sc.six lobe drive, TX;4X16;4145804X16;
1139;A4;ISO 14580;A4 ISO 14580  Socket head cap sc.six lobe drive, TX;4X18;4145804X18;
1139;A4;ISO 14580;A4 ISO 14580  Socket head cap sc.six lobe drive, TX;4X20;4145804X20;
1139;A4;ISO 14580;A4 ISO 14580  Socket head cap sc.six lobe drive, TX;4X25;4145804X25;
1139;A4;ISO 14580;A4 ISO 14580  Socket head cap sc.six lobe drive, TX;4X30;4145804X30;
1139;A4;ISO 14580;A4 ISO 14580  Socket head cap sc.six lobe drive, TX;4X35;4145804X35;
1139;A4;ISO 14580;A4 ISO 14580  Socket head cap sc.six lobe drive, TX;4X40;4145804X40;
1139;A4;ISO 14580;A4 ISO 14580  Socket head cap sc.six lobe drive, TX;5X6;4145805X6;
1139;A4;ISO 14580;A4 ISO 14580  Socket head cap sc.six lobe drive, TX;5X8;4145805X8;
1139;A4;ISO 14580;A4 ISO 14580  Socket head cap sc.six lobe drive, TX;5X10;4145805X10;
1139;A4;ISO 14580;A4 ISO 14580  Socket head cap sc.six lobe drive, TX;5X12;4145805X12;
1139;A4;ISO 14580;A4 ISO 14580  Socket head cap sc.six lobe drive, TX;5X14;4145805X14;
1139;A4;ISO 14580;A4 ISO 14580  Socket head cap sc.six lobe drive, TX;5X16;4145805X16;
1139;A4;ISO 14580;A4 ISO 14580  Socket head cap sc.six lobe drive, TX;5X20;4145805X20;
1139;A4;ISO 14580;A4 ISO 14580  Socket head cap sc.six lobe drive, TX;5X25;4145805X25;
1139;A4;ISO 14580;A4 ISO 14580  Socket head cap sc.six lobe drive, TX;5X30;4145805X30;
1139;A4;ISO 14580;A4 ISO 14580  Socket head cap sc.six lobe drive, TX;5X35;4145805X35;
1139;A4;ISO 14580;A4 ISO 14580  Socket head cap sc.six lobe drive, TX;5X40;4145805X40;
1139;A4;ISO 14580;A4 ISO 14580  Socket head cap sc.six lobe drive, TX;5X45;4145805X45;
1139;A4;ISO 14580;A4 ISO 14580  Socket head cap sc.six lobe drive, TX;5X50;4145805X50;
1139;A4;ISO 14580;A4 ISO 14580  Socket head cap sc.six lobe drive, TX;6X8;4145806X8;
1139;A4;ISO 14580;A4 ISO 14580  Socket head cap sc.six lobe drive, TX;6X10;4145806X10;
1139;A4;ISO 14580;A4 ISO 14580  Socket head cap sc.six lobe drive, TX;6X12;4145806X12;
1139;A4;ISO 14580;A4 ISO 14580  Socket head cap sc.six lobe drive, TX;6X16;4145806X16;
1139;A4;ISO 14580;A4 ISO 14580  Socket head cap sc.six lobe drive, TX;6X20;4145806X20;
1139;A4;ISO 14580;A4 ISO 14580  Socket head cap sc.six lobe drive, TX;6X25;4145806X25;
1139;A4;ISO 14580;A4 ISO 14580  Socket head cap sc.six lobe drive, TX;6X30;4145806X30;
1139;A4;ISO 14580;A4 ISO 14580  Socket head cap sc.six lobe drive, TX;6X35;4145806X35;
1139;A4;ISO 14580;A4 ISO 14580  Socket head cap sc.six lobe drive, TX;6X40;4145806X40;
1139;A4;ISO 14580;A4 ISO 14580  Socket head cap sc.six lobe drive, TX;6X45;4145806X45;
1139;A4;ISO 14580;A4 ISO 14580  Socket head cap sc.six lobe drive, TX;8X10;4145808X10;
1139;A4;ISO 14580;A4 ISO 14580  Socket head cap sc.six lobe drive, TX;8X12;4145808X12;
1139;A4;ISO 14580;A4 ISO 14580  Socket head cap sc.six lobe drive, TX;8X16;4145808X16;
1139;A4;ISO 14580;A4 ISO 14580  Socket head cap sc.six lobe drive, TX;8X20;4145808X20;
1139;A4;ISO 14580;A4 ISO 14580  Socket head cap sc.six lobe drive, TX;8X25;4145808X25;
1139;A4;ISO 14580;A4 ISO 14580  Socket head cap sc.six lobe drive, TX;8X30;4145808X30;
1139;A4;ISO 14580;A4 ISO 14580  Socket head cap sc.six lobe drive, TX;8X35;4145808X35;
1139;A4;ISO 14580;A4 ISO 14580  Socket head cap sc.six lobe drive, TX;8X40;4145808X40;
1139;A4;ISO 14580;A4 ISO 14580  Socket head cap sc.six lobe drive, TX;8X45;4145808X45;
1139;A4;ISO 14580;A4 ISO 14580  Socket head cap sc.six lobe drive, TX;8X50;4145808X50;
1139;A4;ISO 14580;A4 ISO 14580  Socket head cap sc.six lobe drive, TX;8X60;4145808X60;
1139;A4;ISO 7093;A4 ISO 7093  Plain washers,large series,200HV;3;470933;
1139;A4;ISO 7093;A4 ISO 7093  Plain washers,large series,200HV;4;470934;
1139;A4;ISO 7093;A4 ISO 7093  Plain washers,large series,200HV;5;470935;
1139;A4;ISO 7093;A4 ISO 7093  Plain washers,large series,200HV;6;470936;
1139;A4;ISO 7093;A4 ISO 7093  Plain washers,large series,200HV;8;470938;
1139;A4;ISO 7093;A4 ISO 7093  Plain washers,large series,200HV;10;4709310;
1139;A4;ISO 7093;A4 ISO 7093  Plain washers,large series,200HV;12;4709312;
1139;A4;ISO 7093;A4 ISO 7093  Plain washers,large series,200HV;14;4709314;
1139;A4;ISO 7093;A4 ISO 7093  Plain washers,large series,200HV;16;4709316;
1139;A4;ISO 7093;A4 ISO 7093  Plain washers,large series,200HV;18;4709318;
1139;A4;ISO 7093;A4 ISO 7093  Plain washers,large series,200HV;20;4709320;
1139;A4;ISO 7093;A4 ISO 7093  Plain washers,large series,200HV;24;4709324;
1139;A4;ISO 7093;A4 ISO 7093  Plain washers,large series,200HV;27;4709327;
1139;A4;ISO 7093;A4 ISO 7093  Plain washers,large series,200HV;30;4709330;
1139;A1;ART. 2225;1.4305 ART. 2225  Selftapping insert;3;222253;
1139;A1;ART. 2225;1.4305 ART. 2225  Selftapping insert;4;222254;
1139;A1;ART. 2225;1.4305 ART. 2225  Selftapping insert;5;222255;
1139;A1;ART. 2225;1.4305 ART. 2225  Selftapping insert;6;222256;
1139;A1;ART. 2225;1.4305 ART. 2225  Selftapping insert;8;222258;
1139;A1;ART. 2225;1.4305 ART. 2225  Selftapping insert;10;2222510;
1139;A1;ART. 2225;1.4305 ART. 2225  Selftapping insert;12;2222512;
1139;A1;ART. 2225;1.4305 ART. 2225  Selftapping insert;14;2222514;
1139;A1;ART. 2225;1.4305 ART. 2225  Selftapping insert;16;2222516;
1139;A1;ART. 2225;1.4305 ART. 2225  Selftapping insert;18;2222518;
1139;A1;ART. 2225;1.4305 ART. 2225  Selftapping insert;20;2222520;
1139;A4;ART. 25511 Z;A4 ART. 25511  AFNOR serrated conical spring washers  type Z;4;425511Z4;
1139;A4;ART. 25511 Z;A4 ART. 25511  AFNOR serrated conical spring washers  type Z;5;425511Z5;
1139;A4;ART. 25511 Z;A4 ART. 25511  AFNOR serrated conical spring washers  type Z;6;425511Z6;
1139;A4;ART. 25511 Z;A4 ART. 25511  AFNOR serrated conical spring washers  type Z;8;425511Z8;
1139;A4;ART. 25511 Z;A4 ART. 25511  AFNOR serrated conical spring washers  type Z;10;425511Z10;
1139;A4;ART. 25511 Z;A4 ART. 25511  AFNOR serrated conical spring washers  type Z;12;425511Z12;
1139;A2;ISO 7090;A2 ISO 7090  Plain washers,chamfered,norm.serie 200HV;5;270905;
1139;A2;ISO 7090;A2 ISO 7090  Plain washers,chamfered,norm.serie 200HV;8;270908;
1139;A2;ISO 7090;A2 ISO 7090  Plain washers,chamfered,norm.serie 200HV;10;2709010;
1139;A2;ISO 7090;A2 ISO 7090  Plain washers,chamfered,norm.serie 200HV;12;2709012;
1139;A2;ISO 7090;A2 ISO 7090  Plain washers,chamfered,norm.serie 200HV;14;2709014;
1139;A2;ISO 7090;A2 ISO 7090  Plain washers,chamfered,norm.serie 200HV;16;2709016;
1139;A2;ISO 7090;A2 ISO 7090  Plain washers,chamfered,norm.serie 200HV;18;2709018;
1139;A2;ISO 7090;A2 ISO 7090  Plain washers,chamfered,norm.serie 200HV;20;2709020;
1139;A2;ISO 7090;A2 ISO 7090  Plain washers,chamfered,norm.serie 200HV;22;2709022;
1139;A2;ISO 7090;A2 ISO 7090  Plain washers,chamfered,norm.serie 200HV;24;2709024;
1139;A2;ISO 7090;A2 ISO 7090  Plain washers,chamfered,norm.serie 200HV;27;2709027;
1139;A2;ISO 7090;A2 ISO 7090  Plain washers,chamfered,norm.serie 200HV;30;2709030;
1139;A2;DIN 982 BR;A2 DIN 982  Prevailing torque hex nuts high type  Blue ring;3;20982BR3;
1139;A2;DIN 982 BR;A2 DIN 982  Prevailing torque hex nuts high type  Blue ring;4;20982BR4;
1139;A2;DIN 982 BR;A2 DIN 982  Prevailing torque hex nuts high type  Blue ring;5;20982BR5;
1139;A2;DIN 982 BR;A2 DIN 982  Prevailing torque hex nuts high type  Blue ring;6;20982BR6;
1139;A2;DIN 982 BR;A2 DIN 982  Prevailing torque hex nuts high type  Blue ring;8;20982BR8;
1139;A2;DIN 982 BR;A2 DIN 982  Prevailing torque hex nuts high type  Blue ring;10;20982BR10;
1139;A2;DIN 982 BR;A2 DIN 982  Prevailing torque hex nuts high type  Blue ring;12;20982BR12;
1139;A2;DIN 982 BR;A2 DIN 982  Prevailing torque hex nuts high type  Blue ring;14;20982BR14;
1139;A2;DIN 982 BR;A2 DIN 982  Prevailing torque hex nuts high type  Blue ring;16;20982BR16;
1139;A2;DIN 982 BR;A2 DIN 982  Prevailing torque hex nuts high type  Blue ring;18;20982BR18;
1139;A2;DIN 982 BR;A2 DIN 982  Prevailing torque hex nuts high type  Blue ring;20;20982BR20;
1139;A2;DIN 982 BR;A2 DIN 982  Prevailing torque hex nuts high type  Blue ring;22;20982BR22;
1139;A2;DIN 982 BR;A2 DIN 982  Prevailing torque hex nuts high type  Blue ring;24;20982BR24;
1139;A2;DIN 982 BR;A2 DIN 982  Prevailing torque hex nuts high type  Blue ring;27;20982BR27;
1139;A2;DIN 982 BR;A2 DIN 982  Prevailing torque hex nuts high type  Blue ring;30;20982BR30;
1139;A2;DIN 985 BR;A2 DIN 985  Prevailing torque hex nuts thin type  Blue ring;2;20985BR2;
1139;A2;DIN 985 BR;A2 DIN 985  Prevailing torque hex nuts thin type  Blue ring;2,5;20985BR2,5;
1139;A2;DIN 985 BR;A2 DIN 985  Prevailing torque hex nuts thin type  Blue ring;3;20985BR3;
1139;A2;DIN 985 BR;A2 DIN 985  Prevailing torque hex nuts thin type  Blue ring;4;20985BR4;
1139;A2;DIN 985 BR;A2 DIN 985  Prevailing torque hex nuts thin type  Blue ring;5;20985BR5;
1139;A2;DIN 985 BR;A2 DIN 985  Prevailing torque hex nuts thin type  Blue ring;6;20985BR6;
1139;A2;DIN 985 BR;A2 DIN 985  Prevailing torque hex nuts thin type  Blue ring;7;20985BR7;
1139;A2;DIN 985 BR;A2 DIN 985  Prevailing torque hex nuts thin type  Blue ring;8;20985BR8;
1139;A2;DIN 985 BR;A2 DIN 985  Prevailing torque hex nuts thin type  Blue ring;10;20985BR10;
1139;A2;DIN 985 BR;A2 DIN 985  Prevailing torque hex nuts thin type  Blue ring;12;20985BR12;
1139;A2;DIN 985 BR;A2 DIN 985  Prevailing torque hex nuts thin type  Blue ring;14;20985BR14;
1139;A2;DIN 985 BR;A2 DIN 985  Prevailing torque hex nuts thin type  Blue ring;16;20985BR16;
1139;A2;DIN 985 BR;A2 DIN 985  Prevailing torque hex nuts thin type  Blue ring;18;20985BR18;
1139;A2;DIN 985 BR;A2 DIN 985  Prevailing torque hex nuts thin type  Blue ring;20;20985BR20;
1139;A2;DIN 985 BR;A2 DIN 985  Prevailing torque hex nuts thin type  Blue ring;22;20985BR22;
1139;A2;DIN 985 BR;A2 DIN 985  Prevailing torque hex nuts thin type  Blue ring;24;20985BR24;
1139;A2;DIN 985 BR;A2 DIN 985  Prevailing torque hex nuts thin type  Blue ring;27;20985BR27;
1139;A2;DIN 985 BR;A2 DIN 985  Prevailing torque hex nuts thin type  Blue ring;30;20985BR30;
1139;A2;DIN 985 BR;A2 DIN 985  Prevailing torque hex nuts thin type  Blue ring;33;20985BR33;
1139;A2;DIN 985 BR;A2 DIN 985  Prevailing torque hex nuts thin type  Blue ring;36;20985BR36;
1139;A4;DIN 982 BR;A4 DIN 982  Prevailing torque hex nuts high type  Blue ring;3;40982BR3;
1139;A4;DIN 982 BR;A4 DIN 982  Prevailing torque hex nuts high type  Blue ring;4;40982BR4;
1139;A4;DIN 982 BR;A4 DIN 982  Prevailing torque hex nuts high type  Blue ring;5;40982BR5;
1139;A4;DIN 982 BR;A4 DIN 982  Prevailing torque hex nuts high type  Blue ring;6;40982BR6;
1139;A4;DIN 982 BR;A4 DIN 982  Prevailing torque hex nuts high type  Blue ring;8;40982BR8;
1139;A4;DIN 982 BR;A4 DIN 982  Prevailing torque hex nuts high type  Blue ring;10;40982BR10;
1139;A4;DIN 982 BR;A4 DIN 982  Prevailing torque hex nuts high type  Blue ring;12;40982BR12;
1139;A4;DIN 982 BR;A4 DIN 982  Prevailing torque hex nuts high type  Blue ring;14;40982BR14;
1139;A4;DIN 982 BR;A4 DIN 982  Prevailing torque hex nuts high type  Blue ring;16;40982BR16;
1139;A4;DIN 982 BR;A4 DIN 982  Prevailing torque hex nuts high type  Blue ring;18;40982BR18;
1139;A4;DIN 982 BR;A4 DIN 982  Prevailing torque hex nuts high type  Blue ring;20;40982BR20;
1139;A4;DIN 982 BR;A4 DIN 982  Prevailing torque hex nuts high type  Blue ring;22;40982BR22;
1139;A4;DIN 982 BR;A4 DIN 982  Prevailing torque hex nuts high type  Blue ring;24;40982BR24;
1139;A4;DIN 982 BR;A4 DIN 982  Prevailing torque hex nuts high type  Blue ring;27;40982BR27;
1139;A4;DIN 982 BR;A4 DIN 982  Prevailing torque hex nuts high type  Blue ring;30;40982BR30;
1139;A4;DIN 985 BR;A4 DIN 985  Prevailing torque hex nuts thin type  Blue ring;3;40985BR3;
1139;A4;DIN 985 BR;A4 DIN 985  Prevailing torque hex nuts thin type  Blue ring;4;40985BR4;
1139;A4;DIN 985 BR;A4 DIN 985  Prevailing torque hex nuts thin type  Blue ring;5;40985BR5;
1139;A4;DIN 985 BR;A4 DIN 985  Prevailing torque hex nuts thin type  Blue ring;6;40985BR6;
1139;A4;DIN 985 BR;A4 DIN 985  Prevailing torque hex nuts thin type  Blue ring;8;40985BR8;
1139;A4;DIN 985 BR;A4 DIN 985  Prevailing torque hex nuts thin type  Blue ring;10;40985BR10;
1139;A4;DIN 985 BR;A4 DIN 985  Prevailing torque hex nuts thin type  Blue ring;12;40985BR12;
1139;A4;DIN 985 BR;A4 DIN 985  Prevailing torque hex nuts thin type  Blue ring;14;40985BR14;
1139;A4;DIN 985 BR;A4 DIN 985  Prevailing torque hex nuts thin type  Blue ring;16;40985BR16;
1139;A4;DIN 985 BR;A4 DIN 985  Prevailing torque hex nuts thin type  Blue ring;18;40985BR18;
1139;A4;DIN 985 BR;A4 DIN 985  Prevailing torque hex nuts thin type  Blue ring;20;40985BR20;
1139;A4;DIN 985 BR;A4 DIN 985  Prevailing torque hex nuts thin type  Blue ring;22;40985BR22;
1139;A4;DIN 985 BR;A4 DIN 985  Prevailing torque hex nuts thin type  Blue ring;24;40985BR24;
1139;A4;DIN 985 BR;A4 DIN 985  Prevailing torque hex nuts thin type  Blue ring;27;40985BR27;
1139;A4;DIN 985 BR;A4 DIN 985  Prevailing torque hex nuts thin type  Blue ring;30;40985BR30;
1139;A4;DIN 985 BR;A4 DIN 985  Prevailing torque hex nuts thin type  Blue ring;36;40985BR36;
1139;A4;ISO 7380 TXF;A4 ISO 7380-2  Hexagon socket button head screws F.T. Tx With flange;3X6;47380TXF3X6;
1139;A4;ISO 7380 TXF;A4 ISO 7380-2  Hexagon socket button head screws F.T. Tx With flange;3X8;47380TXF3X8;
1139;A4;ISO 7380 TXF;A4 ISO 7380-2  Hexagon socket button head screws F.T. Tx With flange;3X10;47380TXF3X10;
1139;A4;ISO 7380 TXF;A4 ISO 7380-2  Hexagon socket button head screws F.T. Tx With flange;3X12;47380TXF3X12;
1139;A4;ISO 7380 TXF;A4 ISO 7380-2  Hexagon socket button head screws F.T. Tx With flange;3X16;47380TXF3X16;
1139;A4;ISO 7380 TXF;A4 ISO 7380-2  Hexagon socket button head screws F.T. Tx With flange;3X20;47380TXF3X20;
1139;A4;ISO 7380 TXF;A4 ISO 7380-2  Hexagon socket button head screws F.T. Tx With flange;4X6;47380TXF4X6;
1139;A4;ISO 7380 TXF;A4 ISO 7380-2  Hexagon socket button head screws F.T. Tx With flange;4X8;47380TXF4X8;
1139;A4;ISO 7380 TXF;A4 ISO 7380-2  Hexagon socket button head screws F.T. Tx With flange;4X10;47380TXF4X10;
1139;A4;ISO 7380 TXF;A4 ISO 7380-2  Hexagon socket button head screws F.T. Tx With flange;4X12;47380TXF4X12;
1139;A4;ISO 7380 TXF;A4 ISO 7380-2  Hexagon socket button head screws F.T. Tx With flange;4X16;47380TXF4X16;
1139;A4;ISO 7380 TXF;A4 ISO 7380-2  Hexagon socket button head screws F.T. Tx With flange;4X20;47380TXF4X20;
1139;A4;ISO 7380 TXF;A4 ISO 7380-2  Hexagon socket button head screws F.T. Tx With flange;5X8;47380TXF5X8;
1139;A4;ISO 7380 TXF;A4 ISO 7380-2  Hexagon socket button head screws F.T. Tx With flange;5X10;47380TXF5X10;
1139;A4;ISO 7380 TXF;A4 ISO 7380-2  Hexagon socket button head screws F.T. Tx With flange;5X12;47380TXF5X12;
1139;A4;ISO 7380 TXF;A4 ISO 7380-2  Hexagon socket button head screws F.T. Tx With flange;5X16;47380TXF5X16;
1139;A4;ISO 7380 TXF;A4 ISO 7380-2  Hexagon socket button head screws F.T. Tx With flange;5X20;47380TXF5X20;
1139;A4;ISO 7380 TXF;A4 ISO 7380-2  Hexagon socket button head screws F.T. Tx With flange;5X25;47380TXF5X25;
1139;A4;ISO 7380 TXF;A4 ISO 7380-2  Hexagon socket button head screws F.T. Tx With flange;5X30;47380TXF5X30;
1139;A4;ISO 7380 TXF;A4 ISO 7380-2  Hexagon socket button head screws F.T. Tx With flange;6X10;47380TXF6X10;
1139;A4;ISO 7380 TXF;A4 ISO 7380-2  Hexagon socket button head screws F.T. Tx With flange;6X12;47380TXF6X12;
1139;A4;ISO 7380 TXF;A4 ISO 7380-2  Hexagon socket button head screws F.T. Tx With flange;6X14;47380TXF6X14;
1139;A4;ISO 7380 TXF;A4 ISO 7380-2  Hexagon socket button head screws F.T. Tx With flange;6X16;47380TXF6X16;
1139;A4;ISO 7380 TXF;A4 ISO 7380-2  Hexagon socket button head screws F.T. Tx With flange;6X20;47380TXF6X20;
1139;A4;ISO 7380 TXF;A4 ISO 7380-2  Hexagon socket button head screws F.T. Tx With flange;6X25;47380TXF6X25;
1139;A4;ISO 7380 TXF;A4 ISO 7380-2  Hexagon socket button head screws F.T. Tx With flange;6X30;47380TXF6X30;
1139;A4;ISO 7380 TXF;A4 ISO 7380-2  Hexagon socket button head screws F.T. Tx With flange;6X35;47380TXF6X35;
1139;A4;ISO 7380 TXF;A4 ISO 7380-2  Hexagon socket button head screws F.T. Tx With flange;8X16;47380TXF8X16;
1139;A4;ISO 7380 TXF;A4 ISO 7380-2  Hexagon socket button head screws F.T. Tx With flange;8X20;47380TXF8X20;
1139;A4;ISO 7380 TXF;A4 ISO 7380-2  Hexagon socket button head screws F.T. Tx With flange;8X25;47380TXF8X25;
1139;A4;ISO 7380 TXF;A4 ISO 7380-2  Hexagon socket button head screws F.T. Tx With flange;8X30;47380TXF8X30;
1139;A4;ISO 7380 TXF;A4 ISO 7380-2  Hexagon socket button head screws F.T. Tx With flange;8X40;47380TXF8X40;
1139;A4;DIN 6926 S;A4 DIN 6926  Prevailing torque hex nutflange serrated;5;46926S5;
1139;A4;DIN 6926 S;A4 DIN 6926  Prevailing torque hex nutflange serrated;6;46926S6;
1139;A4;DIN 6926 S;A4 DIN 6926  Prevailing torque hex nutflange serrated;8;46926S8;
1139;A4;DIN 6926 S;A4 DIN 6926  Prevailing torque hex nutflange serrated;10;46926S10;
1139;A4;DIN 6926 S;A4 DIN 6926  Prevailing torque hex nutflange serrated;12;46926S12;
1139;A2;ISO 7093;A2 ISO 7093  Plain washers,large series,200HV;3;270933;
1139;A2;ISO 7093;A2 ISO 7093  Plain washers,large series,200HV;3,5;270933,5;
1139;A2;ISO 7093;A2 ISO 7093  Plain washers,large series,200HV;4;270934;
1139;A2;ISO 7093;A2 ISO 7093  Plain washers,large series,200HV;5;270935;
1139;A2;ISO 7093;A2 ISO 7093  Plain washers,large series,200HV;6;270936;
1139;A2;ISO 7093;A2 ISO 7093  Plain washers,large series,200HV;8;270938;
1139;A2;ISO 7093;A2 ISO 7093  Plain washers,large series,200HV;10;2709310;
1139;A2;ISO 7093;A2 ISO 7093  Plain washers,large series,200HV;12;2709312;
1139;A2;ISO 7093;A2 ISO 7093  Plain washers,large series,200HV;14;2709314;
1139;A2;ISO 7093;A2 ISO 7093  Plain washers,large series,200HV;16;2709316;
1139;A2;ISO 7093;A2 ISO 7093  Plain washers,large series,200HV;18;2709318;
1139;A2;ISO 7093;A2 ISO 7093  Plain washers,large series,200HV;20;2709320;
1139;A2;ISO 7093;A2 ISO 7093  Plain washers,large series,200HV;22;2709322;
1139;A2;ISO 7093;A2 ISO 7093  Plain washers,large series,200HV;24;2709324;
1139;A2;ISO 7093;A2 ISO 7093  Plain washers,large series,200HV;27;2709327;
1139;A2;ISO 7093;A2 ISO 7093  Plain washers,large series,200HV;30;2709330;
1139;A2;ISO 7092;A2 ISO 7092  Washers for cheese head screws, 200 HV;18;2709218;
1139;A2;ISO 7092;A2 ISO 7092  Washers for cheese head screws, 200 HV;20;2709220;
1139;A2;ISO 7092;A2 ISO 7092  Washers for cheese head screws, 200 HV;22;2709222;
1139;A2;ISO 7092;A2 ISO 7092  Washers for cheese head screws, 200 HV;24;2709224;
1139;A2;ISO 7092;A2 ISO 7092  Washers for cheese head screws, 200 HV;27;2709227;
1139;A2;ISO 7092;A2 ISO 7092  Washers for cheese head screws, 200 HV;30;2709230;
1139;A4;ART. 25514 Z;A4 ART.25514  AFNOR washers type Z;3;425514Z3;
1139;A4;ART. 25514 Z;A4 ART.25514  AFNOR washers type Z;4;425514Z4;
1139;A4;ART. 25514 Z;A4 ART.25514  AFNOR washers type Z;5;425514Z5;
1139;A4;ART. 25514 Z;A4 ART.25514  AFNOR washers type Z;6;425514Z6;
1139;A4;ART. 25514 Z;A4 ART.25514  AFNOR washers type Z;8;425514Z8;
1139;A4;ART. 25514 Z;A4 ART.25514  AFNOR washers type Z;10;425514Z10;
1139;A4;ART. 25514 Z;A4 ART.25514  AFNOR washers type Z;12;425514Z12;
1139;A4;ART. 25514 Z;A4 ART.25514  AFNOR washers type Z;14;425514Z14;
1139;A4;ART. 25514 Z;A4 ART.25514  AFNOR washers type Z;16;425514Z16;
1139;A4;ART. 25514 Z;A4 ART.25514  AFNOR washers type Z;20;425514Z20;
1139;A4;ART. 25514 Z;A4 ART.25514  AFNOR washers type Z;24;425514Z24;
1139;A4;ISO 7090;A4 ISO 7090  Plain washers,chamfered,norm.serie 200HV;4;470904;
1139;A4;ISO 7090;A4 ISO 7090  Plain washers,chamfered,norm.serie 200HV;5;470905;
1139;A4;ISO 7090;A4 ISO 7090  Plain washers,chamfered,norm.serie 200HV;6;470906;
1139;A4;ISO 7090;A4 ISO 7090  Plain washers,chamfered,norm.serie 200HV;8;470908;
1139;A4;ISO 7090;A4 ISO 7090  Plain washers,chamfered,norm.serie 200HV;10;4709010;
1139;A4;ISO 7090;A4 ISO 7090  Plain washers,chamfered,norm.serie 200HV;12;4709012;
1139;A4;ISO 7090;A4 ISO 7090  Plain washers,chamfered,norm.serie 200HV;14;4709014;
1139;A4;ISO 7090;A4 ISO 7090  Plain washers,chamfered,norm.serie 200HV;16;4709016;
1139;A4;ISO 7090;A4 ISO 7090  Plain washers,chamfered,norm.serie 200HV;18;4709018;
1139;A4;ISO 7090;A4 ISO 7090  Plain washers,chamfered,norm.serie 200HV;20;4709020;
1139;A4;ISO 7090;A4 ISO 7090  Plain washers,chamfered,norm.serie 200HV;22;4709022;
1139;A4;ISO 7090;A4 ISO 7090  Plain washers,chamfered,norm.serie 200HV;24;4709024;
1139;A4;ISO 7090;A4 ISO 7090  Plain washers,chamfered,norm.serie 200HV;27;4709027;
1139;A4;ISO 7090;A4 ISO 7090  Plain washers,chamfered,norm.serie 200HV;30;4709030;
1139;A2;ART. 25514 M;A2 ART.25514  AFNOR washers type M;3;225514M3;
1139;A2;ART. 25514 M;A2 ART.25514  AFNOR washers type M;4;225514M4;
1139;A2;ART. 25514 M;A2 ART.25514  AFNOR washers type M;5;225514M5;
1139;A2;ART. 25514 M;A2 ART.25514  AFNOR washers type M;6;225514M6;
1139;A2;ART. 25514 M;A2 ART.25514  AFNOR washers type M;8;225514M8;
1139;A2;ART. 25514 M;A2 ART.25514  AFNOR washers type M;10;225514M10;
1139;A2;ART. 25514 M;A2 ART.25514  AFNOR washers type M;12;225514M12;
1139;A2;ART. 25514 M;A2 ART.25514  AFNOR washers type M;14;225514M14;
1139;A2;ART. 25514 M;A2 ART.25514  AFNOR washers type M;16;225514M16;
1139;A2;ART. 25514 M;A2 ART.25514  AFNOR washers type M;18;225514M18;
1139;A2;ART. 25514 M;A2 ART.25514  AFNOR washers type M;20;225514M20;
1139;A2;ART. 25514 M;A2 ART.25514  AFNOR washers type M;24;225514M24;
1139;A2;ART. 25514 Z;A2 ART.25514  AFNOR washers type Z;3;225514Z3;
1139;A2;ART. 25514 Z;A2 ART.25514  AFNOR washers type Z;4;225514Z4;
1139;A2;ART. 25514 Z;A2 ART.25514  AFNOR washers type Z;5;225514Z5;
1139;A2;ART. 25514 Z;A2 ART.25514  AFNOR washers type Z;6;225514Z6;
1139;A2;ART. 25514 Z;A2 ART.25514  AFNOR washers type Z;8;225514Z8;
1139;A2;ART. 25514 Z;A2 ART.25514  AFNOR washers type Z;10;225514Z10;
1139;A2;ART. 25514 Z;A2 ART.25514  AFNOR washers type Z;12;225514Z12;
1139;A2;ART. 25514 Z;A2 ART.25514  AFNOR washers type Z;14;225514Z14;
1139;A2;ART. 25514 Z;A2 ART.25514  AFNOR washers type Z;16;225514Z16;
1139;A2;ART. 25514 Z;A2 ART.25514  AFNOR washers type Z;20;225514Z20;
1139;A4;DIN 436;A4 DIN 436  Square washers for wood constructions;20;4043620;
1139;A4;DIN 436;A4 DIN 436  Square washers for wood constructions;24;4043624;
1139;A1;DIN 923;1.4305 DIN 923  Slotted pan head screws with shoulder;5X2,5;209235X2,5;
1139;A2;DIN 6340;A2 DIN 6340  Washers for clamping devices;12;2634012;
1139;A2;DIN 6340;A2 DIN 6340  Washers for clamping devices;16;2634016;
1139;A4;DIN 6340;A4 DIN 6340  Washers for clamping devices;10;4634010;
1139;A4;ART. 125 S;"A4   Locking washers  type ""S""";6;40125S6;
1139;A4;ART. 125 S;"A4   Locking washers  type ""S""";8;40125S8;
1139;A4;ART. 125 S;"A4   Locking washers  type ""S""";10;40125S10;
1139;A4;ART. 125 S;"A4   Locking washers  type ""S""";12;40125S12;
1139;A4;ART. 125 S;"A4   Locking washers  type ""S""";16;40125S16;
1139;A4;ART. 125 S;"A4   Locking washers  type ""S""";20;40125S20;
1139;A4;ART. 1130;A4   sealing washers with EPDM;4,8X12;411304,8X12;
1139;A4;ART. 1130;A4   sealing washers with EPDM;4,8X14;411304,8X14;
1139;A4;ART. 1130;A4   sealing washers with EPDM;5,3X12;411305,3X12;
1139;A4;ART. 1130;A4   sealing washers with EPDM;5,3X14;411305,3X14;
1139;A4;ART. 1130;A4   sealing washers with EPDM;5,3X16;411305,3X16;
1139;A4;ART. 1130;A4   sealing washers with EPDM;5,3X19;411305,3X19;
1139;A4;ART. 1130;A4   sealing washers with EPDM;6,2X16;411306,2X16;
1139;A4;ART. 1130;A4   sealing washers with EPDM;6,7X16;411306,7X16;
1139;A4;ART. 1130;A4   sealing washers with EPDM;6,7X19;411306,7X19;
1139;A4;ART. 1130;A4   sealing washers with EPDM;6,7X25;411306,7X25;
1139;A4;ART. 1130;A4   sealing washers with EPDM;6,7X29;411306,7X29;
1139;A4;ART. 1130;A4   sealing washers with EPDM;8,4X16;411308,4X16;
1139;A4;ART. 1130;A4   sealing washers with EPDM;8,4X19;411308,4X19;
1139;A4;ART. 1130;A4   sealing washers with EPDM;8,4X22;411308,4X22;
1139;A4;ART. 1130;A4   sealing washers with EPDM;8,4X25;411308,4X25;
1139;A4;ART. 1130;A4   sealing washers with EPDM;8,4X29;411308,4X29;
1139;A4;ART. 1130;A4   sealing washers with EPDM;10,5X25;4113010,5X25;
1139;A4;ART. 1130;A4   sealing washers with EPDM;10,5X29;4113010,5X29;
1139;A4;ART. 1130;A4   sealing washers with EPDM;13X29;4113013X29;
1139;A4;ISO 7092;A4 ISO 7092  Washers for cheese head screws, 200 HV;2;470922;
1139;A4;ISO 7092;A4 ISO 7092  Washers for cheese head screws, 200 HV;2,5;470922,5;
1139;A4;ISO 7092;A4 ISO 7092  Washers for cheese head screws, 200 HV;14;4709214;
1139;A4;ISO 7092;A4 ISO 7092  Washers for cheese head screws, 200 HV;18;4709218;
1139;A4;ISO 7092;A4 ISO 7092  Washers for cheese head screws, 200 HV;22;4709222;
1139;A4;ISO 7092;A4 ISO 7092  Washers for cheese head screws, 200 HV;27;4709227;
1139;A4;ISO 7092;A4 ISO 7092  Washers for cheese head screws, 200 HV;30;4709230;
1139;A4;ART. 25514 L;A4 ART.25514  AFNOR washers type L;3;425514L3;
1139;A4;ART. 25514 L;A4 ART.25514  AFNOR washers type L;4;425514L4;
1139;A4;ART. 25514 L;A4 ART.25514  AFNOR washers type L;5;425514L5;
1139;A4;ART. 25514 L;A4 ART.25514  AFNOR washers type L;6;425514L6;
1139;A4;ART. 25514 L;A4 ART.25514  AFNOR washers type L;8;425514L8;
1139;A4;ART. 25514 L;A4 ART.25514  AFNOR washers type L;10;425514L10;
1139;A4;ART. 25514 L;A4 ART.25514  AFNOR washers type L;12;425514L12;
1139;A4;ART. 25514 L;A4 ART.25514  AFNOR washers type L;14;425514L14;
1139;A4;ART. 25514 L;A4 ART.25514  AFNOR washers type L;16;425514L16;
1139;A4;ART. 25514 L;A4 ART.25514  AFNOR washers type L;18;425514L18;
1139;A4;ART. 25514 L;A4 ART.25514  AFNOR washers type L;20;425514L20;
1139;A4;DIN 6797A;A4 DIN 6797A  Toothed lock washers type A;8;46797A8;
1139;A4;DIN 440 V;A4 DIN 440 V  Washers for wood construction type V;5;40440V5;
1139;A4;DIN 440 V;A4 DIN 440 V  Washers for wood construction type V;6;40440V6;
1139;A4;DIN 440 V;A4 DIN 440 V  Washers for wood construction type V;8;40440V8;
1139;A4;DIN 440 V;A4 DIN 440 V  Washers for wood construction type V;10;40440V10;
1139;A4;DIN 440 V;A4 DIN 440 V  Washers for wood construction type V;12;40440V12;
1139;A4;DIN 440 V;A4 DIN 440 V  Washers for wood construction type V;16;40440V16;
1139;A4;ART. 2161;A4 ART. 2161  Rivet nuts w/small CSK head open type kn;3X9;421613X9;
1139;A4;ART. 2161;A4 ART. 2161  Rivet nuts w/small CSK head open type kn;4X10;421614X10;
1139;A4;ART. 2161;A4 ART. 2161  Rivet nuts w/small CSK head open type kn;5X11,5;421615X11,5;
1139;A4;ART. 2161;A4 ART. 2161  Rivet nuts w/small CSK head open type kn;6X14;421616X14;
1139;A4;ART. 2161;A4 ART. 2161  Rivet nuts w/small CSK head open type kn;8X15,5;421618X15,5;
1139;A4;ART. 2161;A4 ART. 2161  Rivet nuts w/small CSK head open type kn;10X19,5;4216110X19,5;
1139;A4;ART. 2140;A4 ART. 2140  Rivet nuts with CSK head open type knurl;3X9;421403X9;
1139;A4;ART. 2140;A4 ART. 2140  Rivet nuts with CSK head open type knurl;4X11,5;421404X11,5;
1139;A4;ART. 2140;A4 ART. 2140  Rivet nuts with CSK head open type knurl;5X13,5;421405X13,5;
1139;A4;ART. 2140;A4 ART. 2140  Rivet nuts with CSK head open type knurl;6X16;421406X16;
1139;A4;ART. 2140;A4 ART. 2140  Rivet nuts with CSK head open type knurl;8X19;421408X19;
1139;A4;ART. 2140;A4 ART. 2140  Rivet nuts with CSK head open type knurl;10X21;4214010X21;
1139;A4;ART. 2120;A4 ART. 2120  Rivet nuts flat head open type knurled;3X10;421203X10;
1139;A4;ART. 2120;A4 ART. 2120  Rivet nuts flat head open type knurled;4X10;421204X10;
1139;A4;ART. 2120;A4 ART. 2120  Rivet nuts flat head open type knurled;4X11,5;421204X11,5;
1139;A4;ART. 2120;A4 ART. 2120  Rivet nuts flat head open type knurled;5X12;421205X12;
1139;A4;ART. 2120;A4 ART. 2120  Rivet nuts flat head open type knurled;5X15;421205X15;
1139;A4;ART. 2120;A4 ART. 2120  Rivet nuts flat head open type knurled;6X14,5;421206X14,5;
1139;A4;ART. 2120;A4 ART. 2120  Rivet nuts flat head open type knurled;6X16;421206X16;
1139;A4;ART. 2120;A4 ART. 2120  Rivet nuts flat head open type knurled;8X16;421208X16;
1139;A4;ART. 2120;A4 ART. 2120  Rivet nuts flat head open type knurled;8X18,5;421208X18,5;
1139;A4;ART. 2120;A4 ART. 2120  Rivet nuts flat head open type knurled;10X17;4212010X17;
1139;A4;ART. 2120;A4 ART. 2120  Rivet nuts flat head open type knurled;10X22;4212010X22;
1139;A2;ART. 2337;A2 ART. 2337  Rivet nuts with flat head,semi-hex shank;3X9;223373X9;
1139;A2;ART. 2337;A2 ART. 2337  Rivet nuts with flat head,semi-hex shank;4X11,5;223374X11,5;
1139;A2;ART. 2337;A2 ART. 2337  Rivet nuts with flat head,semi-hex shank;5X13,5;223375X13,5;
1139;A2;ART. 2337;A2 ART. 2337  Rivet nuts with flat head,semi-hex shank;6X15,5;223376X15,5;
1139;A2;ART. 2337;A2 ART. 2337  Rivet nuts with flat head,semi-hex shank;8X17,5;223378X17,5;
1139;A2;ART. 2337;A2 ART. 2337  Rivet nuts with flat head,semi-hex shank;10X22;2233710X22;
1139;A4;ART. 2337;A4 ART. 2337  Rivet nuts with flat head,semi-hex shank;3X9;423373X9;
1139;A4;ART. 2337;A4 ART. 2337  Rivet nuts with flat head,semi-hex shank;4X11,5;423374X11,5;
1139;A4;ART. 2337;A4 ART. 2337  Rivet nuts with flat head,semi-hex shank;5X13,5;423375X13,5;
1139;A4;ART. 2337;A4 ART. 2337  Rivet nuts with flat head,semi-hex shank;6X15,5;423376X15,5;
1139;A4;ART. 2337;A4 ART. 2337  Rivet nuts with flat head,semi-hex shank;8X17,5;423378X17,5;
1139;A4;ART. 2337;A4 ART. 2337  Rivet nuts with flat head,semi-hex shank;10X22;4233710X22;
1139;A2;ART. 2339;A2 ART. 2339  Rivet nuts,small CSK head,semi-hex.shank;3X9;223393X9;
1139;A2;ART. 2339;A2 ART. 2339  Rivet nuts,small CSK head,semi-hex.shank;4X12;223394X12;
1139;A2;ART. 2339;A2 ART. 2339  Rivet nuts,small CSK head,semi-hex.shank;5X14;223395X14;
1139;A2;ART. 2339;A2 ART. 2339  Rivet nuts,small CSK head,semi-hex.shank;6X16;223396X16;
1139;A2;ART. 2339;A2 ART. 2339  Rivet nuts,small CSK head,semi-hex.shank;8X17;223398X17;
1139;A2;ART. 2339;A2 ART. 2339  Rivet nuts,small CSK head,semi-hex.shank;10X20,5;2233910X20,5;
1139;A4;ART. 2339;A4 ART. 2339  Rivet nuts,small CSK head,semi-hex.shank;3X9;423393X9;
1139;A4;ART. 2339;A4 ART. 2339  Rivet nuts,small CSK head,semi-hex.shank;4X12;423394X12;
1139;A4;ART. 2339;A4 ART. 2339  Rivet nuts,small CSK head,semi-hex.shank;5X14;423395X14;
1139;A4;ART. 2339;A4 ART. 2339  Rivet nuts,small CSK head,semi-hex.shank;6X16;423396X16;
1139;A4;ART. 2339;A4 ART. 2339  Rivet nuts,small CSK head,semi-hex.shank;8X17;423398X17;
1139;A4;ART. 2339;A4 ART. 2339  Rivet nuts,small CSK head,semi-hex.shank;10X20,5;4233910X20,5;
1139;A2;ART. 2342;A2 ART. 2342  T-Drill RSD CSK head terr.scr.cutt p. TX;5X40/26;223425X40/26;
1139;A2;ART. 2342;A2 ART. 2342  T-Drill RSD CSK head terr.scr.cutt p. TX;5X50/32;223425X50/32;
1139;A2;ART. 2342;A2 ART. 2342  T-Drill RSD CSK head terr.scr.cutt p. TX;5X60/39;223425X60/39;
1139;A2;ART. 2342;A2 ART. 2342  T-Drill RSD CSK head terr.scr.cutt p. TX;5X70/46;223425X70/46;
1139;A2;ART. 2342;A2 ART. 2342  T-Drill RSD CSK head terr.scr.cutt p. TX;5X80/52;223425X80/52;
1139;A4;ART. 2342;A4 ART. 2342  T-Drill RSD CSK head terr.scr.cutt p. TX;5X60/39;423425X60/39;
1139;A4;ART. 2342;A4 ART. 2342  T-Drill RSD CSK head terr.scr.cutt p. TX;5X50/32;423425X50/32;
1139;A4;ART. 2342;A4 ART. 2342  T-Drill RSD CSK head terr.scr.cutt p. TX;5X70/46;423425X70/46;
1139;A4;ART. 2342;A4 ART. 2342  T-Drill RSD CSK head terr.scr.cutt p. TX;5X40/26;423425X40/26;
1139;A4;ART. 2342;A4 ART. 2342  T-Drill RSD CSK head terr.scr.cutt p. TX;5X80/52;423425X80/52;
1139;A2;ART. 2012;A2 ART. 2012  Hammer head bolts type 20/12;8X20;220128X20;
1139;A2;ART. 2012;A2 ART. 2012  Hammer head bolts type 20/12;8X25;220128X25;
1139;A2;ART. 2012;A2 ART. 2012  Hammer head bolts type 20/12;8X30;220128X30;
1139;A2;ART. 2345;A2 ART. 2345  Splengler scr.w/mounted EPDM washer15mmZ;4,5X20;223454,5X20;
1139;A2;ART. 2345;A2 ART. 2345  Splengler scr.w/mounted EPDM washer15mmZ;4,5X25;223454,5X25;
1139;A2;ART. 2345;A2 ART. 2345  Splengler scr.w/mounted EPDM washer15mmZ;4,5X30;223454,5X30;
1139;A2;ART. 2345;A2 ART. 2345  Splengler scr.w/mounted EPDM washer15mmZ;4,5X35;223454,5X35;
1139;A2;ART. 2345;A2 ART. 2345  Splengler scr.w/mounted EPDM washer15mmZ;4,5X40;223454,5X40;
1139;A2;ART. 2345;A2 ART. 2345  Splengler scr.w/mounted EPDM washer15mmZ;4,5X45;223454,5X45;
1139;A2;ART. 2345;A2 ART. 2345  Splengler scr.w/mounted EPDM washer15mmZ;4,5X50;223454,5X50;
1139;A2;ART. 2345;A2 ART. 2345  Splengler scr.w/mounted EPDM washer15mmZ;4,5X60;223454,5X60;
1139;A2;ART. 2345;A2 ART. 2345  Splengler scr.w/mounted EPDM washer15mmZ;4,5X70;223454,5X70;
1139;A2;ART. 2345;A2 ART. 2345  Splengler scr.w/mounted EPDM washer15mmZ;4,5X80;223454,5X80;
1139;A2;ART. 2345;A2 ART. 2345  Splengler scr.w/mounted EPDM washer15mmZ;4,5X90;223454,5X90;
1139;A2;ART. 2345;A2 ART. 2345  Splengler scr.w/mounted EPDM washer15mmZ;4,5X100;223454,5X100;
1139;A2;ART. 2346;A2 ART. 2346  Spengler scr.w/mounted EPDM wash.15mmTX;4,5X20;22346TX4,5X20;
1139;A2;ART. 2346;A2 ART. 2346  Spengler scr.w/mounted EPDM wash.15mmTX;4,5X25;22346TX4,5X25;
1139;A2;ART. 2346;A2 ART. 2346  Spengler scr.w/mounted EPDM wash.15mmTX;4,5X30;22346TX4,5X30;
1139;A2;ART. 2346;A2 ART. 2346  Spengler scr.w/mounted EPDM wash.15mmTX;4,5X35;22346TX4,5X35;
1139;A2;ART. 2346;A2 ART. 2346  Spengler scr.w/mounted EPDM wash.15mmTX;4,5X40;22346TX4,5X40;
1139;A2;ART. 2346;A2 ART. 2346  Spengler scr.w/mounted EPDM wash.15mmTX;4,5X45;22346TX4,5X45;
1139;A2;ART. 2346;A2 ART. 2346  Spengler scr.w/mounted EPDM wash.15mmTX;4,5X50;22346TX4,5X50;
1139;A2;ART. 2346;A2 ART. 2346  Spengler scr.w/mounted EPDM wash.15mmTX;4,5X55;22346TX4,5X55;
1139;A2;ART. 2346;A2 ART. 2346  Spengler scr.w/mounted EPDM wash.15mmTX;4,5X60;22346TX4,5X60;
1139;A2;ART. 2346;A2 ART. 2346  Spengler scr.w/mounted EPDM wash.15mmTX;4,5X65;22346TX4,5X65;
1139;A2;ART. 2346;A2 ART. 2346  Spengler scr.w/mounted EPDM wash.15mmTX;4,5X70;22346TX4,5X70;
1139;A2;ART. 2346;A2 ART. 2346  Spengler scr.w/mounted EPDM wash.15mmTX;4,5X80;22346TX4,5X80;
1139;A2;ART. 2346;A2 ART. 2346  Spengler scr.w/mounted EPDM wash.15mmTX;4,5X90;22346TX4,5X90;
1139;A2;ART. 2346;A2 ART. 2346  Spengler scr.w/mounted EPDM wash.15mmTX;4,5X100;22346TX4,5X100;
1139;A4;ART. 2350;A4 ART. 2350  S-Hook, symmetric;3;423503;
1139;A4;ART. 2350;A4 ART. 2350  S-Hook, symmetric;4;423504;
1139;A4;ART. 2350;A4 ART. 2350  S-Hook, symmetric;5;423505;
1139;A4;ART. 2350;A4 ART. 2350  S-Hook, symmetric;6;423506;
1139;A4;ART. 2350;A4 ART. 2350  S-Hook, symmetric;8;423508;
1139;A4;ART. 2355;A4 ART. 2355  Sliding nut type 41/41 part.serration;8 s=6 mm;423558-6;
1139;A4;ART. 2355;A4 ART. 2355  Sliding nut type 41/41 part.serration;8 s=8 mm;423558-8;
1139;A2;ART. 2355;A2 ART. 2355  Sliding nut type 41/41 part.serration;8 s=6 mm;223558-6;
1139;A2;ART. 2355;A2 ART. 2355  Sliding nut type 41/41 part.serration;8 s=8 mm;223558-8;
1139;A4;DIN 435;A4 DIN 435  Square taper washers for L sections;8;404358;
1139;A4;DIN 435;A4 DIN 435  Square taper washers for L sections;10;4043510;
1139;A4;DIN 435;A4 DIN 435  Square taper washers for L sections;12;4043512;
